Time,HR,BR,SkinTemp,Posture,Activity,PeakAccel,BatteryVolts,BatteryLevel,BRAmplitude,BRNoise,BRConfidence,ECGAmplitude,ECGNoise,HRConfidence,HRV,SystemConfidence,GSR,ROGState,ROGTime,VerticalMin,VerticalPeak,LateralMin,LateralPeak,SagittalMin,SagittalPeak,DeviceTemp,StatusInfo,LinkQuality,RSSI,TxPower,CoreTemp,AuxADC1,AuxADC2,AuxADC3
23/09/2019 09:23:38.410,65,8.1,-3276.8,-43,0.58,1.02,3.823,37,5351.000,65535.000,255,0.000000,0.000000,0,65535,0,65535,1,2,-1.25,-0.51,-0.21,0.62,-0.15,0.32,23.9,528,255,-128,-128,6553.5,413,420,496
23/09/2019 09:23:39.410,65,8.1,-3276.8,-24,0.41,0.63,3.788,31,4827.000,65535.000,255,0.000000,0.000220,0,65535,0,65535,1,3,-1.06,-0.85,-0.18,0.44,-0.12,0.10,23.9,528,255,-128,-128,6553.5,410,414,491
23/09/2019 09:23:40.410,65,7.3,-3276.8,16,0.21,0.28,3.764,27,4260.000,65535.000,255,0.003520,0.000400,0,65535,0,65535,1,4,-1.03,-0.78,0.09,0.25,-0.13,0.04,23.9,528,255,-128,-128,6553.5,415,421,496
23/09/2019 09:23:41.410,65,7.3,-3276.8,-13,0.14,0.40,3.745,24,3685.000,65535.000,255,0.003520,0.000180,0,65535,0,65535,1,5,-1.07,-0.65,0.00,0.44,-0.15,0.46,23.9,528,255,-128,-128,6553.5,416,423,497
23/09/2019 09:23:42.410,65,7.6,-3276.8,-9,0.10,0.15,3.735,22,3217.000,65535.000,255,0.001100,0.000080,0,65535,0,65535,1,6,-1.03,-0.90,0.04,0.14,0.00,0.14,23.9,528,255,-128,-128,6553.5,415,422,496
23/09/2019 09:23:43.410,65,7.6,-3276.8,-7,0.08,0.16,3.734,22,2766.000,65535.000,255,0.001100,0.000020,0,65535,0,65535,1,7,-1.03,-0.93,-0.01,0.10,0.01,0.14,23.9,528,255,-128,-128,6553.5,415,422,496
23/09/2019 09:23:44.410,65,7.8,-3276.8,-6,0.05,0.08,3.744,24,2435.000,65535.000,255,0.000000,0.000000,0,65535,0,65535,1,8,-1.02,-0.92,0.01,0.09,0.04,0.14,23.9,528,255,-128,-128,6553.5,415,422,496
23/09/2019 09:23:45.410,0,7.8,-3276.8,-7,0.02,0.04,3.754,25,2104.000,65535.000,255,0.000800,0.000000,0,65535,0,65535,1,9,-1.01,-0.93,0.03,0.08,0.06,0.14,23.9,531,255,-128,-128,6553.5,415,421,496
23/09/2019 09:23:46.410,0,8.1,-3276.8,-13,0.21,2.53,3.764,27,1842.000,65535.000,255,0.000800,0.000000,0,65535,0,65535,0,0,-1.36,1.01,-0.10,2.83,0.06,1.46,23.9,528,255,-128,-128,6553.5,415,423,496
23/09/2019 09:23:47.410,0,8.1,-3276.8,-42,0.75,1.18,3.774,29,1707.000,65535.000,255,0.000800,0.000000,0,65535,0,65535,3,0,-0.49,0.24,-0.16,0.98,0.50,1.03,23.9,528,255,-128,-128,6553.5,416,422,496
23/09/2019 09:23:48.410,0,8.4,-3276.8,-44,0.33,0.75,3.769,28,1522.000,65535.000,255,0.000800,0.000000,0,65535,0,65535,3,1,-1.22,-0.14,-0.48,0.72,0.28,0.79,23.9,528,255,-128,-128,6553.5,426,434,502
23/09/2019 09:23:49.410,0,8.4,-3276.8,-24,0.53,0.93,3.739,23,1380.000,65535.000,255,0.000800,0.000000,0,65535,0,65535,3,2,-1.42,-0.72,-0.44,0.44,-0.42,0.45,23.9,528,255,-128,-128,6553.5,415,420,496
23/09/2019 09:23:50.410,0,8.7,-3276.8,-9,0.42,0.83,3.709,18,1249.000,65535.000,255,0.000800,0.000000,0,65535,0,65535,3,3,-1.37,-0.71,-0.68,1.04,-0.30,0.38,23.9,528,255,-128,-128,6553.5,406,417,494
23/09/2019 09:23:51.410,0,8.7,-3276.8,-5,0.29,0.83,3.692,15,1098.000,65535.000,255,0.000800,0.000000,0,65535,0,65535,3,4,-1.69,-0.67,-0.51,0.16,-0.45,0.04,23.9,528,255,-128,-128,6553.5,414,422,496
23/09/2019 09:23:52.410,57,9.0,-3276.8,6,0.19,0.33,3.689,14,1020.000,65535.000,255,0.000800,0.001000,0,65535,0,65535,3,5,-1.10,-0.84,-0.25,0.04,-0.39,0.07,23.9,528,255,-128,-128,6553.5,415,422,496
23/09/2019 09:23:53.410,53,9.0,-3276.8,10,0.10,0.16,3.693,15,904.000,65535.000,255,0.008700,0.000800,0,65535,0,65535,1,0,-1.04,-0.91,-0.16,-0.03,-0.28,-0.06,23.9,528,255,-128,-128,6553.5,415,422,496
23/09/2019 09:23:54.410,51,9.2,-3276.8,10,0.04,0.12,3.710,18,800.000,65535.000,255,0.008700,0.000880,0,65535,0,65535,1,1,-1.10,-0.93,-0.19,-0.02,-0.21,-0.04,23.9,528,255,-128,-128,6553.5,415,422,496
23/09/2019 09:23:55.410,51,9.2,-3276.8,10,0.12,0.51,3.729,21,693.000,65535.000,255,0.008700,0.004020,0,65535,0,65535,1,2,-1.19,-0.45,-0.34,0.00,-0.53,0.12,23.9,528,255,-128,-128,6553.5,415,421,496
23/09/2019 09:23:56.410,50,9.3,-3276.8,11,0.06,0.13,3.743,23,607.000,65535.000,255,0.008700,0.002360,0,65535,0,65535,1,3,-1.04,-0.92,-0.31,-0.04,-0.22,-0.03,23.9,528,255,-128,-128,6553.5,415,422,496
23/09/2019 09:23:57.410,50,9.3,-3276.8,11,0.05,0.13,3.753,25,527.000,65535.000,255,0.007940,0.001260,0,65535,0,65535,1,4,-1.04,-0.87,-0.21,-0.07,-0.27,-0.03,23.9,528,255,-128,-128,6553.5,415,422,495
23/09/2019 09:23:58.410,50,9.4,-3276.8,11,0.06,0.10,3.759,26,463.000,65535.000,255,0.007940,0.000580,0,65535,0,65535,1,5,-1.03,-0.93,-0.25,-0.14,-0.19,-0.01,23.9,528,255,-128,-128,6553.5,415,422,496
23/09/2019 09:23:59.410,50,9.4,-3276.8,11,0.06,0.19,3.750,25,412.000,65535.000,255,0.001260,0.000420,0,65535,0,65535,1,6,-1.04,-0.95,-0.25,-0.15,-0.16,0.14,23.9,528,255,-128,-128,6553.5,419,425,499
23/09/2019 09:24:00.410,50,9.5,-3276.8,12,0.04,0.13,3.740,23,363.000,65535.000,255,0.001260,0.000340,0,65535,0,65535,1,7,-1.09,-0.95,-0.28,-0.15,-0.15,0.09,23.9,528,255,-128,-128,6553.5,415,422,496
23/09/2019 09:24:01.410,42,9.5,-3276.8,12,0.05,0.18,3.718,19,314.000,65535.000,255,0.000840,0.000980,0,65535,0,65535,1,8,-1.07,-0.91,-0.28,-0.13,-0.14,0.14,23.9,528,255,-128,-128,6553.5,405,404,475
23/09/2019 09:24:02.410,38,9.5,-3276.8,11,0.09,0.27,3.688,14,276.000,65535.000,255,0.000840,0.000660,0,65535,0,65535,1,9,-1.30,-0.79,-0.33,0.06,-0.10,0.09,23.9,528,255,-128,-128,6553.5,416,422,496
23/09/2019 09:24:03.410,36,9.5,-3276.8,9,0.07,0.22,3.670,11,248.000,65535.000,255,0.000840,0.000280,0,65535,0,65535,3,0,-1.15,-0.86,-0.20,0.02,-0.21,0.10,23.9,528,255,-128,-128,6553.5,415,422,496
23/09/2019 09:24:04.410,36,9.5,-3276.8,7,0.19,0.72,3.679,13,219.000,65535.000,255,0.000840,0.000120,0,65535,0,65535,3,1,-1.69,-0.22,-0.18,0.40,-0.37,0.03,23.9,528,255,-128,-128,6553.5,415,422,496
23/09/2019 09:24:05.410,35,9.5,-3276.8,8,0.07,0.15,3.694,15,194.000,65535.000,255,0.000100,0.000220,0,65535,0,65535,3,2,-1.04,-0.89,-0.27,-0.02,-0.24,-0.06,23.9,528,254,0,12,6553.5,415,422,496
23/09/2019 09:24:06.410,35,9.5,-3276.8,10,0.05,0.18,3.714,19,170.000,65535.000,255,0.000100,0.000220,0,65535,0,65535,3,3,-1.15,-0.86,-0.18,0.04,-0.24,-0.06,23.9,528,254,-2,12,6553.5,416,422,496
23/09/2019 09:24:07.410,35,9.5,-3276.8,7,0.16,0.33,3.734,22,148.000,65535.000,255,0.000100,0.000280,0,65535,0,65535,3,4,-1.16,-0.74,-0.04,0.26,-0.24,0.03,23.9,528,254,0,12,6553.5,416,422,496
23/09/2019 09:24:08.410,35,9.6,-3276.8,9,0.16,0.33,3.747,24,141.000,65535.000,255,0.000100,0.000640,0,65535,0,65535,3,5,-1.16,-0.74,-0.04,0.26,-0.24,0.03,23.9,528,254,0,12,6553.5,415,422,496
23/09/2019 09:24:09.410,35,9.6,-3276.8,8,0.08,0.28,3.746,24,135.000,65535.000,255,0.000100,0.000440,0,65535,0,65535,3,6,-1.25,-0.77,-0.01,0.21,-0.24,0.03,23.9,528,254,-3,12,6553.5,415,422,495
23/09/2019 09:24:10.410,35,9.7,-3276.8,9,0.10,0.24,3.736,22,138.000,65535.000,255,0.000100,0.001040,0,65535,0,65535,3,7,-1.21,-0.81,-0.19,0.08,-0.31,0.00,24.0,528,254,-16,12,6553.5,415,422,496
23/09/2019 09:24:11.410,0,9.7,-3276.8,9,0.09,0.19,3.726,21,137.000,65535.000,255,0.000800,0.000820,0,65535,0,65535,3,8,-1.16,-0.79,-0.14,0.12,-0.34,0.03,24.0,528,254,-8,12,6553.5,424,432,505
23/09/2019 09:24:12.410,0,9.9,-3276.8,7,0.07,0.15,3.719,19,124.000,65535.000,255,0.000800,0.001440,0,65535,0,65535,3,9,-1.06,-0.87,-0.07,0.10,-0.31,0.01,24.0,528,254,-4,12,6553.5,415,421,496
23/09/2019 09:24:13.410,0,9.9,-3276.8,6,0.09,0.27,3.716,19,111.000,65535.000,255,0.000800,0.000820,0,65535,0,65535,3,10,-1.13,-0.86,-0.10,0.07,-0.19,0.15,24.0,528,254,-5,12,6553.5,411,421,480
23/09/2019 09:24:14.410,57,10.6,-3276.8,5,0.04,0.21,3.706,17,99.000,65535.000,255,0.000800,0.001220,0,65535,0,65535,3,11,-1.19,-0.89,-0.12,0.06,-0.26,0.10,24.0,528,254,-5,12,6553.5,416,421,496
23/09/2019 09:24:15.410,54,10.6,-3276.8,5,0.08,0.13,3.696,16,87.000,65535.000,255,0.008580,0.001020,0,65535,0,65535,1,0,-1.08,-0.92,-0.10,0.03,-0.19,0.06,24.0,528,254,-3,12,6553.5,415,421,496
23/09/2019 09:24:16.410,53,11.2,-3276.8,8,0.09,0.18,3.692,15,79.000,65535.000,255,0.008580,0.001880,0,65535,0,65535,1,1,-1.04,-0.93,-0.24,-0.07,-0.18,0.00,24.0,528,254,0,12,6553.5,415,422,496
23/09/2019 09:24:17.410,53,11.2,-3276.8,10,0.07,0.13,3.704,17,69.000,65535.000,255,0.007800,0.001060,0,65535,0,65535,1,2,-1.04,-0.93,-0.26,-0.12,-0.15,-0.03,24.0,528,254,-2,12,6553.5,415,421,496
23/09/2019 09:24:18.410,52,11.9,-3276.8,11,0.06,0.14,3.723,20,61.000,65535.000,255,0.007800,0.000660,0,65535,0,65535,1,3,-1.12,-0.87,-0.24,-0.07,-0.21,-0.02,24.0,528,254,-2,12,6553.5,415,421,496
23/09/2019 09:24:19.410,52,11.9,-3276.8,12,0.07,0.15,3.727,21,57.000,65535.000,255,0.002300,0.000660,0,65535,0,65535,1,4,-1.12,-0.90,-0.28,-0.07,-0.27,-0.06,24.1,528,254,-5,12,6553.5,415,421,496
23/09/2019 09:24:20.410,47,12.6,-3276.8,11,0.10,0.19,3.726,21,53.000,65535.000,255,0.002300,0.000800,0,65535,0,65535,1,5,-1.12,-0.83,-0.33,-0.03,-0.30,0.00,24.1,528,254,0,12,6553.5,416,422,496
23/09/2019 09:24:21.410,42,12.6,-3276.8,7,0.16,0.45,3.720,20,51.000,65535.000,255,0.002300,0.000440,0,65535,0,65535,1,6,-1.61,-0.75,-0.25,0.15,-0.30,0.10,24.1,528,254,-8,12,6553.5,416,422,495
23/09/2019 09:24:22.410,39,13.3,-3276.8,6,0.10,0.31,3.716,19,50.000,65535.000,255,0.002300,0.000680,0,65535,0,65535,1,7,-1.14,-0.71,-0.09,0.27,-0.26,0.02,24.1,528,254,0,12,6553.5,419,427,498
23/09/2019 09:24:23.410,38,13.3,-3276.8,6,0.05,0.12,3.713,18,57.000,65535.000,255,0.002100,0.000700,0,65535,0,65535,3,0,-1.09,-0.87,-0.12,0.01,-0.19,0.01,24.1,528,254,0,12,6553.5,415,421,495
23/09/2019 09:24:24.410,33,13.9,-3276.8,7,0.05,0.12,3.718,19,54.000,65535.000,255,0.002100,0.000700,0,65535,0,65535,3,1,-1.09,-0.89,-0.20,0.03,-0.21,-0.03,24.1,528,254,0,12,6553.5,406,413,486
23/09/2019 09:24:25.410,27,13.9,-3276.8,8,0.09,0.18,3.728,21,49.000,65535.000,255,0.002100,0.000460,0,65535,0,65535,3,2,-1.12,-0.86,-0.24,0.02,-0.24,-0.02,24.1,528,254,0,12,6553.5,421,412,490
23/09/2019 09:24:26.410,24,14.5,-3276.8,8,0.08,0.18,3.735,22,43.000,65535.000,255,0.002100,0.000360,0,65535,0,65535,3,3,-1.18,-0.81,-0.18,-0.03,-0.22,-0.04,24.1,528,254,0,12,6553.5,415,422,496
23/09/2019 09:24:27.410,23,14.5,-3276.8,9,0.07,0.15,3.728,21,41.000,65535.000,255,0.000980,0.000320,0,65535,0,65535,3,4,-1.15,-0.90,-0.21,-0.08,-0.20,0.02,24.1,528,254,-2,12,6553.5,415,422,496
23/09/2019 09:24:28.410,22,15.0,-3276.8,8,0.06,0.21,3.718,19,40.000,65535.000,255,0.000980,0.000960,0,65535,0,65535,3,5,-1.13,-0.93,-0.20,-0.07,-0.21,0.12,24.1,528,254,-9,12,6553.5,416,422,496
23/09/2019 09:24:29.410,22,15.0,-3276.8,10,0.07,0.12,3.706,17,38.000,65535.000,255,0.000980,0.000620,0,65535,0,65535,3,6,-1.08,-0.92,-0.20,-0.08,-0.24,0.00,24.2,528,254,-1,12,6553.5,414,421,496
23/09/2019 09:24:30.410,22,15.5,-3276.8,11,0.07,0.18,3.702,17,38.000,65535.000,255,0.000980,0.001000,0,65535,0,65535,3,7,-1.08,-0.95,-0.26,-0.15,-0.07,0.08,24.2,528,254,0,12,6553.5,415,421,496
23/09/2019 09:24:31.410,22,15.5,-3276.8,-21,0.41,0.39,3.702,17,60.000,65535.000,255,0.000980,0.000800,0,65535,0,65535,3,8,-1.38,-0.69,-0.46,0.02,-0.31,0.26,24.2,528,254,0,12,6553.5,415,422,496
23/09/2019 09:24:32.410,22,15.8,-3276.8,-37,0.63,1.06,3.702,17,128.000,65535.000,255,0.000980,0.000480,0,65535,0,65535,3,9,-0.87,0.01,-1.21,-0.24,0.14,0.81,24.2,528,254,-3,12,6553.5,413,419,495
23/09/2019 09:24:33.410,22,15.8,-3276.8,-41,0.53,0.92,3.702,17,147.000,65535.000,255,0.000980,0.000220,0,65535,0,65535,3,10,-1.83,-0.21,-1.34,0.24,0.26,1.09,24.2,528,254,0,12,6553.5,415,421,496
23/09/2019 09:24:34.410,22,16.2,-3276.8,-47,0.46,0.73,3.707,17,153.000,65535.000,255,0.000980,0.000100,0,65535,0,65535,3,11,-0.92,-0.30,0.06,0.49,0.34,0.81,24.2,528,254,0,12,37.1,420,427,496
23/09/2019 09:24:35.410,22,16.2,-3276.8,-40,0.41,1.25,3.718,19,150.000,65535.000,255,0.000000,0.000040,0,65535,0,65535,3,12,-0.86,0.31,0.07,1.15,0.12,1.10,24.2,528,254,-3,12,37.1,416,423,496
23/09/2019 09:24:36.410,22,16.5,-3276.8,-21,0.47,0.63,3.729,21,142.000,65535.000,255,0.000000,0.000840,0,65535,0,65535,3,13,-1.08,-0.59,-0.36,0.39,-0.20,0.78,24.2,528,254,-6,12,37.1,428,426,497
23/09/2019 09:24:37.410,22,16.5,-3276.8,-5,0.42,1.10,3.739,23,161.000,65535.000,255,0.000000,0.004120,0,65535,0,65535,3,14,-1.24,-0.74,-0.36,0.37,-1.14,0.37,24.2,528,254,0,12,37.1,416,422,496
23/09/2019 09:24:38.410,22,16.8,-3276.8,1,0.23,0.81,3.749,24,170.000,65535.000,255,0.000000,0.001900,0,65535,0,65535,3,15,-1.31,-0.32,-0.55,0.34,-0.66,0.77,24.2,528,254,0,12,37.1,406,407,481
23/09/2019 09:24:39.410,22,16.8,-3276.8,4,0.08,0.40,3.746,24,163.000,65535.000,255,0.000000,0.001520,0,65535,0,65535,3,16,-1.04,-0.89,-0.22,0.08,-0.34,0.00,24.3,528,254,0,12,37.1,415,423,496
23/09/2019 09:24:40.410,22,17.0,-3276.8,4,0.07,0.14,3.719,19,144.000,65535.000,255,0.000000,0.001760,0,65535,0,65535,3,17,-1.04,-0.91,-0.06,0.07,-0.21,-0.02,24.3,528,254,-3,12,37.1,415,421,496
23/09/2019 09:24:41.410,22,17.0,-3276.8,3,0.12,0.27,3.689,14,130.000,65535.000,255,0.000000,0.001820,0,65535,0,65535,3,18,-1.30,-0.87,-0.12,0.30,-0.28,0.15,24.3,528,254,0,12,37.1,421,427,499
23/09/2019 09:24:42.410,22,17.2,-3276.8,-1,0.11,0.67,3.678,13,116.000,65535.000,255,0.000000,0.002520,0,65535,0,65535,3,19,-1.72,-0.55,-0.16,0.15,-0.06,0.19,24.3,528,254,0,12,37.1,416,422,496
23/09/2019 09:24:43.410,0,17.2,-3276.8,-2,0.06,0.13,3.678,13,104.000,65535.000,255,0.000800,0.003780,0,65535,0,65535,3,20,-1.04,-0.92,-0.14,-0.01,-0.10,0.13,24.3,528,254,0,12,37.1,415,422,496
23/09/2019 09:24:44.410,65,17.5,-3276.8,-4,0.04,0.10,3.683,13,92.000,65535.000,255,0.000800,0.003640,0,65535,0,65535,3,21,-1.04,-0.96,-0.13,-0.03,-0.02,0.12,24.3,528,254,0,12,37.1,415,421,495
23/09/2019 09:24:45.410,82,17.5,-3276.8,-4,0.05,0.20,3.701,16,90.000,65535.000,255,0.030080,0.003220,2,65535,0,65535,1,0,-1.03,-0.93,-0.14,-0.02,-0.01,0.32,24.3,528,254,0,12,37.1,415,421,496
23/09/2019 09:24:46.410,91,17.7,-3276.8,-5,0.05,0.15,3.719,19,96.000,65535.000,255,0.030080,0.005000,14,65535,0,65535,1,1,-1.10,-0.93,-0.15,0.00,-0.14,0.26,24.3,528,254,0,12,37.1,415,422,496
23/09/2019 09:24:47.410,95,17.7,-3276.8,-4,0.09,0.10,3.733,22,98.000,65535.000,255,0.015500,0.003920,25,65535,100,65535,1,2,-1.09,-0.92,-0.13,0.01,-0.02,0.18,24.3,512,254,0,12,37.1,415,422,496
23/09/2019 09:24:48.410,97,17.8,-3276.8,5,0.22,1.14,3.743,23,94.000,65535.000,255,0.015500,0.003220,34,65535,100,65535,1,3,-2.36,-0.53,-0.95,1.21,-0.50,0.22,24.3,512,254,0,12,37.1,418,425,497
23/09/2019 09:24:49.410,98,17.8,-3276.8,8,0.09,0.46,3.753,25,96.000,65535.000,255,0.019560,0.002420,42,65535,100,65535,1,4,-1.04,-0.89,-0.31,-0.01,-0.59,-0.01,24.3,512,254,0,12,37.1,415,422,497
23/09/2019 09:24:50.410,98,17.9,-3276.8,8,0.06,0.18,3.763,27,85.000,65535.000,255,0.019560,0.001500,50,65535,100,65535,1,5,-1.06,-0.83,-0.15,0.04,-0.24,0.01,24.3,512,254,0,12,37.1,406,411,487
23/09/2019 09:24:51.410,98,17.9,-3276.8,7,0.18,1.74,3.772,28,75.000,65535.000,255,0.009900,0.001940,56,65535,100,65535,1,6,-2.16,1.22,-1.55,0.12,-0.26,0.59,24.3,512,254,0,12,37.1,423,419,496
23/09/2019 09:24:52.410,98,18.1,-3276.8,5,0.10,0.36,3.764,27,68.000,65535.000,255,0.009900,0.001240,61,65535,100,65535,1,7,-1.34,-0.67,-0.25,0.10,-0.50,0.14,24.3,512,254,0,12,37.1,415,421,496
23/09/2019 09:24:53.410,98,18.1,-3276.8,6,0.09,0.31,3.744,24,61.000,65535.000,255,0.002880,0.000960,66,65535,100,65535,1,8,-1.31,-0.80,-0.25,-0.02,-0.04,0.15,24.3,512,254,-2,12,37.1,415,422,496
23/09/2019 09:24:54.410,98,18.2,-3276.8,-3,0.12,0.71,3.726,21,65.000,65535.000,255,0.002880,0.000660,58,65535,100,65535,1,9,-2.12,-0.61,-0.36,0.10,-0.18,0.13,24.3,512,254,0,12,37.1,416,422,496
23/09/2019 09:24:55.410,98,18.2,-3276.8,2,0.07,0.22,3.727,21,76.000,65535.000,255,0.002240,0.000640,51,65535,100,65535,1,10,-1.15,-0.79,-0.10,0.14,-0.12,0.10,24.3,512,254,0,12,37.1,408,415,495
23/09/2019 09:24:56.410,98,18.3,-3276.8,2,0.06,0.14,3.737,22,70.000,65535.000,255,0.002240,0.000580,45,65535,100,65535,1,11,-1.06,-0.87,-0.10,0.07,-0.16,0.06,24.3,512,254,-5,12,37.1,416,423,496
23/09/2019 09:24:57.410,98,18.3,-3276.8,3,0.06,0.13,3.747,24,64.000,65535.000,255,0.002240,0.000500,39,65535,100,65535,1,12,-1.08,-0.90,-0.13,0.13,-0.15,0.10,24.3,512,254,0,12,37.1,416,422,496
23/09/2019 09:24:58.410,99,18.3,-3276.8,5,0.06,0.12,3.757,26,56.000,65535.000,255,0.002240,0.000400,34,65535,100,65535,1,13,-1.04,-0.93,-0.18,-0.09,-0.13,0.04,24.3,512,254,-1,12,37.1,415,421,496
23/09/2019 09:24:59.410,98,18.3,-3276.8,6,0.03,0.07,3.766,27,49.000,65535.000,255,0.002740,0.000300,36,65535,100,65535,1,14,-1.06,-0.93,-0.16,-0.06,-0.12,0.03,24.3,512,254,0,12,37.1,416,423,495
23/09/2019 09:25:00.410,98,18.4,-3276.8,7,0.06,0.18,3.772,28,45.000,65535.000,255,0.002740,0.000300,37,65535,100,65535,1,15,-1.10,-0.89,-0.21,0.00,-0.20,0.13,24.3,512,254,0,12,37.1,414,421,496
23/09/2019 09:25:01.410,96,18.4,-3276.8,7,0.11,0.37,3.776,29,49.000,65535.000,255,0.002580,0.000260,45,65535,100,65535,1,16,-1.20,-0.68,-0.25,-0.02,-0.27,0.10,24.3,512,254,0,12,37.1,415,422,496
23/09/2019 09:25:02.410,94,18.5,-3276.8,12,0.19,0.60,3.776,29,56.000,65535.000,255,0.002580,0.000220,52,65535,100,65535,1,17,-1.26,-0.68,-0.34,0.03,-0.63,0.13,24.3,512,254,0,12,37.1,417,424,496
23/09/2019 09:25:03.410,93,18.5,-3276.8,16,0.26,0.40,3.776,29,52.000,65535.000,255,0.002500,0.000260,58,65535,100,65535,1,18,-1.06,-0.69,-0.39,0.08,-0.45,0.14,24.3,512,254,0,12,37.1,429,428,501
23/09/2019 09:25:04.410,92,18.5,-3276.8,21,0.26,0.55,3.776,29,52.000,65535.000,255,0.002500,0.000300,63,65535,100,65535,1,19,-1.20,-0.69,-0.46,-0.19,-0.77,-0.04,24.3,512,254,0,12,37.1,416,421,496
23/09/2019 09:25:05.410,92,18.5,-3276.8,10,0.31,0.50,3.762,27,50.000,65535.000,255,0.002420,0.000300,68,65535,100,65535,1,20,-1.09,-0.81,-0.31,0.15,-0.31,0.19,24.3,512,254,0,12,37.1,399,398,468
23/09/2019 09:25:06.410,92,18.4,-3276.8,4,0.17,0.31,3.742,23,46.000,65535.000,255,0.002420,0.000260,72,65535,100,65535,1,21,-1.04,-0.91,-0.07,0.03,-0.01,0.18,24.3,512,254,0,12,37.1,428,418,504
23/09/2019 09:25:07.410,90,18.4,-3276.8,-7,0.14,0.26,3.728,21,41.000,65535.000,255,0.002160,0.000460,75,65535,100,65535,1,22,-1.07,-0.90,-0.31,0.07,-0.03,0.18,24.3,512,254,0,12,37.1,415,423,496
23/09/2019 09:25:08.410,89,18.4,-3276.8,-10,0.09,0.16,3.732,22,37.000,65535.000,255,0.002160,0.000500,75,65535,100,65535,1,23,-1.04,-0.90,-0.28,-0.13,0.01,0.15,24.3,512,254,0,12,37.1,415,421,496
23/09/2019 09:25:09.410,85,18.4,-3276.8,-10,0.05,0.10,3.742,23,36.000,65535.000,255,0.002180,0.000400,78,65535,100,65535,1,24,-1.08,-0.91,-0.22,-0.07,0.03,0.15,24.3,512,254,0,12,37.1,416,422,496
23/09/2019 09:25:10.410,80,18.3,-3276.8,-11,0.03,0.07,3.752,25,32.000,65535.000,255,0.002180,0.000460,81,65535,100,65535,1,25,-1.04,-0.92,-0.21,-0.10,0.03,0.15,24.3,512,254,0,12,37.1,415,421,496
23/09/2019 09:25:11.410,79,18.3,-3276.8,-11,0.04,0.13,3.762,27,29.000,65535.000,255,0.002220,0.000520,81,65535,100,65535,1,26,-1.08,-0.86,-0.25,-0.06,0.00,0.15,24.3,512,254,0,12,37.1,414,420,496
23/09/2019 09:25:12.410,80,18.3,-3276.8,-10,0.07,0.21,3.770,28,32.000,65535.000,255,0.002220,0.000380,82,65535,100,65535,1,27,-1.16,-0.83,-0.28,0.03,0.01,0.21,24.3,512,254,0,12,37.1,414,421,496
23/09/2019 09:25:13.410,83,18.3,-3276.8,-11,0.04,0.08,3.773,28,33.000,65535.000,255,0.002280,0.000520,85,65535,100,65535,1,28,-1.03,-0.90,-0.18,-0.07,0.13,0.20,24.3,512,254,0,12,37.1,416,422,496
23/09/2019 09:25:14.410,83,18.3,-3276.8,-10,0.04,0.12,3.774,29,43.000,65535.000,255,0.002280,0.000400,87,65535,100,65535,1,29,-1.06,-0.86,-0.15,-0.04,0.10,0.20,24.3,512,254,0,12,37.1,394,398,491
23/09/2019 09:25:15.410,84,18.3,-3276.8,-10,0.03,0.10,3.775,29,42.000,65535.000,255,0.002280,0.000300,88,65535,100,65535,1,30,-1.14,-0.91,-0.18,-0.04,0.07,0.20,24.3,512,254,0,12,37.1,416,421,496
23/09/2019 09:25:16.410,86,18.3,-3276.8,-11,0.03,0.16,3.776,29,40.000,65535.000,255,0.002280,0.000280,90,65535,100,65535,1,31,-1.03,-0.91,-0.24,0.09,0.13,0.32,24.3,512,254,0,12,37.1,415,422,496
23/09/2019 09:25:17.410,88,18.3,-3276.8,-11,0.04,0.09,3.773,28,39.000,65535.000,255,0.002240,0.000220,91,65535,100,65535,1,32,-1.08,-0.87,-0.24,-0.08,0.12,0.19,24.3,512,254,0,12,37.1,415,423,496
23/09/2019 09:25:18.410,84,18.3,-3276.8,-13,0.02,0.08,3.756,26,37.000,65535.000,255,0.002240,0.000180,92,65535,100,65535,1,33,-1.04,-0.92,-0.25,-0.10,0.13,0.20,24.3,512,254,0,12,37.1,415,422,496
23/09/2019 09:25:19.410,82,18.3,-3276.8,-12,0.02,0.08,3.736,22,42.000,65535.000,255,0.002340,0.000140,93,65535,100,65535,1,34,-1.03,-0.89,-0.20,-0.12,0.13,0.18,24.3,512,254,0,12,37.1,416,422,496
23/09/2019 09:25:20.410,79,18.2,-3276.8,-12,0.01,0.03,3.728,21,37.000,65535.000,255,0.002340,0.000120,94,65535,100,65535,1,35,-1.02,-0.93,-0.19,-0.12,0.14,0.18,24.3,512,254,0,12,37.1,416,424,496
23/09/2019 09:25:21.410,78,18.2,-3276.8,-12,0.01,0.04,3.736,22,41.000,65535.000,255,0.002280,0.000100,95,65535,100,65535,1,36,-1.02,-0.93,-0.19,-0.10,0.14,0.18,24.3,512,254,0,12,37.1,420,430,499
23/09/2019 09:25:22.410,74,18.2,-3276.8,-11,0.02,0.04,3.746,24,38.000,65535.000,255,0.002280,0.000100,96,65535,100,65535,1,37,-1.02,-0.95,-0.15,-0.09,0.14,0.18,24.3,512,254,0,12,37.1,425,429,497
23/09/2019 09:25:23.410,73,18.2,-3276.8,-12,0.02,0.06,3.756,26,37.000,65535.000,255,0.002140,0.000120,96,65535,100,65535,1,38,-1.03,-0.93,-0.21,-0.12,0.14,0.19,24.3,512,254,0,12,37.1,415,422,496
23/09/2019 09:25:24.410,77,18.2,-3276.8,-13,0.03,0.10,3.766,27,36.000,65535.000,255,0.002140,0.000120,97,65535,100,65535,1,39,-1.03,-0.93,-0.24,-0.12,0.04,0.20,24.3,512,254,0,12,37.1,415,421,496
23/09/2019 09:25:25.410,79,18.2,-3276.8,-14,0.03,0.07,3.770,28,34.000,65535.000,255,0.002120,0.000100,97,65535,100,65535,1,40,-1.03,-0.95,-0.26,-0.16,0.13,0.16,24.3,512,254,0,12,37.1,402,403,479
23/09/2019 09:25:26.410,82,18.2,-3276.8,-14,0.02,0.04,3.773,28,33.000,65535.000,255,0.002120,0.000080,97,65535,100,65535,1,41,-1.02,-0.93,-0.25,-0.15,0.14,0.16,24.3,512,254,0,12,37.1,418,428,493
23/09/2019 09:25:27.410,81,18.2,-3276.8,-14,0.01,0.03,3.775,29,31.000,65535.000,255,0.002120,0.000080,98,65535,100,65535,1,42,-1.02,-0.95,-0.25,-0.18,0.13,0.18,24.3,512,254,0,12,37.1,416,421,496
23/09/2019 09:25:28.410,80,18.3,-3276.8,-14,0.01,0.03,3.776,29,30.000,65535.000,255,0.002120,0.000060,98,65535,100,65535,1,43,-1.02,-0.95,-0.25,-0.16,0.13,0.18,24.3,512,254,0,12,37.1,415,422,496
23/09/2019 09:25:29.410,80,18.3,-3276.8,-14,0.01,0.06,3.777,29,29.000,65535.000,255,0.002100,0.000060,98,65535,100,65535,1,44,-1.02,-0.92,-0.26,-0.16,0.13,0.16,24.3,512,254,0,12,37.1,416,422,495
23/09/2019 09:25:30.410,77,18.7,-3276.8,-15,0.01,0.04,3.771,28,29.000,65535.000,255,0.002100,0.000060,99,65535,100,65535,1,45,-1.02,-0.93,-0.26,-0.16,0.12,0.16,24.4,512,254,0,12,37.1,415,421,496
23/09/2019 09:25:31.410,77,18.7,-3276.8,-15,0.02,0.06,3.751,25,27.000,65535.000,255,0.002100,0.000100,99,65535,100,65535,1,46,-1.02,-0.95,-0.26,-0.16,0.12,0.20,24.4,512,254,0,12,37.1,416,422,496
23/09/2019 09:25:32.410,77,19.3,-3276.8,-15,0.02,0.06,3.731,21,28.000,65535.000,255,0.002100,0.000140,99,65535,100,65535,1,47,-1.02,-0.92,-0.27,-0.15,0.14,0.18,24.4,512,254,0,12,37.1,417,423,496
23/09/2019 09:25:33.410,79,19.3,-3276.8,-14,0.03,0.13,3.729,21,28.000,65535.000,255,0.002120,0.000120,99,65535,100,65535,1,48,-1.04,-0.91,-0.27,-0.10,0.03,0.20,24.4,512,254,0,12,37.1,415,422,495
23/09/2019 09:25:34.410,79,17.7,-3276.8,-14,0.03,0.06,3.738,23,26.000,65535.000,255,0.002120,0.000120,99,65535,100,65535,1,49,-1.02,-0.93,-0.22,-0.14,0.12,0.16,24.4,512,254,0,12,36.9,415,421,496
23/09/2019 09:25:35.410,77,17.7,-3276.8,-14,0.02,0.06,3.748,24,33.000,65535.000,255,0.002040,0.000120,99,65535,100,65535,1,50,-1.03,-0.92,-0.25,-0.13,0.12,0.18,24.4,512,254,0,12,36.9,415,422,496
23/09/2019 09:25:36.410,78,16.3,-3276.8,-14,0.01,0.03,3.758,26,33.000,65535.000,255,0.002040,0.000100,99,65535,100,65535,1,51,-1.02,-0.95,-0.24,-0.15,0.14,0.18,24.4,512,254,0,12,36.9,415,421,495
23/09/2019 09:25:37.410,78,16.3,-3276.8,-14,0.01,0.04,3.767,27,32.000,65535.000,255,0.002000,0.000100,99,65535,100,65535,1,52,-1.02,-0.95,-0.25,-0.16,0.13,0.16,24.4,512,254,-2,12,36.9,414,422,496
23/09/2019 09:25:38.410,77,15.2,-3276.8,-14,0.01,0.04,3.771,28,29.000,65535.000,255,0.002000,0.000100,100,65535,100,65535,1,53,-1.04,-0.95,-0.24,-0.15,0.13,0.16,24.4,512,254,0,12,36.9,416,422,496
23/09/2019 09:25:39.410,72,15.2,-3276.8,-14,0.01,0.04,3.767,27,27.000,65535.000,255,0.002040,0.000100,100,65535,100,65535,1,54,-1.02,-0.96,-0.25,-0.15,0.13,0.18,24.5,512,254,0,12,36.9,415,422,496
23/09/2019 09:25:40.410,71,14.4,-3276.8,-15,0.01,0.06,3.757,26,26.000,65535.000,255,0.002040,0.000100,100,65535,100,65535,1,55,-1.02,-0.93,-0.25,-0.16,0.10,0.18,24.5,512,254,0,12,36.9,420,428,500
23/09/2019 09:25:41.410,70,14.4,-3276.8,-14,0.01,0.03,3.747,24,26.000,65535.000,255,0.001980,0.000120,100,65535,100,65535,1,56,-1.03,-0.95,-0.24,-0.15,0.13,0.18,24.5,512,254,0,12,36.9,417,422,495
23/09/2019 09:25:42.410,67,13.7,-3276.8,-14,0.02,0.06,3.736,22,25.000,65535.000,255,0.001980,0.000220,100,65535,100,65535,1,57,-1.02,-0.93,-0.22,-0.13,0.13,0.18,24.6,512,254,0,12,36.9,406,400,487
23/09/2019 09:25:43.410,70,13.7,-3276.8,-14,0.02,0.06,3.710,18,26.000,65535.000,255,0.002000,0.000220,100,65535,100,65535,1,58,-1.02,-0.92,-0.22,-0.14,0.13,0.19,24.7,512,254,0,12,36.9,422,426,500
23/09/2019 09:25:44.410,70,13.2,-3276.8,-14,0.01,0.07,3.688,14,25.000,65535.000,255,0.002000,0.000200,100,65535,100,65535,1,59,-1.12,-0.92,-0.25,-0.13,0.14,0.18,24.7,512,254,0,12,36.9,415,421,496
23/09/2019 09:25:45.410,72,13.2,-3276.8,-14,0.02,0.06,3.680,13,25.000,65535.000,255,0.001900,0.000160,100,65535,100,65535,1,60,-1.02,-0.93,-0.21,-0.12,0.12,0.18,24.7,512,254,0,12,36.9,415,420,496
23/09/2019 09:25:46.410,70,11.9,-3276.8,-14,0.02,0.07,3.690,15,24.000,65535.000,255,0.001900,0.000140,100,65535,100,65535,1,61,-1.03,-0.93,-0.24,-0.13,0.09,0.18,24.7,512,254,0,12,36.9,415,421,496
23/09/2019 09:25:47.410,72,11.9,-3276.8,-14,0.02,0.04,3.710,18,23.000,65535.000,255,0.001920,0.000120,100,65535,100,65535,1,62,-1.02,-0.95,-0.24,-0.15,0.14,0.18,24.7,512,254,0,12,36.9,415,420,496
23/09/2019 09:25:48.410,72,10.7,-3276.8,-14,0.01,0.04,3.726,21,24.000,65535.000,255,0.001920,0.000120,100,65535,100,65535,1,63,-1.03,-0.93,-0.25,-0.18,0.13,0.18,24.7,512,254,0,12,36.9,415,421,494
23/09/2019 09:25:49.410,73,10.7,-3276.8,-15,0.02,0.04,3.737,22,28.000,65535.000,255,0.002020,0.000120,100,65535,100,65535,1,64,-1.03,-0.93,-0.25,-0.18,0.13,0.18,24.7,512,254,0,12,36.9,415,421,496
23/09/2019 09:25:50.410,71,9.9,-3276.8,-15,0.01,0.06,3.747,24,25.000,65535.000,255,0.002020,0.000100,100,65535,100,65535,1,65,-1.02,-0.92,-0.25,-0.16,0.13,0.18,24.7,512,215,0,12,36.9,415,422,496
23/09/2019 09:25:51.410,68,9.9,-3276.8,-15,0.01,0.04,3.757,26,26.000,65535.000,255,0.001980,0.000080,100,65535,100,65535,1,66,-1.03,-0.93,-0.24,-0.16,0.14,0.18,24.7,512,254,0,12,36.9,415,421,496
23/09/2019 09:25:52.410,67,9.5,-3276.8,-15,0.01,0.03,3.767,27,25.000,65535.000,255,0.001980,0.000080,100,65535,100,65535,1,67,-1.02,-0.93,-0.25,-0.16,0.14,0.18,24.7,512,254,0,12,36.9,415,421,496
23/09/2019 09:25:53.410,65,9.5,-3276.8,-15,0.01,0.04,3.771,28,25.000,65535.000,255,0.001980,0.000080,100,65535,100,65535,1,68,-1.03,-0.93,-0.25,-0.16,0.14,0.18,24.7,512,254,0,12,36.9,415,422,495
23/09/2019 09:25:54.410,67,9.2,-3276.8,-15,0.01,0.04,3.772,28,25.000,65535.000,255,0.001980,0.000060,100,65535,100,65535,1,69,-1.02,-0.92,-0.24,-0.16,0.14,0.18,24.7,512,254,0,12,36.9,417,424,496
23/09/2019 09:25:55.410,67,9.2,-3276.8,-15,0.01,0.04,3.772,28,24.000,65535.000,255,0.002000,0.000060,100,65535,100,65535,1,70,-1.02,-0.93,-0.24,-0.15,0.14,0.19,24.7,512,254,0,12,36.9,417,429,497
23/09/2019 09:25:56.410,66,9.2,-3276.8,-15,0.01,0.04,3.757,26,24.000,65535.000,255,0.002000,0.000060,100,65535,100,65535,1,71,-1.04,-0.93,-0.25,-0.18,0.14,0.18,24.7,512,254,0,12,36.9,416,422,496
23/09/2019 09:25:57.410,67,9.2,-3276.8,-15,0.01,0.13,3.737,22,23.000,65535.000,255,0.001980,0.000060,100,65535,100,65535,1,72,-1.01,-0.92,-0.25,-0.19,-0.03,0.16,24.7,512,254,0,12,36.9,416,423,496
23/09/2019 09:25:58.410,67,9.5,-3276.8,-15,0.01,0.03,3.724,20,23.000,65535.000,255,0.001980,0.000080,100,65535,100,65535,1,73,-1.02,-0.93,-0.25,-0.16,0.14,0.16,24.7,512,254,0,12,36.9,416,422,496
23/09/2019 09:25:59.410,71,9.5,-3276.8,-15,0.01,0.03,3.730,21,22.000,65535.000,255,0.001980,0.000080,100,65535,100,65535,1,74,-1.02,-0.93,-0.25,-0.16,0.12,0.18,24.7,512,254,0,12,36.9,401,415,484
23/09/2019 09:26:00.410,68,10.0,-3276.8,-14,0.01,0.03,3.740,23,21.000,65535.000,255,0.001980,0.000080,100,65535,100,65535,1,75,-1.02,-0.93,-0.24,-0.16,0.13,0.18,24.7,512,254,0,12,36.9,399,405,482
23/09/2019 09:26:01.410,67,10.0,-3276.8,-15,0.01,0.03,3.750,25,21.000,65535.000,255,0.001980,0.000100,100,65535,100,65535,1,76,-1.02,-0.93,-0.25,-0.16,0.12,0.16,24.7,512,254,0,12,36.9,411,413,491
23/09/2019 09:26:02.410,66,10.8,-3276.8,-15,0.01,0.03,3.760,26,21.000,65535.000,255,0.001980,0.000080,100,65535,100,65535,1,77,-1.02,-0.95,-0.26,-0.18,0.14,0.18,24.7,512,254,0,12,36.9,420,427,503
23/09/2019 09:26:03.410,65,10.8,-3276.8,-15,0.01,0.04,3.768,28,21.000,65535.000,255,0.001980,0.000080,100,65535,100,65535,1,78,-1.02,-0.95,-0.26,-0.15,0.14,0.18,24.7,512,254,0,12,36.9,415,422,496
23/09/2019 09:26:04.410,66,11.8,-3276.8,-15,0.01,0.04,3.770,28,21.000,65535.000,255,0.001980,0.000080,100,65535,100,65535,1,79,-1.01,-0.93,-0.24,-0.15,0.14,0.18,24.7,512,254,0,12,36.9,414,421,496
23/09/2019 09:26:05.410,66,11.8,-3276.8,-15,0.01,0.04,3.772,28,21.000,65535.000,255,0.001960,0.000080,100,65535,100,65535,1,80,-1.02,-0.95,-0.26,-0.18,0.13,0.18,24.7,512,254,0,12,36.9,414,421,495
23/09/2019 09:26:06.410,70,12.7,-3276.8,-15,0.02,0.06,3.773,28,21.000,65535.000,255,0.001960,0.000080,100,65535,100,65535,1,81,-1.03,-0.93,-0.28,-0.18,0.13,0.18,24.7,512,254,0,12,36.9,414,420,496
23/09/2019 09:26:07.410,68,12.7,-3276.8,-14,0.01,0.04,3.773,28,20.000,65535.000,255,0.002000,0.000100,100,65535,100,65535,1,82,-1.03,-0.95,-0.26,-0.16,0.13,0.15,24.7,512,254,0,12,36.9,415,421,496
23/09/2019 09:26:08.410,66,13.9,-3276.8,-15,0.01,0.04,3.769,28,22.000,65535.000,255,0.002000,0.000080,100,65535,100,65535,1,83,-1.02,-0.93,-0.24,-0.18,0.13,0.18,24.7,512,254,0,12,36.9,415,420,496
23/09/2019 09:26:09.410,69,13.9,-3276.8,-14,0.01,0.13,3.752,25,21.000,65535.000,255,0.002020,0.000060,100,65535,100,65535,1,84,-1.02,-0.95,-0.25,-0.18,-0.03,0.18,24.7,512,254,0,12,36.9,415,421,496
23/09/2019 09:26:10.410,67,14.9,-3276.8,-14,0.01,0.03,3.732,22,21.000,65535.000,255,0.002020,0.000060,100,65535,100,65535,1,85,-1.03,-0.93,-0.26,-0.18,0.14,0.16,24.7,512,254,0,12,36.9,415,421,496
23/09/2019 09:26:11.410,67,14.9,-3276.8,-15,0.02,0.04,3.726,21,21.000,65535.000,255,0.001980,0.000060,100,65535,100,65535,1,86,-1.02,-0.93,-0.25,-0.18,0.14,0.18,24.7,512,254,0,12,36.9,416,421,496
23/09/2019 09:26:12.410,67,15.8,-3276.8,-15,0.01,0.06,3.734,22,20.000,65535.000,255,0.001980,0.000060,100,65535,100,65535,1,87,-1.01,-0.93,-0.28,-0.18,0.13,0.18,24.7,512,195,0,12,36.9,415,422,495
23/09/2019 09:26:13.410,67,15.8,-3276.8,-15,0.01,0.04,3.744,24,21.000,65535.000,255,0.002000,0.000060,100,65535,100,65535,1,88,-1.02,-0.93,-0.25,-0.16,0.13,0.18,24.7,512,254,0,12,36.9,417,422,496
23/09/2019 09:26:14.410,68,16.9,-3276.8,-15,0.01,0.03,3.754,25,21.000,65535.000,255,0.002000,0.000080,100,65535,100,65535,1,89,-1.02,-0.93,-0.26,-0.18,0.13,0.18,24.7,512,254,0,12,36.9,416,422,495
23/09/2019 09:26:15.410,66,16.9,-3276.8,-15,0.01,0.03,3.764,27,22.000,65535.000,255,0.002000,0.000080,100,65535,100,65535,1,90,-1.01,-0.95,-0.26,-0.18,0.14,0.18,24.7,512,254,0,12,36.9,422,429,498
23/09/2019 09:26:16.410,70,17.9,-3276.8,-15,0.01,0.03,3.769,28,22.000,65535.000,255,0.002000,0.000060,100,65535,100,65535,1,91,-1.03,-0.95,-0.24,-0.18,0.13,0.16,24.7,512,254,0,12,36.9,417,425,503
23/09/2019 09:26:17.410,68,17.9,-3276.8,-15,0.01,0.04,3.771,28,22.000,65535.000,255,0.002000,0.000060,100,65535,100,65535,1,92,-1.02,-0.96,-0.26,-0.16,0.13,0.18,24.7,512,254,0,12,36.9,416,423,496
23/09/2019 09:26:18.410,68,18.5,-3276.8,-15,0.01,0.03,3.772,28,21.000,65535.000,255,0.002000,0.000060,100,65535,100,65535,1,93,-1.02,-0.95,-0.25,-0.18,0.13,0.18,24.7,512,254,0,12,36.9,406,409,471
23/09/2019 09:26:19.410,68,18.5,-3276.8,-15,0.01,0.10,3.774,29,21.000,65535.000,255,0.002040,0.000060,100,65535,100,65535,1,94,-1.02,-0.92,-0.25,-0.16,0.13,0.33,24.7,512,254,0,12,36.9,417,425,504
23/09/2019 09:26:20.410,70,19.1,-3276.8,-15,0.01,0.03,3.775,29,22.000,65535.000,255,0.002040,0.000060,100,65535,100,65535,1,95,-1.01,-0.93,-0.26,-0.18,0.13,0.16,24.7,512,254,0,12,36.9,415,421,495
23/09/2019 09:26:21.410,70,19.1,-3276.8,-15,0.01,0.04,3.767,27,22.000,65535.000,255,0.002040,0.000060,100,65535,100,65535,1,96,-1.02,-0.95,-0.25,-0.16,0.14,0.16,24.7,512,254,0,12,36.9,414,421,496
23/09/2019 09:26:22.410,69,19.5,-3276.8,-15,0.01,0.03,3.747,24,22.000,65535.000,255,0.002040,0.000060,100,65535,100,65535,1,97,-1.02,-0.93,-0.25,-0.18,0.14,0.18,24.7,512,254,0,12,36.9,415,421,496
23/09/2019 09:26:23.410,71,19.5,-3276.8,-15,0.01,0.06,3.728,21,21.000,65535.000,255,0.002060,0.000060,100,65535,100,65535,1,98,-1.01,-0.93,-0.24,-0.14,0.13,0.18,24.7,512,254,0,12,36.9,415,421,496
23/09/2019 09:26:24.410,70,20.0,-3276.8,-15,0.01,0.03,3.727,21,21.000,65535.000,255,0.002060,0.000080,100,65535,100,65535,1,99,-1.02,-0.95,-0.25,-0.18,0.13,0.16,24.7,512,254,0,12,36.9,414,421,496
23/09/2019 09:26:25.410,69,20.0,-3276.8,-15,0.01,0.03,3.737,22,20.000,65535.000,255,0.001980,0.000060,100,65535,100,65535,1,100,-1.03,-0.95,-0.25,-0.18,0.14,0.18,24.7,512,254,0,12,36.9,415,421,495
23/09/2019 09:26:26.410,67,20.7,-3276.8,-15,0.02,0.04,3.747,24,19.000,65535.000,255,0.001980,0.000060,100,65535,100,65535,1,101,-1.02,-0.95,-0.26,-0.16,0.13,0.18,24.7,512,254,0,12,36.9,415,420,496
23/09/2019 09:26:27.410,66,20.7,-3276.8,-15,0.01,0.04,3.757,26,21.000,65535.000,255,0.001960,0.000060,100,65535,100,65535,1,102,-1.02,-0.95,-0.25,-0.18,0.14,0.16,24.7,512,254,0,12,36.9,416,421,496
23/09/2019 09:26:28.410,67,21.3,-3276.8,-15,0.01,0.03,3.766,27,21.000,65535.000,255,0.001960,0.000060,100,65535,100,65535,1,103,-1.01,-0.95,-0.26,-0.16,0.14,0.18,24.7,512,254,0,12,36.9,415,422,496
23/09/2019 09:26:29.410,66,21.3,-3276.8,-15,0.01,0.03,3.769,28,21.000,65535.000,255,0.001980,0.000060,100,65535,100,65535,1,104,-1.02,-0.93,-0.25,-0.18,0.14,0.18,24.7,512,254,0,12,36.9,416,422,496
23/09/2019 09:26:30.410,68,21.9,-3276.8,-15,0.01,0.03,3.772,28,21.000,65535.000,255,0.001980,0.000040,100,65535,100,65535,1,105,-1.03,-0.93,-0.26,-0.18,0.13,0.16,24.7,512,254,0,12,36.9,417,423,497
23/09/2019 09:26:31.410,67,21.9,-3276.8,-15,0.01,0.03,3.773,28,21.000,65535.000,255,0.001980,0.000060,100,65535,100,65535,1,106,-1.03,-0.95,-0.27,-0.19,0.14,0.18,24.7,512,254,0,12,36.9,419,429,509
23/09/2019 09:26:32.410,68,22.1,-3276.8,-15,0.01,0.06,3.774,29,23.000,65535.000,255,0.001980,0.000060,100,65535,100,65535,1,107,-1.02,-0.92,-0.25,-0.16,0.13,0.18,24.7,512,254,0,12,36.9,415,422,496
23/09/2019 09:26:33.410,69,22.1,-3276.8,-15,0.01,0.03,3.775,29,23.000,65535.000,255,0.002020,0.000060,100,65535,100,65535,1,108,-1.02,-0.95,-0.25,-0.18,0.13,0.16,24.7,512,254,0,12,36.9,409,419,492
23/09/2019 09:26:34.410,68,22.3,-3276.8,-15,0.01,0.04,3.762,27,25.000,65535.000,255,0.002020,0.000060,100,65535,100,65535,1,109,-1.03,-0.93,-0.26,-0.19,0.14,0.18,24.7,512,254,0,12,36.9,414,421,496
23/09/2019 09:26:35.410,71,22.3,-3276.8,-15,0.01,0.03,3.742,23,34.000,65535.000,255,0.002080,0.000060,100,65535,100,65535,1,110,-1.01,-0.95,-0.26,-0.18,0.14,0.18,24.7,512,254,0,12,36.9,414,421,496
23/09/2019 09:26:36.410,75,22.4,-3276.8,-15,0.01,0.04,3.726,21,33.000,65535.000,255,0.002080,0.000080,100,65535,100,65535,1,111,-1.02,-0.92,-0.25,-0.16,0.12,0.18,24.7,512,254,0,12,36.9,414,421,495
23/09/2019 09:26:37.410,73,22.4,-3276.8,-15,0.01,0.04,3.730,21,34.000,65535.000,255,0.002080,0.000060,100,65535,100,65535,1,112,-1.03,-0.95,-0.26,-0.16,0.13,0.16,24.7,512,254,0,12,36.9,415,420,496
23/09/2019 09:26:38.410,70,22.6,-3276.8,-15,0.01,0.04,3.739,23,33.000,65535.000,255,0.002080,0.000100,100,65535,100,65535,1,113,-1.02,-0.93,-0.26,-0.19,0.14,0.18,24.7,512,254,0,12,36.9,416,422,496
23/09/2019 09:26:39.410,70,22.6,-3276.8,-15,0.01,0.06,3.739,23,34.000,65535.000,255,0.002040,0.000060,100,65535,100,65535,1,114,-1.03,-0.93,-0.25,-0.16,0.14,0.18,24.7,512,254,0,12,36.9,415,422,496
23/09/2019 09:26:40.410,69,22.7,-3276.8,-15,0.01,0.04,3.729,21,34.000,65535.000,255,0.002040,0.000060,100,65535,100,65535,1,115,-1.02,-0.93,-0.26,-0.16,0.12,0.18,24.7,512,254,0,12,36.9,416,421,496
23/09/2019 09:26:41.410,66,22.7,-3276.8,-14,0.01,0.06,3.719,19,33.000,65535.000,255,0.002040,0.000080,100,65535,100,65535,1,116,-1.02,-0.92,-0.25,-0.16,0.14,0.15,24.7,512,254,0,12,36.9,416,421,496
23/09/2019 09:26:42.410,65,22.9,-3276.8,-15,0.01,0.03,3.709,18,31.000,65535.000,255,0.002040,0.000060,100,65535,100,65535,1,117,-1.02,-0.93,-0.26,-0.18,0.13,0.16,24.8,512,254,0,12,36.9,415,423,495
23/09/2019 09:26:43.410,64,22.9,-3276.8,-14,0.01,0.04,3.706,17,31.000,65535.000,255,0.002060,0.000060,100,65535,100,65535,1,118,-1.02,-0.95,-0.25,-0.16,0.13,0.16,24.8,512,254,0,12,36.9,416,422,496
23/09/2019 09:26:44.410,64,22.7,-3276.8,-15,0.01,0.03,3.709,18,28.000,65535.000,255,0.002060,0.000060,100,65535,100,65535,1,119,-1.01,-0.93,-0.25,-0.16,0.13,0.18,24.8,512,254,0,12,36.9,416,422,495
23/09/2019 09:26:45.410,66,22.7,-3276.8,-15,0.01,0.04,3.719,19,28.000,65535.000,255,0.002000,0.000060,100,65535,100,65535,1,120,-1.02,-0.93,-0.25,-0.16,0.13,0.18,24.8,512,75,0,12,36.9,423,428,500
23/09/2019 09:26:46.410,66,22.5,-3276.8,-14,0.01,0.04,3.726,21,26.000,65535.000,255,0.002000,0.000060,100,65535,100,65535,1,121,-1.03,-0.95,-0.25,-0.18,0.13,0.16,24.9,512,0,0,12,36.9,416,422,496
23/09/2019 09:26:47.410,68,22.5,-3276.8,-15,0.01,0.03,3.719,19,25.000,65535.000,255,0.001960,0.000060,100,65535,100,65535,1,122,-1.03,-0.95,-0.25,-0.18,0.13,0.16,24.9,512,254,0,12,36.9,415,422,495
23/09/2019 09:26:48.410,70,22.4,-3276.8,-15,0.01,0.04,3.709,18,24.000,65535.000,255,0.001960,0.000060,100,65535,100,65535,1,123,-1.02,-0.93,-0.26,-0.16,0.13,0.18,24.9,512,254,0,12,36.9,409,418,492
23/09/2019 09:26:49.410,73,22.4,-3276.8,-15,0.01,0.03,3.706,17,23.000,65535.000,255,0.001940,0.000060,100,65535,100,65535,1,124,-1.02,-0.95,-0.26,-0.19,0.12,0.18,24.9,512,254,0,12,36.9,415,422,496
23/09/2019 09:26:50.410,72,22.2,-3276.8,-15,0.02,0.04,3.716,19,24.000,65535.000,255,0.001940,0.000060,100,65535,100,65535,1,125,-1.02,-0.93,-0.22,-0.14,0.13,0.18,24.9,512,254,0,12,36.9,415,421,495
23/09/2019 09:26:51.410,70,22.2,-3276.8,-15,0.02,0.03,3.726,21,22.000,65535.000,255,0.001900,0.000060,100,65535,100,65535,1,126,-1.03,-0.95,-0.25,-0.16,0.13,0.18,24.9,512,254,0,12,36.9,415,421,495
23/09/2019 09:26:52.410,71,22.4,-3276.8,-14,0.01,0.03,3.736,22,21.000,65535.000,255,0.001900,0.000060,100,65535,100,65535,1,127,-1.03,-0.95,-0.24,-0.15,0.13,0.16,24.9,512,254,0,12,36.9,415,422,496
23/09/2019 09:26:53.410,70,22.4,-3276.8,-14,0.02,0.04,3.746,24,22.000,65535.000,255,0.001900,0.000060,100,65535,100,65535,1,128,-1.01,-0.95,-0.27,-0.18,0.13,0.16,24.9,512,254,0,12,36.9,415,421,495
23/09/2019 09:26:54.410,73,22.3,-3276.8,-14,0.01,0.03,3.756,26,21.000,65535.000,255,0.001900,0.000060,100,65535,100,65535,1,129,-1.03,-0.95,-0.25,-0.16,0.14,0.18,24.9,512,254,0,12,36.9,415,421,495
23/09/2019 09:26:55.410,73,22.3,-3276.8,-14,0.01,0.03,3.766,27,21.000,65535.000,255,0.001960,0.000080,100,65535,100,65535,1,130,-1.02,-0.95,-0.24,-0.16,0.13,0.18,24.9,512,254,-1,12,36.9,415,421,496
23/09/2019 09:26:56.410,70,22.1,-3276.8,-14,0.02,0.04,3.770,28,21.000,65535.000,255,0.001960,0.000100,100,65535,100,65535,1,131,-1.02,-0.93,-0.22,-0.14,0.14,0.18,24.9,512,254,0,12,36.9,415,421,496
23/09/2019 09:26:57.410,71,22.1,-3276.8,-14,0.02,0.06,3.771,28,19.000,65535.000,255,0.002100,0.000140,100,65535,100,65535,1,132,-1.02,-0.95,-0.24,-0.10,0.13,0.18,24.9,512,254,0,12,36.9,416,421,496
23/09/2019 09:26:58.410,72,22.6,-3276.8,-14,0.02,0.09,3.772,28,17.000,65535.000,255,0.002100,0.000120,100,65535,100,65535,1,133,-1.03,-0.93,-0.22,-0.09,0.06,0.19,24.9,512,254,0,12,36.9,415,422,496
23/09/2019 09:26:59.410,73,22.6,-3276.8,-13,0.02,0.06,3.767,27,18.000,65535.000,255,0.002100,0.000120,100,65535,100,65535,1,134,-1.02,-0.95,-0.21,-0.10,0.08,0.16,24.9,512,254,0,12,36.9,416,422,496
23/09/2019 09:27:00.410,75,23.4,-3276.8,-13,0.02,0.06,3.747,24,17.000,65535.000,255,0.002100,0.000120,100,65535,100,65535,1,135,-1.02,-0.95,-0.21,-0.12,0.13,0.18,24.9,512,254,0,12,36.9,415,422,496
23/09/2019 09:27:01.410,78,23.4,-3276.8,-11,0.03,0.04,3.727,21,17.000,65535.000,255,0.001980,0.000100,100,65535,100,65535,1,136,-1.02,-0.93,-0.16,-0.09,0.13,0.19,24.9,512,254,0,12,36.9,429,434,505
23/09/2019 09:27:02.410,80,24.0,-3276.8,-12,0.02,0.06,3.723,20,15.000,65535.000,255,0.001980,0.000120,100,65535,100,65535,1,137,-1.04,-0.93,-0.21,-0.10,0.09,0.16,24.9,512,254,0,12,36.9,416,423,496
23/09/2019 09:27:03.410,82,24.0,-3276.8,-12,0.02,0.06,3.732,22,18.000,65535.000,255,0.002060,0.000140,100,65535,100,65535,1,138,-1.03,-0.95,-0.21,-0.12,0.14,0.18,24.9,512,254,0,12,36.9,404,410,484
23/09/2019 09:27:04.410,82,24.7,-3276.8,-12,0.02,0.04,3.742,23,18.000,65535.000,255,0.002060,0.000140,100,65535,100,65535,1,139,-1.02,-0.96,-0.21,-0.13,0.13,0.18,24.9,512,254,0,12,36.9,419,432,494
23/09/2019 09:27:05.410,79,24.7,-3276.8,-13,0.01,0.04,3.752,25,16.000,65535.000,255,0.002120,0.000140,100,65535,100,65535,1,140,-1.02,-0.93,-0.20,-0.14,0.14,0.18,24.9,512,254,0,12,36.9,415,420,496
23/09/2019 09:27:06.410,78,25.3,-3276.8,-13,0.01,0.03,3.762,27,15.000,65535.000,255,0.002120,0.000140,100,65535,100,65535,1,141,-1.03,-0.95,-0.21,-0.14,0.14,0.16,24.9,512,254,0,12,36.9,415,421,496
23/09/2019 09:27:07.410,76,25.3,-3276.8,-14,0.02,0.06,3.767,27,15.000,65535.000,255,0.002100,0.000120,100,65535,100,65535,1,142,-1.02,-0.92,-0.22,-0.13,0.13,0.18,24.9,512,254,0,12,36.9,414,422,495
23/09/2019 09:27:08.410,76,25.8,-3276.8,-14,0.02,0.07,3.770,28,14.000,65535.000,255,0.002100,0.000100,100,65535,100,65535,1,143,-1.13,-0.93,-0.25,-0.14,0.13,0.18,24.9,512,254,0,12,36.9,415,421,496
23/09/2019 09:27:09.410,79,25.8,-3276.8,-14,0.01,0.06,3.772,28,12.000,65535.000,255,0.002080,0.000080,100,65535,100,65535,1,144,-1.03,-0.95,-0.24,-0.14,0.13,0.18,24.9,512,254,0,12,36.9,415,422,496
23/09/2019 09:27:10.410,79,26.2,-3276.8,-14,0.01,0.03,3.773,28,12.000,65535.000,255,0.002080,0.000080,100,65535,100,65535,1,145,-1.02,-0.95,-0.22,-0.14,0.13,0.18,24.9,512,254,0,12,36.9,415,420,496
23/09/2019 09:27:11.410,80,26.2,-3276.8,-14,0.01,0.04,3.773,28,12.000,65535.000,255,0.002040,0.000060,100,65535,100,65535,1,146,-1.03,-0.93,-0.25,-0.14,0.13,0.18,24.9,512,254,0,12,36.9,416,421,496
23/09/2019 09:27:12.410,79,26.4,-3276.8,-14,0.02,0.12,3.763,27,11.000,65535.000,255,0.002040,0.000060,100,65535,100,65535,1,147,-1.04,-0.96,-0.22,-0.14,-0.03,0.16,24.9,512,254,0,12,36.9,415,421,496
23/09/2019 09:27:13.410,77,26.4,-3276.8,-14,0.01,0.04,3.743,23,12.000,65535.000,255,0.002000,0.000060,100,65535,100,65535,1,148,-1.03,-0.92,-0.21,-0.14,0.13,0.16,24.9,512,254,0,12,36.9,415,422,496
23/09/2019 09:27:14.410,74,23.8,-3276.8,-14,0.01,0.04,3.725,20,11.000,65535.000,255,0.002000,0.000060,100,65535,100,65535,1,149,-1.03,-0.93,-0.21,-0.14,0.14,0.16,24.9,512,254,0,12,36.9,415,421,497
23/09/2019 09:27:15.410,73,23.8,-3276.8,-14,0.01,0.03,3.726,21,11.000,65535.000,255,0.002020,0.000060,100,65535,100,65535,1,150,-1.02,-0.96,-0.21,-0.14,0.13,0.16,24.9,512,254,0,12,36.9,415,421,496
23/09/2019 09:27:16.410,73,21.7,-3276.8,-14,0.01,0.03,3.736,22,11.000,65535.000,255,0.002020,0.000060,100,65535,100,65535,1,151,-1.02,-0.96,-0.21,-0.14,0.14,0.16,24.9,512,254,0,12,36.9,414,421,496
23/09/2019 09:27:17.410,72,21.7,-3276.8,-14,0.01,0.04,3.746,24,11.000,65535.000,255,0.002000,0.000060,100,65535,100,65535,1,152,-1.02,-0.93,-0.22,-0.14,0.14,0.16,24.9,512,254,0,12,36.9,417,422,496
23/09/2019 09:27:18.410,75,20.1,-3276.8,-14,0.01,0.04,3.756,26,11.000,65535.000,255,0.002000,0.000060,100,65535,100,65535,1,153,-1.02,-0.95,-0.21,-0.13,0.13,0.16,24.9,512,254,0,12,36.9,426,429,505
23/09/2019 09:27:19.410,76,20.1,-3276.8,-14,0.01,0.03,3.765,27,12.000,65535.000,255,0.001980,0.000060,100,65535,100,65535,1,154,-1.02,-0.96,-0.22,-0.14,0.13,0.18,24.9,512,254,0,12,36.9,416,421,495
23/09/2019 09:27:20.410,82,18.7,-3276.8,-14,0.01,0.04,3.770,28,14.000,65535.000,255,0.001980,0.000060,100,65535,100,65535,1,155,-1.01,-0.93,-0.22,-0.15,0.13,0.16,24.9,512,254,-3,12,36.9,409,408,484
23/09/2019 09:27:21.410,81,18.7,-3276.8,-14,0.01,0.04,3.772,28,13.000,65535.000,255,0.002060,0.000080,100,65535,100,65535,1,156,-1.02,-0.95,-0.24,-0.13,0.13,0.15,24.9,512,254,-5,12,36.9,410,416,487
23/09/2019 09:27:22.410,78,17.7,-3276.8,-14,0.01,0.04,3.773,28,14.000,65535.000,255,0.002060,0.000060,100,65535,100,65535,1,157,-1.02,-0.95,-0.20,-0.13,0.14,0.16,24.9,512,254,-7,12,36.9,416,423,496
23/09/2019 09:27:23.410,74,17.7,-3276.8,-14,0.01,0.03,3.773,28,15.000,65535.000,255,0.002040,0.000060,100,65535,100,65535,1,158,-1.03,-0.95,-0.21,-0.15,0.13,0.16,24.9,512,254,0,12,36.9,416,422,496
23/09/2019 09:27:24.410,76,17.2,-3276.8,-14,0.01,0.06,3.773,28,15.000,65535.000,255,0.002040,0.000060,100,65535,100,65535,1,159,-1.03,-0.95,-0.21,-0.12,0.13,0.16,24.9,512,254,-2,12,36.9,415,420,496
23/09/2019 09:27:25.410,73,17.2,-3276.8,-14,0.01,0.03,3.759,26,15.000,65535.000,255,0.001940,0.000080,100,65535,100,65535,1,160,-1.02,-0.95,-0.22,-0.14,0.13,0.16,24.9,512,254,0,12,36.9,415,420,496
23/09/2019 09:27:26.410,72,17.0,-3276.8,-14,0.02,0.04,3.739,23,15.000,65535.000,255,0.001940,0.000080,100,65535,100,65535,1,161,-1.01,-0.92,-0.24,-0.14,0.13,0.18,24.9,512,254,-2,12,36.9,415,422,496
23/09/2019 09:27:27.410,73,17.0,-3276.8,-14,0.01,0.03,3.725,20,16.000,65535.000,255,0.001980,0.000080,100,65535,100,65535,1,162,-1.02,-0.95,-0.22,-0.15,0.14,0.16,25.0,512,254,0,12,36.9,415,422,496
23/09/2019 09:27:28.410,72,17.1,-3276.8,-14,0.01,0.03,3.730,21,17.000,65535.000,255,0.001980,0.000080,100,65535,100,65535,1,163,-1.03,-0.93,-0.21,-0.14,0.14,0.16,25.0,512,254,0,12,36.9,415,421,496
23/09/2019 09:27:29.410,69,17.1,-3276.8,-14,0.01,0.03,3.740,23,17.000,65535.000,255,0.002020,0.000080,100,65535,100,65535,1,164,-1.03,-0.95,-0.22,-0.14,0.13,0.16,25.0,512,254,-2,12,36.9,415,421,496
23/09/2019 09:27:30.410,66,17.5,-3276.8,-14,0.01,0.03,3.750,25,16.000,65535.000,255,0.002020,0.000060,100,65535,100,65535,1,165,-1.03,-0.95,-0.22,-0.14,0.13,0.16,25.0,512,254,0,12,36.9,415,421,496
23/09/2019 09:27:31.410,64,17.5,-3276.8,-14,0.01,0.04,3.760,26,16.000,65535.000,255,0.001980,0.000060,100,65535,100,65535,1,166,-1.03,-0.93,-0.22,-0.14,0.13,0.16,25.0,512,254,0,12,36.9,415,421,496
23/09/2019 09:27:32.410,64,17.8,-3276.8,-14,0.01,0.03,3.766,27,15.000,65535.000,255,0.001980,0.000060,100,65535,100,65535,1,167,-1.03,-0.96,-0.24,-0.15,0.14,0.16,25.0,512,254,0,12,36.9,415,421,496
23/09/2019 09:27:33.410,64,17.8,-3276.8,-14,0.01,0.03,3.769,28,16.000,65535.000,255,0.001960,0.000060,100,65535,100,65535,1,168,-1.02,-0.93,-0.22,-0.14,0.13,0.18,25.0,512,254,-3,12,36.9,415,421,496
23/09/2019 09:27:34.410,64,18.7,-3276.8,-14,0.02,0.12,3.770,28,15.000,65535.000,255,0.001960,0.000060,100,65535,100,65535,1,169,-1.02,-0.92,-0.24,-0.13,-0.03,0.16,25.0,512,254,0,12,36.9,415,421,495
23/09/2019 09:27:35.410,64,18.7,-3276.8,-13,0.02,0.04,3.772,28,15.000,65535.000,255,0.001940,0.000060,100,65535,100,65535,1,170,-1.02,-0.95,-0.20,-0.12,0.13,0.16,25.0,512,254,0,12,36.9,416,422,496
23/09/2019 09:27:36.410,66,19.2,-3276.8,-13,0.01,0.04,3.772,28,14.000,65535.000,255,0.001940,0.000060,100,65535,100,65535,1,171,-1.02,-0.95,-0.21,-0.12,0.12,0.16,25.0,512,254,0,12,36.9,421,430,501
23/09/2019 09:27:37.410,67,19.2,-3276.8,-13,0.01,0.03,3.770,28,15.000,65535.000,255,0.001920,0.000060,100,65535,100,65535,1,172,-1.02,-0.95,-0.21,-0.13,0.14,0.18,25.0,512,254,0,12,36.9,415,421,495
23/09/2019 09:27:38.410,67,19.7,-3276.8,-13,0.01,0.03,3.753,25,15.000,65535.000,255,0.001920,0.000060,100,65535,100,65535,1,173,-1.02,-0.93,-0.20,-0.13,0.14,0.16,25.0,512,254,0,12,36.9,415,421,496
23/09/2019 09:27:39.410,68,19.7,-3276.8,-13,0.01,0.03,3.724,20,15.000,65535.000,255,0.001960,0.000040,100,65535,100,65535,1,174,-1.02,-0.96,-0.21,-0.14,0.13,0.18,25.1,512,254,0,12,36.9,409,420,480
23/09/2019 09:27:40.410,68,20.4,-3276.8,-13,0.01,0.04,3.704,17,15.000,65535.000,255,0.001960,0.000040,100,65535,100,65535,1,175,-1.04,-0.95,-0.21,-0.13,0.13,0.15,25.1,512,254,0,12,36.9,416,430,497
23/09/2019 09:27:41.410,70,20.4,-3276.8,-13,0.01,0.03,3.694,15,15.000,65535.000,255,0.002000,0.000060,100,65535,100,65535,1,176,-1.02,-0.95,-0.21,-0.14,0.13,0.16,25.1,512,254,0,12,36.9,414,421,496
23/09/2019 09:27:42.410,69,21.1,-3276.8,-13,0.01,0.03,3.693,15,15.000,65535.000,255,0.002000,0.000060,100,65535,100,65535,1,177,-1.02,-0.95,-0.20,-0.14,0.13,0.16,25.1,512,254,0,12,36.9,415,421,495
23/09/2019 09:27:43.410,68,21.1,-3276.8,-13,0.01,0.03,3.693,15,14.000,65535.000,255,0.001980,0.000060,100,65535,100,65535,1,178,-1.02,-0.95,-0.21,-0.13,0.13,0.16,25.1,512,254,0,12,36.9,415,421,496
23/09/2019 09:27:44.410,67,21.7,-3276.8,-13,0.01,0.04,3.700,16,14.000,65535.000,255,0.001980,0.000060,100,65535,100,65535,1,179,-1.02,-0.92,-0.21,-0.14,0.13,0.16,25.1,512,254,0,12,36.9,414,421,496
23/09/2019 09:27:45.410,67,21.7,-3276.8,-13,0.01,0.03,3.711,18,14.000,65535.000,255,0.001940,0.000060,100,65535,100,65535,1,180,-1.03,-0.95,-0.21,-0.13,0.12,0.16,25.1,512,254,0,12,36.9,415,420,496
23/09/2019 09:27:46.410,68,22.2,-3276.8,-13,0.01,0.03,3.724,20,15.000,65535.000,255,0.001940,0.000060,100,65535,100,65535,1,181,-1.03,-0.96,-0.21,-0.12,0.13,0.16,25.1,512,254,0,12,36.9,415,421,496
23/09/2019 09:27:47.410,69,22.2,-3276.8,-13,0.01,0.12,3.734,22,14.000,65535.000,255,0.001960,0.000060,100,65535,100,65535,1,182,-1.02,-0.93,-0.21,-0.13,-0.03,0.18,25.1,512,254,0,12,36.9,415,422,495
23/09/2019 09:27:48.410,68,22.7,-3276.8,-13,0.01,0.03,3.744,24,14.000,65535.000,255,0.001960,0.000060,100,65535,100,65535,1,183,-1.02,-0.95,-0.21,-0.14,0.13,0.16,25.1,512,254,0,12,36.9,415,422,495
23/09/2019 09:27:49.410,69,22.7,-3276.8,-13,0.01,0.03,3.754,25,14.000,65535.000,255,0.001960,0.000060,100,65535,100,65535,1,184,-1.02,-0.95,-0.21,-0.14,0.12,0.16,25.1,512,254,0,12,36.9,415,422,496
23/09/2019 09:27:50.410,69,23.1,-3276.8,-13,0.01,0.06,3.753,25,14.000,65535.000,255,0.001960,0.000080,100,65535,100,65535,1,185,-1.02,-0.93,-0.22,-0.10,0.10,0.18,25.1,512,254,0,12,36.9,415,421,496
23/09/2019 09:27:51.410,69,23.1,-3276.8,-14,0.02,0.03,3.739,23,14.000,65535.000,255,0.002000,0.000080,100,65535,100,65535,1,186,-1.03,-0.95,-0.21,-0.14,0.13,0.18,25.1,512,254,0,12,36.9,415,422,495
23/09/2019 09:27:52.410,71,23.8,-3276.8,-14,0.02,0.06,3.721,20,14.000,65535.000,255,0.002000,0.000080,100,65535,100,65535,1,187,-1.02,-0.91,-0.24,-0.15,0.14,0.18,25.1,512,254,0,12,36.9,415,422,496
23/09/2019 09:27:53.410,73,23.8,-3276.8,-14,0.01,0.03,3.721,20,16.000,65535.000,255,0.001980,0.000060,100,65535,100,65535,1,188,-1.02,-0.95,-0.22,-0.15,0.14,0.16,25.1,512,254,0,12,36.9,414,422,496
23/09/2019 09:27:54.410,71,23.8,-3276.8,-14,0.01,0.06,3.731,21,15.000,65535.000,255,0.001980,0.000060,100,65535,100,65535,1,189,-1.02,-0.95,-0.24,-0.15,0.13,0.16,25.1,512,254,0,12,36.9,416,422,496
23/09/2019 09:27:55.410,72,23.8,-3276.8,-14,0.01,0.03,3.741,23,15.000,65535.000,255,0.001920,0.000060,100,65535,100,65535,1,190,-1.01,-0.93,-0.22,-0.15,0.14,0.18,25.1,512,254,0,12,36.9,431,434,508
23/09/2019 09:27:56.410,73,24.1,-3276.8,-14,0.01,0.03,3.751,25,16.000,65535.000,255,0.001920,0.000060,100,65535,100,65535,1,191,-1.02,-0.93,-0.24,-0.15,0.14,0.18,25.1,512,254,0,12,36.9,415,422,496
23/09/2019 09:27:57.410,74,24.1,-3276.8,-14,0.01,0.04,3.761,26,16.000,65535.000,255,0.001900,0.000060,100,65535,100,65535,1,192,-1.02,-0.96,-0.24,-0.15,0.13,0.19,25.1,512,254,0,12,36.9,415,421,496
23/09/2019 09:27:58.410,72,24.4,-3276.8,-14,0.01,0.04,3.768,28,16.000,65535.000,255,0.001900,0.000060,100,65535,100,65535,1,193,-1.02,-0.92,-0.25,-0.15,0.13,0.18,25.1,512,254,0,12,36.9,404,399,487
23/09/2019 09:27:59.410,72,24.4,-3276.8,-14,0.01,0.04,3.770,28,16.000,65535.000,255,0.001960,0.000060,100,65535,100,65535,1,194,-1.02,-0.92,-0.25,-0.16,0.14,0.18,25.1,512,254,-1,12,36.9,403,412,473
23/09/2019 09:28:00.410,72,24.7,-3276.8,-14,0.02,0.04,3.771,28,16.000,65535.000,255,0.001960,0.000060,100,65535,100,65535,1,195,-1.02,-0.93,-0.24,-0.13,0.13,0.18,25.1,512,254,0,12,36.9,419,430,499
23/09/2019 09:28:01.410,73,24.7,-3276.8,-14,0.01,0.03,3.773,28,16.000,65535.000,255,0.001980,0.000060,100,65535,100,65535,1,196,-1.03,-0.95,-0.24,-0.18,0.14,0.18,25.1,512,254,0,12,36.9,415,422,496
23/09/2019 09:28:02.410,74,24.9,-3276.8,-14,0.01,0.03,3.773,28,16.000,65535.000,255,0.001980,0.000060,100,65535,100,65535,1,197,-1.02,-0.93,-0.24,-0.15,0.14,0.18,25.1,512,254,-2,12,36.9,416,422,495
23/09/2019 09:28:03.410,75,24.9,-3276.8,-15,0.01,0.04,3.761,26,18.000,65535.000,255,0.001920,0.000080,100,65535,100,65535,1,198,-1.02,-0.93,-0.25,-0.15,0.14,0.18,25.1,512,254,-3,12,36.9,415,421,495
23/09/2019 09:28:04.410,73,24.8,-3276.8,-14,0.03,0.06,3.741,23,17.000,65535.000,255,0.001920,0.000100,100,65535,100,65535,1,199,-1.02,-0.93,-0.24,-0.12,0.14,0.19,25.1,512,254,0,12,36.9,415,421,495
23/09/2019 09:28:05.410,74,24.8,-3276.8,-14,0.02,0.06,3.724,20,16.000,65535.000,255,0.002020,0.000120,100,65535,100,65535,1,200,-1.02,-0.92,-0.24,-0.13,0.15,0.19,25.1,512,254,0,12,36.9,417,422,496
23/09/2019 09:28:06.410,74,24.8,-3276.8,-14,0.02,0.04,3.726,21,15.000,65535.000,255,0.002020,0.000120,100,65535,100,65535,1,201,-1.02,-0.93,-0.25,-0.13,0.14,0.18,25.1,512,254,0,12,36.9,416,422,496
23/09/2019 09:28:07.410,73,24.8,-3276.8,-13,0.03,0.13,3.735,22,14.000,65535.000,255,0.002080,0.000120,100,65535,100,65535,1,202,-1.03,-0.89,-0.22,-0.08,-0.03,0.19,25.1,512,254,0,12,36.9,416,422,496
23/09/2019 09:28:08.410,74,24.8,-3276.8,-13,0.01,0.06,3.745,24,15.000,65535.000,255,0.002080,0.000140,100,65535,100,65535,1,203,-1.02,-0.92,-0.20,-0.10,0.12,0.19,25.1,512,254,0,12,36.9,417,422,496
23/09/2019 09:28:09.410,77,24.8,-3276.8,-13,0.02,0.09,3.755,25,14.000,65535.000,255,0.002000,0.000140,100,65535,100,65535,1,204,-1.04,-0.93,-0.24,-0.12,0.06,0.18,25.1,512,254,0,12,36.9,416,421,495
23/09/2019 09:28:10.410,79,24.9,-3276.8,-13,0.01,0.03,3.764,27,14.000,65535.000,255,0.002000,0.000100,100,65535,100,65535,1,205,-1.03,-0.95,-0.21,-0.13,0.14,0.18,25.1,512,254,0,12,36.9,416,421,496
23/09/2019 09:28:11.410,79,24.9,-3276.8,-13,0.01,0.04,3.769,28,14.000,65535.000,255,0.001940,0.000100,100,65535,100,65535,1,206,-1.02,-0.93,-0.22,-0.14,0.13,0.18,25.1,512,254,0,12,36.9,415,421,496
23/09/2019 09:28:12.410,78,24.9,-3276.8,-14,0.01,0.03,3.771,28,14.000,65535.000,255,0.001940,0.000100,100,65535,100,65535,1,207,-1.03,-0.95,-0.22,-0.14,0.14,0.18,25.1,512,254,0,12,36.9,415,421,495
23/09/2019 09:28:13.410,76,24.9,-3276.8,-14,0.01,0.03,3.773,28,14.000,65535.000,255,0.001920,0.000100,100,65535,100,65535,1,208,-1.02,-0.95,-0.24,-0.15,0.14,0.18,25.1,512,254,0,12,36.9,415,421,496
23/09/2019 09:28:14.410,73,25.0,-3276.8,-14,0.01,0.04,3.773,28,14.000,65535.000,255,0.001920,0.000080,100,65535,100,65535,1,209,-1.03,-0.95,-0.21,-0.14,0.13,0.18,25.1,512,254,0,12,36.9,414,421,496
23/09/2019 09:28:15.410,70,25.0,-3276.8,-14,0.02,0.15,3.771,28,14.000,65535.000,255,0.001980,0.000080,100,65535,100,65535,1,210,-1.02,-0.95,-0.24,0.03,0.13,0.16,25.2,512,254,0,12,36.9,415,421,496
23/09/2019 09:28:16.410,72,25.1,-3276.8,-14,0.01,0.04,3.756,26,15.000,65535.000,255,0.001980,0.000080,100,65535,100,65535,1,211,-1.02,-0.93,-0.22,-0.15,0.12,0.18,25.2,512,254,0,12,36.9,415,421,496
23/09/2019 09:28:17.410,70,25.1,-3276.8,-14,0.01,0.03,3.736,22,15.000,65535.000,255,0.001960,0.000060,100,65535,100,65535,1,212,-1.02,-0.95,-0.21,-0.14,0.14,0.16,25.2,512,254,0,12,36.9,414,421,496
23/09/2019 09:28:18.410,68,22.9,-3276.8,-14,0.01,0.03,3.724,20,15.000,65535.000,255,0.001960,0.000060,100,65535,100,65535,1,213,-1.03,-0.95,-0.22,-0.14,0.14,0.18,25.2,512,254,0,12,36.9,415,421,495
23/09/2019 09:28:19.410,67,22.9,-3276.8,-14,0.01,0.03,3.730,21,14.000,65535.000,255,0.001920,0.000060,100,65535,100,65535,1,214,-1.03,-0.96,-0.22,-0.15,0.14,0.16,25.2,512,254,0,12,36.9,415,421,496
23/09/2019 09:28:20.410,70,20.9,-3276.8,-14,0.01,0.03,3.740,23,15.000,65535.000,255,0.001920,0.000060,100,65535,100,65535,1,215,-1.02,-0.95,-0.22,-0.15,0.13,0.18,25.2,512,254,0,12,36.9,415,422,496
23/09/2019 09:28:21.410,72,20.9,-3276.8,-14,0.01,0.03,3.750,25,15.000,65535.000,255,0.001940,0.000080,100,65535,100,65535,1,216,-1.03,-0.93,-0.21,-0.14,0.13,0.18,25.2,512,254,0,12,36.9,426,427,498
23/09/2019 09:28:22.410,75,19.4,-3276.8,-14,0.01,0.04,3.760,26,14.000,65535.000,255,0.001940,0.000060,100,65535,100,65535,1,217,-1.02,-0.95,-0.24,-0.13,0.14,0.18,25.2,512,254,0,12,36.9,414,421,496
23/09/2019 09:28:23.410,75,19.4,-3276.8,-14,0.01,0.03,3.766,27,14.000,65535.000,255,0.001960,0.000060,100,65535,100,65535,1,218,-1.02,-0.95,-0.21,-0.15,0.13,0.18,25.2,512,254,0,12,36.9,415,421,496
23/09/2019 09:28:24.410,75,18.4,-3276.8,-14,0.01,0.04,3.770,28,16.000,65535.000,255,0.001960,0.000060,100,65535,100,65535,1,219,-1.02,-0.93,-0.22,-0.15,0.13,0.18,25.2,512,254,0,12,36.9,413,418,495
23/09/2019 09:28:25.410,76,18.4,-3276.8,-14,0.01,0.04,3.771,28,16.000,65535.000,255,0.001940,0.000060,100,65535,100,65535,1,220,-1.03,-0.93,-0.22,-0.15,0.14,0.18,25.2,512,254,0,12,36.9,416,424,505
23/09/2019 09:28:26.410,74,17.8,-3276.8,-14,0.01,0.04,3.772,28,16.000,65535.000,255,0.001940,0.000060,100,65535,100,65535,1,221,-1.03,-0.93,-0.22,-0.14,0.14,0.18,25.2,512,254,0,12,36.9,416,422,496
23/09/2019 09:28:27.410,76,17.8,-3276.8,-14,0.01,0.04,3.772,28,20.000,65535.000,255,0.001960,0.000060,100,65535,100,65535,1,222,-1.02,-0.93,-0.22,-0.16,0.13,0.19,25.2,512,254,0,12,36.9,416,422,495
23/09/2019 09:28:28.410,75,17.5,-3276.8,-14,0.01,0.03,3.768,28,20.000,65535.000,255,0.001960,0.000060,100,65535,100,65535,1,223,-1.03,-0.93,-0.21,-0.15,0.13,0.16,25.2,512,254,0,12,36.9,415,422,495
23/09/2019 09:28:29.410,73,17.5,-3276.8,-14,0.01,0.04,3.750,25,19.000,65535.000,255,0.002020,0.000060,100,65535,100,65535,1,224,-1.02,-0.93,-0.24,-0.14,0.14,0.16,25.3,512,254,0,12,36.9,416,421,496
23/09/2019 09:28:30.410,71,17.5,-3276.8,-14,0.01,0.03,3.730,21,18.000,65535.000,255,0.002020,0.000080,100,65535,100,65535,1,225,-1.02,-0.95,-0.22,-0.14,0.13,0.16,25.3,512,254,0,12,36.9,416,422,496
23/09/2019 09:28:31.410,70,17.5,-3276.8,-14,0.01,0.06,3.724,20,20.000,65535.000,255,0.001960,0.000080,100,65535,100,65535,1,226,-1.02,-0.92,-0.25,-0.14,0.13,0.16,25.3,512,254,0,12,36.9,416,421,496
23/09/2019 09:28:32.410,70,17.9,-3276.8,-14,0.01,0.04,3.733,22,19.000,65535.000,255,0.001960,0.000080,100,65535,100,65535,1,227,-1.01,-0.93,-0.22,-0.14,0.13,0.18,25.3,512,254,0,12,36.9,415,422,495
23/09/2019 09:28:33.410,68,17.9,-3276.8,-14,0.01,0.03,3.743,23,19.000,65535.000,255,0.001960,0.000080,100,65535,100,65535,1,228,-1.02,-0.93,-0.22,-0.15,0.13,0.16,25.3,512,254,0,12,36.9,416,421,496
23/09/2019 09:28:34.410,67,18.2,-3276.8,-14,0.01,0.04,3.753,25,17.000,65535.000,255,0.001960,0.000080,100,65535,100,65535,1,229,-1.02,-0.93,-0.22,-0.12,0.13,0.18,25.3,512,254,0,12,36.8,414,422,496
23/09/2019 09:28:35.410,67,18.2,-3276.8,-14,0.01,0.06,3.763,27,17.000,65535.000,255,0.002080,0.000080,100,65535,100,65535,1,230,-1.02,-0.92,-0.21,-0.14,0.14,0.18,25.3,512,254,0,12,36.8,414,422,496
23/09/2019 09:28:36.410,68,18.8,-3276.8,-14,0.01,0.03,3.767,27,16.000,65535.000,255,0.002080,0.000060,100,65535,100,65535,1,231,-1.02,-0.95,-0.22,-0.14,0.13,0.18,25.3,512,254,0,12,36.8,416,421,496
23/09/2019 09:28:37.410,71,18.8,-3276.8,-14,0.01,0.03,3.771,28,16.000,65535.000,255,0.002020,0.000060,100,65535,100,65535,1,232,-1.02,-0.93,-0.22,-0.15,0.13,0.16,25.3,512,254,0,12,36.8,415,421,496
23/09/2019 09:28:38.410,72,19.3,-3276.8,-14,0.01,0.03,3.771,28,16.000,65535.000,255,0.002020,0.000060,100,65535,100,65535,1,233,-1.03,-0.95,-0.21,-0.14,0.13,0.18,25.3,512,254,0,12,36.8,416,421,496
23/09/2019 09:28:39.410,74,19.3,-3276.8,-14,0.01,0.04,3.764,27,15.000,65535.000,255,0.001900,0.000100,100,65535,100,65535,1,234,-1.02,-0.96,-0.22,-0.14,0.13,0.18,25.3,512,254,0,12,36.8,417,423,496
23/09/2019 09:28:40.410,76,20.1,-3276.8,-14,0.02,0.06,3.753,25,17.000,65535.000,255,0.001900,0.000100,100,65535,100,65535,1,235,-1.03,-0.92,-0.22,-0.12,0.13,0.16,25.3,512,254,0,12,36.8,426,438,501
23/09/2019 09:28:41.410,77,20.1,-3276.8,-14,0.02,0.04,3.728,21,18.000,65535.000,255,0.001940,0.000100,100,65535,100,65535,1,236,-1.03,-0.95,-0.25,-0.16,0.13,0.18,25.4,512,254,0,12,36.8,415,421,495
23/09/2019 09:28:42.410,82,20.4,-3276.8,-15,0.02,0.04,3.698,16,26.000,65535.000,255,0.001940,0.000100,100,65535,100,65535,1,237,-1.02,-0.95,-0.25,-0.16,0.14,0.18,25.4,512,254,0,12,36.8,416,421,496
23/09/2019 09:28:43.410,84,20.4,-3276.8,-15,0.01,0.12,3.673,12,25.000,65535.000,255,0.002000,0.000080,100,65535,100,65535,1,238,-1.02,-0.93,-0.24,-0.16,-0.03,0.18,25.4,512,254,0,12,36.8,399,403,480
23/09/2019 09:28:44.410,81,20.8,-3276.8,-14,0.01,0.03,3.677,12,25.000,65535.000,255,0.002000,0.000080,100,65535,100,65535,1,239,-1.02,-0.95,-0.24,-0.16,0.13,0.16,25.4,512,254,0,12,36.8,418,428,497
23/09/2019 09:28:45.410,77,20.8,-3276.8,-14,0.01,0.06,3.695,15,25.000,65535.000,255,0.001980,0.000080,100,65535,100,65535,1,240,-1.02,-0.93,-0.24,-0.15,0.14,0.16,25.4,512,254,0,12,36.8,415,422,496
23/09/2019 09:28:46.410,74,20.8,-3276.8,-14,0.01,0.03,3.714,19,23.000,65535.000,255,0.001980,0.000060,100,65535,100,65535,1,241,-1.02,-0.95,-0.25,-0.15,0.14,0.18,25.4,512,254,0,12,36.8,414,422,496
23/09/2019 09:28:47.410,70,20.8,-3276.8,-14,0.01,0.03,3.727,21,22.000,65535.000,255,0.001880,0.000060,100,65535,100,65535,1,242,-1.03,-0.96,-0.24,-0.16,0.13,0.18,25.4,512,254,0,12,36.8,415,421,495
23/09/2019 09:28:48.410,67,20.8,-3276.8,-15,0.01,0.04,3.737,22,21.000,65535.000,255,0.001880,0.000060,100,65535,100,65535,1,243,-1.02,-0.93,-0.24,-0.18,0.14,0.18,25.4,512,254,0,12,36.8,416,421,495
23/09/2019 09:28:49.410,66,20.8,-3276.8,-14,0.01,0.03,3.747,24,19.000,65535.000,255,0.001840,0.000060,100,65535,100,65535,1,244,-1.02,-0.93,-0.24,-0.15,0.14,0.16,25.4,512,254,0,12,36.8,415,421,495
23/09/2019 09:28:50.410,65,20.8,-3276.8,-15,0.02,0.04,3.757,26,18.000,65535.000,255,0.001840,0.000060,100,65535,100,65535,1,245,-1.02,-0.93,-0.25,-0.15,0.13,0.18,25.4,512,254,0,12,36.8,414,422,495
23/09/2019 09:28:51.410,66,20.8,-3276.8,-15,0.01,0.03,3.766,27,16.000,65535.000,255,0.001880,0.000060,100,65535,100,65535,1,246,-1.01,-0.96,-0.25,-0.16,0.13,0.16,25.4,512,254,0,12,36.8,415,422,495
23/09/2019 09:28:52.410,68,20.8,-3276.8,-14,0.01,0.04,3.770,28,16.000,65535.000,255,0.001880,0.000060,100,65535,100,65535,1,247,-1.02,-0.93,-0.26,-0.16,0.14,0.16,25.4,512,254,0,12,36.8,415,421,495
23/09/2019 09:28:53.410,70,20.8,-3276.8,-15,0.01,0.03,3.771,28,16.000,65535.000,255,0.001900,0.000060,100,65535,100,65535,1,248,-1.02,-0.95,-0.24,-0.18,0.13,0.18,25.4,512,254,0,12,36.8,415,421,495
23/09/2019 09:28:54.410,73,20.9,-3276.8,-14,0.01,0.04,3.758,26,16.000,65535.000,255,0.001900,0.000060,100,65535,100,65535,1,249,-1.02,-0.93,-0.24,-0.16,0.14,0.18,25.4,512,254,0,12,36.8,415,421,496
23/09/2019 09:28:55.410,74,20.9,-3276.8,-15,0.02,0.04,3.738,23,16.000,65535.000,255,0.001920,0.000060,100,65535,100,65535,1,250,-1.02,-0.93,-0.24,-0.15,0.13,0.16,25.4,512,254,0,12,36.8,414,421,496
23/09/2019 09:28:56.410,76,20.9,-3276.8,-15,0.01,0.03,3.723,20,17.000,65535.000,255,0.001920,0.000080,100,65535,100,65535,1,251,-1.03,-0.95,-0.24,-0.16,0.14,0.18,25.4,512,254,0,12,36.8,415,422,496
23/09/2019 09:28:57.410,77,20.9,-3276.8,-15,0.01,0.03,3.728,21,16.000,65535.000,255,0.001920,0.000080,100,65535,100,65535,1,252,-1.02,-0.95,-0.25,-0.16,0.14,0.18,25.4,512,254,0,12,36.8,415,421,496
23/09/2019 09:28:58.410,75,20.9,-3276.8,-14,0.01,0.04,3.738,23,17.000,65535.000,255,0.001920,0.000060,100,65535,100,65535,1,253,-1.02,-0.93,-0.25,-0.15,0.14,0.18,25.4,512,254,0,12,36.8,414,420,496
23/09/2019 09:28:59.410,76,20.9,-3276.8,-15,0.01,0.04,3.748,24,17.000,65535.000,255,0.001880,0.000060,100,65535,100,65535,1,254,-1.02,-0.93,-0.25,-0.14,0.14,0.18,25.4,512,254,0,12,36.8,415,421,496
23/09/2019 09:29:00.410,74,20.9,-3276.8,-15,0.01,0.04,3.758,26,17.000,65535.000,255,0.001880,0.000060,100,65535,100,65535,1,255,-1.02,-0.93,-0.26,-0.16,0.14,0.18,25.4,512,254,0,12,36.8,417,423,496
23/09/2019 09:29:01.410,73,20.9,-3276.8,-15,0.01,0.03,3.766,27,19.000,65535.000,255,0.001920,0.000080,100,65535,100,65535,1,256,-1.02,-0.93,-0.25,-0.16,0.14,0.16,25.4,512,254,0,12,36.8,429,432,505
23/09/2019 09:29:02.410,73,21.2,-3276.8,-15,0.01,0.03,3.767,27,18.000,65535.000,255,0.001920,0.000060,100,65535,100,65535,1,257,-1.01,-0.93,-0.24,-0.16,0.14,0.18,25.4,512,254,0,12,36.8,415,421,496
23/09/2019 09:29:03.410,71,21.2,-3276.8,-15,0.01,0.03,3.769,28,18.000,65535.000,255,0.001960,0.000060,100,65535,100,65535,1,258,-1.02,-0.93,-0.25,-0.14,0.14,0.18,25.4,512,254,0,12,36.8,415,421,496
23/09/2019 09:29:04.410,73,21.5,-3276.8,-15,0.01,0.04,3.771,28,18.000,65535.000,255,0.001960,0.000060,100,65535,100,65535,1,259,-1.03,-0.95,-0.24,-0.15,0.14,0.16,25.4,512,254,0,12,36.8,403,410,482
23/09/2019 09:29:05.410,73,21.5,-3276.8,-15,0.01,0.04,3.771,28,18.000,65535.000,255,0.001960,0.000080,100,65535,100,65535,1,260,-1.02,-0.95,-0.25,-0.15,0.14,0.19,25.4,512,254,0,12,36.8,406,412,487
23/09/2019 09:29:06.410,74,21.7,-3276.8,-15,0.01,0.03,3.768,28,19.000,65535.000,255,0.001960,0.000080,100,65535,100,65535,1,261,-1.02,-0.93,-0.25,-0.16,0.14,0.18,25.4,512,254,0,12,36.8,415,421,496
23/09/2019 09:29:07.410,75,21.7,-3276.8,-15,0.01,0.03,3.753,25,19.000,65535.000,255,0.001960,0.000080,100,65535,100,65535,1,262,-1.03,-0.93,-0.25,-0.15,0.13,0.16,25.4,512,254,0,12,36.8,416,422,496
23/09/2019 09:29:08.410,73,21.9,-3276.8,-15,0.01,0.03,3.733,22,19.000,65535.000,255,0.001960,0.000080,100,65535,100,65535,1,263,-1.01,-0.95,-0.25,-0.16,0.13,0.18,25.4,512,254,0,12,36.8,415,421,496
23/09/2019 09:29:09.410,75,21.9,-3276.8,-15,0.01,0.03,3.724,20,19.000,65535.000,255,0.001940,0.000080,100,65535,100,65535,1,264,-1.02,-0.93,-0.25,-0.16,0.13,0.18,25.4,512,254,0,12,36.8,415,421,495
23/09/2019 09:29:10.410,74,22.1,-3276.8,-15,0.02,0.03,3.731,21,19.000,65535.000,255,0.001940,0.000080,100,65535,100,65535,1,265,-1.03,-0.95,-0.25,-0.18,0.14,0.18,25.4,512,254,0,12,36.8,415,422,495
23/09/2019 09:29:11.410,73,22.1,-3276.8,-15,0.01,0.03,3.741,23,19.000,65535.000,255,0.001940,0.000080,100,69,100,65535,1,266,-1.03,-0.95,-0.25,-0.18,0.14,0.18,25.4,0,254,0,12,36.8,415,421,496
23/09/2019 09:29:12.410,72,22.3,-3276.8,-15,0.01,0.03,3.750,25,19.000,65535.000,255,0.001940,0.000080,100,69,100,65535,1,267,-1.02,-0.93,-0.24,-0.18,0.14,0.18,25.4,0,254,0,12,36.8,415,422,496
23/09/2019 09:29:13.410,71,22.3,-3276.8,-15,0.02,0.06,3.760,26,19.000,65535.000,255,0.001960,0.000080,100,67,100,65535,1,268,-1.03,-0.93,-0.25,-0.14,0.13,0.18,25.4,0,254,0,12,36.8,415,422,495
23/09/2019 09:29:14.410,71,22.8,-3276.8,-15,0.01,0.04,3.766,27,18.000,65535.000,255,0.001960,0.000080,100,67,100,65535,1,269,-1.02,-0.93,-0.26,-0.16,0.14,0.18,25.4,0,254,0,12,36.8,415,422,496
23/09/2019 09:29:15.410,71,22.8,-3276.8,-15,0.01,0.03,3.769,28,17.000,65535.000,255,0.002000,0.000060,100,66,100,65535,1,270,-1.02,-0.93,-0.24,-0.18,0.14,0.18,25.4,0,254,0,12,36.8,415,421,496
23/09/2019 09:29:16.410,70,23.2,-3276.8,-15,0.01,0.03,3.771,28,15.000,65535.000,255,0.002000,0.000080,100,65,100,65535,1,271,-1.01,-0.93,-0.25,-0.16,0.13,0.18,25.4,0,254,0,12,36.8,414,422,496
23/09/2019 09:29:17.410,71,23.2,-3276.8,-15,0.01,0.03,3.771,28,15.000,65535.000,255,0.002040,0.000060,100,65,100,65535,1,272,-1.01,-0.95,-0.25,-0.16,0.14,0.18,25.4,0,254,0,12,36.8,416,421,496
23/09/2019 09:29:18.410,72,23.6,-3276.8,-15,0.01,0.04,3.771,28,15.000,65535.000,255,0.002040,0.000060,100,64,100,65535,1,273,-1.02,-0.93,-0.25,-0.16,0.13,0.18,25.4,0,254,0,12,36.8,416,421,496
23/09/2019 09:29:19.410,73,23.6,-3276.8,-15,0.01,0.04,3.766,27,16.000,65535.000,255,0.002000,0.000060,100,64,100,65535,1,274,-1.02,-0.95,-0.24,-0.16,0.14,0.18,25.5,0,254,0,12,36.8,416,422,496
23/09/2019 09:29:20.410,73,23.9,-3276.8,-15,0.01,0.03,3.746,24,16.000,65535.000,255,0.002000,0.000060,100,64,100,65535,1,275,-1.02,-0.95,-0.24,-0.18,0.13,0.16,25.5,0,254,0,12,36.8,415,421,496
23/09/2019 09:29:21.410,75,23.9,-3276.8,-15,0.01,0.03,3.726,21,16.000,65535.000,255,0.001920,0.000060,100,64,100,65535,1,276,-1.02,-0.93,-0.25,-0.16,0.14,0.18,25.5,0,254,0,12,36.8,417,422,496
23/09/2019 09:29:22.410,74,24.2,-3276.8,-15,0.01,0.03,3.723,20,16.000,65535.000,255,0.001920,0.000060,100,64,100,65535,1,277,-1.02,-0.93,-0.25,-0.16,0.14,0.18,25.5,0,254,0,12,36.8,425,432,510
23/09/2019 09:29:23.410,73,24.2,-3276.8,-15,0.01,0.04,3.733,22,16.000,65535.000,255,0.001900,0.000060,100,63,100,65535,1,278,-1.02,-0.93,-0.26,-0.15,0.14,0.18,25.5,0,254,0,12,36.8,414,422,496
23/09/2019 09:29:24.410,73,24.2,-3276.8,-15,0.01,0.03,3.743,23,15.000,65535.000,255,0.001900,0.000060,100,63,100,65535,1,279,-1.03,-0.95,-0.25,-0.16,0.13,0.18,25.5,0,254,0,12,36.8,404,418,471
23/09/2019 09:29:25.410,72,24.2,-3276.8,-14,0.01,0.03,3.753,25,15.000,65535.000,255,0.001920,0.000060,100,62,100,65535,1,280,-1.02,-0.95,-0.24,-0.18,0.13,0.18,25.5,0,254,0,12,36.8,409,414,493
23/09/2019 09:29:26.410,70,24.5,-3276.8,-15,0.01,0.04,3.763,27,17.000,65535.000,255,0.001920,0.000080,100,61,100,65535,1,281,-1.02,-0.93,-0.24,-0.16,0.14,0.16,25.5,0,254,0,12,36.8,417,422,495
23/09/2019 09:29:27.410,74,24.5,-3276.8,-15,0.01,0.04,3.769,28,17.000,65535.000,255,0.001900,0.000060,100,61,100,65535,1,282,-1.02,-0.93,-0.25,-0.18,0.14,0.18,25.5,0,254,0,12,36.8,415,421,496
23/09/2019 09:29:28.410,73,24.7,-3276.8,-15,0.01,0.10,3.770,28,17.000,65535.000,255,0.001900,0.000060,100,60,100,65535,1,283,-1.02,-0.93,-0.25,-0.16,0.14,0.33,25.5,0,254,0,12,36.8,414,422,496
23/09/2019 09:29:29.410,74,24.7,-3276.8,-15,0.01,0.03,3.771,28,19.000,65535.000,255,0.001920,0.000080,100,60,100,65535,1,284,-1.02,-0.95,-0.26,-0.16,0.14,0.18,25.5,0,254,-6,12,36.8,414,421,496
23/09/2019 09:29:30.410,74,25.0,-3276.8,-15,0.01,0.03,3.771,28,19.000,65535.000,255,0.001920,0.000060,100,59,100,65535,1,285,-1.02,-0.93,-0.25,-0.16,0.13,0.18,25.5,0,254,0,12,36.8,415,421,496
23/09/2019 09:29:31.410,71,25.0,-3276.8,-15,0.01,0.04,3.772,28,20.000,65535.000,255,0.001920,0.000060,100,59,100,65535,1,286,-1.02,-0.93,-0.27,-0.15,0.14,0.18,25.5,0,254,0,12,36.8,415,421,495
23/09/2019 09:29:32.410,73,25.2,-3276.8,-15,0.01,0.03,3.761,26,19.000,65535.000,255,0.001920,0.000060,100,59,100,65535,1,287,-1.02,-0.95,-0.25,-0.16,0.14,0.18,25.5,0,254,0,12,36.8,415,421,495
23/09/2019 09:29:33.410,71,25.2,-3276.8,-15,0.01,0.06,3.741,23,19.000,65535.000,255,0.001860,0.000060,100,59,100,65535,1,288,-1.03,-0.96,-0.25,-0.14,0.13,0.18,25.5,0,254,0,12,36.8,415,421,496
23/09/2019 09:29:34.410,72,25.0,-3276.8,-15,0.01,0.04,3.723,20,19.000,65535.000,255,0.001860,0.000060,100,59,100,65535,1,289,-1.02,-0.95,-0.25,-0.16,0.14,0.18,25.5,0,254,0,12,36.8,415,421,496
23/09/2019 09:29:35.410,72,25.0,-3276.8,-15,0.01,0.03,3.725,20,18.000,65535.000,255,0.001900,0.000060,100,59,100,65535,1,290,-1.02,-0.95,-0.24,-0.18,0.13,0.18,25.5,0,254,0,12,36.8,415,422,495
23/09/2019 09:29:36.410,72,24.9,-3276.8,-15,0.01,0.04,3.735,22,18.000,65535.000,255,0.001900,0.000060,100,59,100,65535,1,291,-1.02,-0.95,-0.25,-0.16,0.14,0.16,25.5,0,254,0,12,36.8,415,421,496
23/09/2019 09:29:37.410,72,24.9,-3276.8,-15,0.01,0.04,3.745,24,17.000,65535.000,255,0.001880,0.000060,100,59,100,65535,1,292,-1.01,-0.95,-0.25,-0.16,0.14,0.18,25.5,0,254,0,12,36.8,415,421,496
23/09/2019 09:29:38.410,71,24.9,-3276.8,-15,0.01,0.04,3.754,25,17.000,65535.000,255,0.001880,0.000060,100,58,100,65535,1,293,-1.02,-0.92,-0.25,-0.18,0.13,0.18,25.6,0,254,0,12,36.8,415,421,496
23/09/2019 09:29:39.410,72,24.9,-3276.8,-15,0.01,0.04,3.747,24,17.000,65535.000,255,0.001900,0.000060,100,58,100,65535,1,294,-1.03,-0.93,-0.25,-0.16,0.14,0.18,25.6,0,254,0,12,36.8,415,421,496
23/09/2019 09:29:40.410,71,24.8,-3276.8,-14,0.01,0.04,3.737,22,16.000,65535.000,255,0.001900,0.000060,100,57,100,65535,1,295,-1.02,-0.96,-0.26,-0.16,0.13,0.18,25.6,0,254,-1,12,36.8,415,421,496
23/09/2019 09:29:41.410,73,24.8,-3276.8,-15,0.01,0.04,3.727,21,16.000,65535.000,255,0.001900,0.000060,100,57,100,65535,1,296,-1.02,-0.95,-0.26,-0.16,0.14,0.18,25.6,0,254,0,12,36.8,415,421,495
23/09/2019 09:29:42.410,73,24.7,-3276.8,-15,0.01,0.03,3.717,19,15.000,65535.000,255,0.001900,0.000060,100,57,100,65535,1,297,-1.03,-0.95,-0.25,-0.16,0.14,0.16,25.7,0,254,0,12,36.8,415,421,495
23/09/2019 09:29:43.410,73,24.7,-3276.8,-15,0.01,0.04,3.707,17,15.000,65535.000,255,0.001840,0.000060,100,57,100,65535,1,298,-1.02,-0.93,-0.25,-0.18,0.14,0.16,25.7,0,254,0,12,36.8,415,421,495
23/09/2019 09:29:44.410,74,24.9,-3276.8,-15,0.01,0.03,3.712,18,14.000,65535.000,255,0.001840,0.000060,100,57,100,65535,1,299,-1.02,-0.93,-0.25,-0.16,0.14,0.16,25.7,0,254,0,12,36.8,417,427,497
23/09/2019 09:29:45.410,73,24.9,-3276.8,-14,0.01,0.03,3.707,17,15.000,65535.000,255,0.001880,0.000060,100,57,100,65535,1,300,-1.02,-0.95,-0.25,-0.18,0.14,0.16,25.7,0,254,0,12,36.8,424,429,502
23/09/2019 09:29:46.410,73,24.8,-3276.8,-15,0.01,0.04,3.697,16,15.000,65535.000,255,0.001880,0.000080,100,57,100,65535,1,301,-1.02,-0.93,-0.25,-0.18,0.13,0.18,25.7,0,254,0,12,36.8,415,421,496
23/09/2019 09:29:47.410,73,24.8,-3276.8,-15,0.02,0.04,3.693,15,14.000,65535.000,255,0.001920,0.000100,100,56,100,65535,1,302,-1.02,-0.93,-0.26,-0.15,0.14,0.19,25.7,0,254,0,12,36.8,415,421,496
23/09/2019 09:29:48.410,77,24.8,-3276.8,-15,0.01,0.04,3.703,17,17.000,65535.000,255,0.001920,0.000120,100,57,100,65535,1,303,-1.02,-0.93,-0.26,-0.15,0.14,0.18,25.7,0,254,0,12,36.8,405,407,487
23/09/2019 09:29:49.410,81,24.8,-3276.8,-15,0.02,0.03,3.718,19,17.000,65535.000,255,0.001900,0.000100,100,57,100,65535,1,304,-1.02,-0.93,-0.25,-0.16,0.14,0.18,25.7,0,254,0,12,36.8,411,418,479
23/09/2019 09:29:50.410,82,24.4,-3276.8,-14,0.02,0.06,3.729,21,15.000,65535.000,255,0.001900,0.000100,100,57,100,65535,1,305,-1.02,-0.93,-0.24,-0.14,0.14,0.18,25.7,0,254,0,12,36.8,417,422,503
23/09/2019 09:29:51.410,80,24.4,-3276.8,-14,0.01,0.04,3.739,23,13.000,65535.000,255,0.002000,0.000140,100,57,100,65535,1,306,-1.02,-0.96,-0.25,-0.14,0.13,0.19,25.7,0,254,0,12,36.8,415,421,496
23/09/2019 09:29:52.410,79,24.1,-3276.8,-14,0.02,0.07,3.749,24,13.000,65535.000,255,0.002000,0.000140,100,57,100,65535,1,307,-1.02,-0.91,-0.25,-0.13,0.12,0.18,25.7,0,254,0,12,36.8,415,421,496
23/09/2019 09:29:53.410,79,24.1,-3276.8,-14,0.01,0.04,3.759,26,14.000,65535.000,255,0.002000,0.000120,100,58,100,65535,1,308,-1.02,-0.93,-0.25,-0.15,0.14,0.16,25.7,0,254,0,12,36.8,415,420,495
23/09/2019 09:29:54.410,82,23.8,-3276.8,-14,0.01,0.03,3.766,27,13.000,65535.000,255,0.002000,0.000120,100,58,100,65535,1,309,-1.02,-0.95,-0.21,-0.15,0.13,0.18,25.7,0,254,0,12,36.8,415,421,495
23/09/2019 09:29:55.410,82,23.8,-3276.8,-14,0.02,0.06,3.769,28,13.000,65535.000,255,0.001860,0.000100,100,59,100,65535,1,310,-1.02,-0.91,-0.22,-0.14,0.13,0.18,25.7,0,254,0,12,36.8,414,421,496
23/09/2019 09:29:56.410,78,23.5,-3276.8,-14,0.01,0.04,3.770,28,12.000,65535.000,255,0.001860,0.000100,100,59,100,65535,1,311,-1.03,-0.96,-0.24,-0.14,0.13,0.18,25.7,0,254,0,12,36.8,415,421,496
23/09/2019 09:29:57.410,75,23.5,-3276.8,-14,0.01,0.04,3.767,27,12.000,65535.000,255,0.001900,0.000080,100,59,100,65535,1,312,-1.03,-0.95,-0.24,-0.15,0.14,0.18,25.7,0,254,0,12,36.8,415,422,496
23/09/2019 09:29:58.410,72,23.3,-3276.8,-14,0.01,0.03,3.750,25,12.000,65535.000,255,0.001900,0.000080,100,59,100,65535,1,313,-1.01,-0.95,-0.24,-0.15,0.13,0.16,25.7,0,254,0,12,36.8,415,422,495
23/09/2019 09:29:59.410,69,23.3,-3276.8,-14,0.01,0.03,3.730,21,13.000,65535.000,255,0.001940,0.000080,100,59,100,65535,1,314,-1.02,-0.93,-0.22,-0.15,0.13,0.16,25.7,0,254,0,12,36.8,416,421,495
23/09/2019 09:30:00.410,70,22.7,-3276.8,-14,0.02,0.04,3.723,20,13.000,65535.000,255,0.001940,0.000060,100,59,100,65535,1,315,-1.03,-0.93,-0.24,-0.15,0.13,0.18,25.7,0,254,0,12,36.8,416,422,495
23/09/2019 09:30:01.410,69,22.7,-3276.8,-14,0.01,0.03,3.731,21,14.000,65535.000,255,0.001940,0.000080,100,59,100,65535,1,316,-1.02,-0.95,-0.22,-0.15,0.12,0.18,25.7,0,254,0,12,36.8,416,422,495
23/09/2019 09:30:02.410,68,22.3,-3276.8,-14,0.01,0.06,3.741,23,13.000,65535.000,255,0.001940,0.000080,100,59,100,65535,1,317,-1.02,-0.93,-0.22,-0.15,0.14,0.16,25.7,0,254,0,12,36.8,416,421,495
23/09/2019 09:30:03.410,70,22.3,-3276.8,-14,0.01,0.03,3.751,25,13.000,65535.000,255,0.001880,0.000080,100,58,100,65535,1,318,-1.01,-0.96,-0.24,-0.15,0.13,0.16,25.7,0,254,0,12,36.8,416,421,496
23/09/2019 09:30:04.410,68,21.8,-3276.8,-14,0.01,0.03,3.760,26,13.000,65535.000,255,0.001880,0.000080,100,58,100,65535,1,319,-1.02,-0.95,-0.22,-0.15,0.13,0.18,25.7,0,254,0,12,36.8,420,424,498
23/09/2019 09:30:05.410,70,21.8,-3276.8,-14,0.01,0.04,3.765,27,14.000,65535.000,255,0.001880,0.000100,100,58,100,65535,1,320,-1.02,-0.93,-0.22,-0.14,0.13,0.18,25.7,0,254,0,12,36.8,425,433,505
23/09/2019 09:30:06.410,70,21.8,-3276.8,-14,0.01,0.04,3.767,27,14.000,65535.000,255,0.001880,0.000100,100,58,100,65535,1,321,-1.02,-0.93,-0.22,-0.15,0.13,0.16,25.7,0,254,0,12,36.8,415,421,496
23/09/2019 09:30:07.410,69,21.8,-3276.8,-14,0.02,0.12,3.769,28,15.000,65535.000,255,0.001900,0.000100,100,58,100,65535,1,322,-1.02,-0.93,-0.24,-0.14,0.14,0.33,25.7,0,254,0,12,36.8,406,405,476
23/09/2019 09:30:08.410,70,21.7,-3276.8,-14,0.01,0.06,3.770,28,14.000,65535.000,255,0.001900,0.000100,100,58,100,65535,1,323,-1.03,-0.92,-0.22,-0.15,0.14,0.18,25.7,0,254,0,12,36.8,428,427,484
23/09/2019 09:30:09.410,68,21.7,-3276.8,-14,0.01,0.04,3.770,28,14.000,65535.000,255,0.001860,0.000100,100,58,100,65535,1,324,-1.02,-0.93,-0.24,-0.15,0.14,0.18,25.7,0,254,0,12,36.8,415,421,496
23/09/2019 09:30:10.410,66,21.6,-3276.8,-14,0.01,0.03,3.764,27,15.000,65535.000,255,0.001860,0.000100,100,58,100,65535,1,325,-1.02,-0.95,-0.22,-0.15,0.14,0.18,25.7,0,254,0,12,36.8,415,421,496
23/09/2019 09:30:11.410,68,21.6,-3276.8,-14,0.01,0.03,3.744,24,15.000,65535.000,255,0.001920,0.000100,100,58,100,65535,1,326,-1.03,-0.96,-0.24,-0.15,0.13,0.16,25.7,0,254,0,12,36.8,415,421,496
23/09/2019 09:30:12.410,67,21.6,-3276.8,-14,0.01,0.04,3.724,20,14.000,65535.000,255,0.001920,0.000100,100,58,100,65535,1,327,-1.02,-0.92,-0.24,-0.16,0.14,0.16,25.7,0,254,0,12,36.8,416,422,496
23/09/2019 09:30:13.410,68,21.6,-3276.8,-14,0.01,0.04,3.723,20,14.000,65535.000,255,0.001900,0.000100,100,58,100,65535,1,328,-1.02,-0.93,-0.24,-0.15,0.14,0.16,25.7,0,254,0,12,36.8,416,421,496
23/09/2019 09:30:14.410,69,21.8,-3276.8,-14,0.01,0.04,3.732,22,14.000,65535.000,255,0.001900,0.000080,100,57,100,65535,1,329,-1.02,-0.95,-0.26,-0.16,0.13,0.18,25.7,0,254,0,12,36.8,415,422,496
23/09/2019 09:30:15.410,71,21.8,-3276.8,-15,0.01,0.04,3.742,23,14.000,65535.000,255,0.001880,0.000060,100,57,100,65535,1,330,-1.02,-0.95,-0.25,-0.15,0.13,0.16,25.7,0,254,0,12,36.8,416,422,496
23/09/2019 09:30:16.410,72,22.0,-3276.8,-14,0.01,0.04,3.752,25,13.000,65535.000,255,0.001880,0.000080,100,57,100,65535,1,331,-1.02,-0.93,-0.22,-0.15,0.13,0.18,25.7,0,254,0,12,36.8,416,422,495
23/09/2019 09:30:17.410,71,22.0,-3276.8,-14,0.01,0.06,3.762,27,13.000,65535.000,255,0.001860,0.000080,100,57,100,65535,1,332,-1.02,-0.92,-0.24,-0.16,0.13,0.16,25.7,0,254,0,12,36.8,416,422,496
23/09/2019 09:30:18.410,73,21.9,-3276.8,-14,0.01,0.04,3.766,27,13.000,65535.000,255,0.001860,0.000080,100,57,100,65535,1,333,-1.02,-0.95,-0.25,-0.16,0.13,0.18,25.7,0,254,0,12,36.8,416,422,496
23/09/2019 09:30:19.410,74,21.9,-3276.8,-14,0.01,0.03,3.769,28,13.000,65535.000,255,0.001880,0.000080,100,57,100,65535,1,334,-1.02,-0.95,-0.25,-0.16,0.12,0.18,25.7,0,254,0,12,36.8,415,422,496
23/09/2019 09:30:20.410,71,22.1,-3276.8,-14,0.01,0.04,3.770,28,13.000,65535.000,255,0.001880,0.000100,100,56,100,65535,1,335,-1.02,-0.95,-0.24,-0.15,0.12,0.16,25.7,0,254,0,12,36.8,415,421,495
23/09/2019 09:30:21.410,72,22.1,-3276.8,-14,0.01,0.03,3.771,28,12.000,65535.000,255,0.001860,0.000080,100,56,100,65535,1,336,-1.02,-0.95,-0.24,-0.16,0.13,0.16,25.7,0,254,0,12,36.8,415,421,495
23/09/2019 09:30:22.410,71,22.3,-3276.8,-14,0.01,0.03,3.771,28,13.000,65535.000,255,0.001860,0.000080,100,56,100,65535,1,337,-1.02,-0.93,-0.24,-0.16,0.13,0.18,25.7,0,254,0,12,36.8,415,421,495
23/09/2019 09:30:23.410,71,22.3,-3276.8,-14,0.01,0.04,3.759,26,14.000,65535.000,255,0.001880,0.000100,100,56,100,65535,1,338,-1.02,-0.93,-0.24,-0.16,0.13,0.19,25.8,0,254,0,12,36.8,415,421,495
23/09/2019 09:30:24.410,71,22.5,-3276.8,-14,0.01,0.04,3.739,23,13.000,65535.000,255,0.001880,0.000100,100,56,100,65535,1,339,-1.03,-0.95,-0.25,-0.15,0.13,0.18,25.8,0,254,0,12,36.8,417,424,498
23/09/2019 09:30:25.410,70,22.5,-3276.8,-14,0.01,0.04,3.723,20,15.000,65535.000,255,0.001920,0.000100,100,56,100,65535,1,340,-1.03,-0.95,-0.26,-0.16,0.13,0.16,25.8,0,254,0,12,36.8,433,434,503
23/09/2019 09:30:26.410,71,22.6,-3276.8,-14,0.01,0.04,3.726,21,14.000,65535.000,255,0.001920,0.000100,100,56,100,65535,1,341,-1.02,-0.95,-0.25,-0.15,0.13,0.16,25.8,0,254,0,12,36.8,415,421,496
23/09/2019 09:30:27.410,70,22.6,-3276.8,-14,0.01,0.04,3.736,22,15.000,65535.000,255,0.001900,0.000100,100,55,100,65535,1,342,-1.03,-0.92,-0.26,-0.16,0.13,0.16,25.8,0,254,0,12,36.8,414,420,495
23/09/2019 09:30:28.410,73,22.5,-3276.8,-14,0.02,0.06,3.746,24,14.000,65535.000,255,0.001900,0.000100,100,55,100,65535,1,343,-1.03,-0.93,-0.24,-0.14,0.13,0.16,25.8,0,254,0,12,36.8,400,411,483
23/09/2019 09:30:29.410,71,22.5,-3276.8,-14,0.01,0.04,3.756,26,13.000,65535.000,255,0.001940,0.000100,100,55,100,65535,1,344,-1.02,-0.95,-0.22,-0.15,0.13,0.16,25.8,0,254,0,12,36.8,406,414,480
23/09/2019 09:30:30.410,69,22.3,-3276.8,-14,0.01,0.04,3.764,27,12.000,65535.000,255,0.001940,0.000120,100,56,100,65535,1,345,-1.02,-0.95,-0.24,-0.14,0.12,0.18,25.8,0,254,0,12,36.8,416,423,497
23/09/2019 09:30:31.410,69,22.3,-3276.8,-14,0.02,0.04,3.768,28,15.000,65535.000,255,0.001960,0.000140,100,56,100,65535,1,346,-1.04,-0.93,-0.26,-0.15,0.13,0.18,25.8,0,254,0,12,36.8,417,422,496
23/09/2019 09:30:32.410,72,22.5,-3276.8,-15,0.02,0.03,3.769,28,15.000,65535.000,255,0.001960,0.000140,100,56,100,65535,1,347,-1.03,-0.95,-0.25,-0.16,0.12,0.18,25.8,0,254,0,12,36.8,416,421,495
23/09/2019 09:30:33.410,76,22.5,-3276.8,-15,0.01,0.04,3.770,28,16.000,65535.000,255,0.001920,0.000100,100,56,100,65535,1,348,-1.02,-0.93,-0.26,-0.18,0.14,0.18,25.8,0,254,0,12,36.8,416,422,496
23/09/2019 09:30:34.410,78,22.3,-3276.8,-15,0.01,0.04,3.771,28,16.000,65535.000,255,0.001920,0.000100,100,56,100,65535,1,349,-1.02,-0.95,-0.25,-0.19,0.13,0.18,25.8,0,254,0,12,36.8,417,422,496
23/09/2019 09:30:35.410,81,22.3,-3276.8,-15,0.02,0.04,3.769,28,15.000,65535.000,255,0.001900,0.000120,100,56,100,65535,1,350,-1.02,-0.93,-0.26,-0.16,0.13,0.18,25.8,0,254,0,12,36.8,416,421,496
23/09/2019 09:30:36.410,82,22.2,-3276.8,-15,0.01,0.04,3.755,25,15.000,65535.000,255,0.001900,0.000100,100,57,100,65535,1,351,-1.02,-0.95,-0.27,-0.16,0.13,0.16,25.8,0,254,0,12,36.8,417,422,496
23/09/2019 09:30:37.410,79,22.2,-3276.8,-15,0.01,0.04,3.735,22,16.000,65535.000,255,0.001920,0.000100,100,56,100,65535,1,352,-1.03,-0.93,-0.25,-0.18,0.14,0.16,25.8,0,254,0,12,36.8,416,423,495
23/09/2019 09:30:38.410,76,22.4,-3276.8,-15,0.01,0.06,3.722,20,17.000,65535.000,255,0.001920,0.000080,100,56,100,65535,1,353,-1.02,-0.93,-0.28,-0.19,0.13,0.18,25.9,0,254,0,12,36.8,416,422,496
23/09/2019 09:30:39.410,75,22.4,-3276.8,-15,0.01,0.04,3.712,18,17.000,65535.000,255,0.001920,0.000080,100,56,100,65535,1,354,-1.02,-0.95,-0.27,-0.18,0.12,0.18,25.9,0,254,0,12,36.8,417,422,496
23/09/2019 09:30:40.410,72,22.5,-3276.8,-15,0.01,0.06,3.706,17,17.000,65535.000,255,0.001920,0.000080,100,56,100,65535,1,355,-1.02,-0.92,-0.26,-0.18,0.14,0.18,25.9,0,254,0,12,36.8,417,422,496
23/09/2019 09:30:41.410,72,22.5,-3276.8,-15,0.02,0.04,3.705,17,16.000,65535.000,255,0.001900,0.000100,100,56,100,65535,1,356,-1.02,-0.95,-0.26,-0.15,0.14,0.18,25.9,0,254,0,12,36.8,416,422,496
23/09/2019 09:30:42.410,71,22.7,-3276.8,-15,0.01,0.03,3.704,17,16.000,65535.000,255,0.001900,0.000100,100,56,100,65535,1,357,-1.02,-0.93,-0.26,-0.18,0.14,0.18,25.9,0,254,0,12,36.8,415,422,495
23/09/2019 09:30:43.410,71,22.7,-3276.8,-15,0.02,0.04,3.703,17,17.000,65535.000,255,0.001900,0.000160,100,56,100,65535,1,358,-1.02,-0.95,-0.27,-0.19,0.13,0.19,25.9,0,254,0,12,36.8,415,421,496
23/09/2019 09:30:44.410,71,22.8,-3276.8,-15,0.02,0.06,3.711,18,16.000,65535.000,255,0.001900,0.000160,100,56,100,65535,1,359,-1.01,-0.92,-0.26,-0.18,0.13,0.18,25.9,0,254,0,12,36.8,416,421,496
23/09/2019 09:30:45.410,73,22.8,-3276.8,-15,0.02,0.06,3.721,20,16.000,65535.000,255,0.001840,0.000160,100,56,100,65535,1,360,-1.01,-0.93,-0.27,-0.15,0.13,0.18,25.9,0,254,0,12,36.8,416,421,495
23/09/2019 09:30:46.410,72,22.9,-3276.8,-15,0.01,0.03,3.731,21,16.000,65535.000,255,0.001840,0.000160,100,55,100,65535,1,361,-1.02,-0.95,-0.26,-0.18,0.14,0.18,25.9,0,254,0,12,36.8,418,426,497
23/09/2019 09:30:47.410,72,22.9,-3276.8,-15,0.02,0.06,3.741,23,16.000,65535.000,255,0.001920,0.000160,100,55,100,65535,1,362,-1.02,-0.93,-0.28,-0.18,0.14,0.18,25.9,0,254,0,12,36.8,424,430,502
23/09/2019 09:30:48.410,71,23.3,-3276.8,-15,0.01,0.03,3.745,24,19.000,65535.000,255,0.001920,0.000140,100,55,100,65535,1,363,-1.02,-0.95,-0.26,-0.20,0.13,0.16,25.9,0,254,0,12,36.8,415,422,496
23/09/2019 09:30:49.410,74,23.3,-3276.8,-15,0.01,0.04,3.734,22,19.000,65535.000,255,0.002040,0.000120,100,54,100,65535,1,364,-1.03,-0.93,-0.27,-0.18,0.13,0.16,25.9,0,254,0,12,36.8,415,422,496
23/09/2019 09:30:50.410,72,24.0,-3276.8,-15,0.01,0.04,3.721,20,19.000,65535.000,255,0.002040,0.000100,100,54,100,65535,1,365,-1.01,-0.93,-0.26,-0.16,0.13,0.16,25.9,0,254,0,12,36.8,415,422,496
23/09/2019 09:30:51.410,71,24.0,-3276.8,-15,0.01,0.03,3.718,19,20.000,65535.000,255,0.001980,0.000100,100,54,100,65535,1,366,-1.02,-0.95,-0.26,-0.19,0.13,0.18,25.9,0,254,0,12,36.8,408,403,486
23/09/2019 09:30:52.410,73,24.3,-3276.8,-15,0.01,0.03,3.727,21,19.000,65535.000,255,0.001980,0.000100,100,53,100,65535,1,367,-1.02,-0.95,-0.26,-0.19,0.13,0.18,25.9,0,254,0,12,36.8,403,412,485
23/09/2019 09:30:53.410,73,24.3,-3276.8,-15,0.01,0.03,3.737,22,19.000,65535.000,255,0.001920,0.000080,100,53,100,65535,1,368,-1.02,-0.95,-0.26,-0.19,0.13,0.18,25.9,0,254,0,12,36.8,419,423,505
23/09/2019 09:30:54.410,75,24.6,-3276.8,-15,0.01,0.06,3.747,24,18.000,65535.000,255,0.001920,0.000100,100,53,100,65535,1,369,-1.02,-0.95,-0.30,-0.20,0.14,0.16,25.9,0,254,0,12,36.8,414,421,495
23/09/2019 09:30:55.410,75,24.6,-3276.8,-15,0.01,0.04,3.756,26,18.000,65535.000,255,0.001960,0.000100,100,53,100,65535,1,370,-1.03,-0.93,-0.27,-0.18,0.13,0.16,25.9,0,254,0,12,36.8,415,421,496
23/09/2019 09:30:56.410,73,24.8,-3276.8,-15,0.01,0.04,3.764,27,18.000,65535.000,255,0.001960,0.000100,100,53,100,65535,1,371,-1.02,-0.95,-0.27,-0.18,0.13,0.18,25.9,0,254,0,12,36.8,415,421,494
23/09/2019 09:30:57.410,75,24.8,-3276.8,-15,0.02,0.03,3.767,27,17.000,65535.000,255,0.001960,0.000100,100,53,100,65535,1,372,-1.03,-0.95,-0.27,-0.19,0.13,0.18,25.9,0,254,0,12,36.8,415,421,496
23/09/2019 09:30:58.410,74,25.0,-3276.8,-15,0.01,0.04,3.769,28,17.000,65535.000,255,0.001960,0.000100,100,53,100,65535,1,373,-1.03,-0.93,-0.27,-0.18,0.13,0.16,25.9,0,254,0,12,36.8,414,421,496
23/09/2019 09:30:59.410,75,25.0,-3276.8,-15,0.01,0.04,3.769,28,17.000,65535.000,255,0.001920,0.000100,100,53,100,65535,1,374,-1.02,-0.96,-0.27,-0.19,0.13,0.18,25.9,0,254,0,12,36.8,414,420,495
23/09/2019 09:31:00.410,74,25.2,-3276.8,-15,0.01,0.06,3.769,28,17.000,65535.000,255,0.001920,0.000080,100,53,100,65535,1,375,-1.02,-0.93,-0.27,-0.18,0.13,0.16,25.9,0,254,0,12,36.8,415,420,496
23/09/2019 09:31:01.410,74,25.2,-3276.8,-15,0.01,0.03,3.762,27,19.000,65535.000,255,0.001920,0.000100,100,53,100,65535,1,376,-1.02,-0.93,-0.26,-0.19,0.13,0.18,25.9,0,254,0,12,36.8,414,420,496
23/09/2019 09:31:02.410,74,25.4,-3276.8,-15,0.02,0.03,3.742,23,18.000,65535.000,255,0.001920,0.000140,100,53,100,65535,1,377,-1.02,-0.92,-0.26,-0.19,0.14,0.18,25.9,0,254,0,12,36.8,414,419,496
23/09/2019 09:31:03.410,73,25.4,-3276.8,-15,0.01,0.04,3.723,20,17.000,65535.000,255,0.001980,0.000300,100,53,100,65535,1,378,-1.03,-0.93,-0.25,-0.18,0.13,0.18,25.9,0,254,0,12,36.8,415,420,495
23/09/2019 09:31:04.410,72,25.5,-3276.8,-15,0.01,0.03,3.723,20,16.000,65535.000,255,0.001980,0.000260,100,53,100,65535,1,379,-1.02,-0.95,-0.26,-0.18,0.14,0.18,25.9,0,254,0,12,36.8,415,420,495
23/09/2019 09:31:05.410,71,25.5,-3276.8,-15,0.02,0.04,3.733,22,19.000,65535.000,255,0.002000,0.000220,100,53,100,65535,1,380,-1.02,-0.95,-0.25,-0.16,0.13,0.18,25.9,0,254,0,12,36.8,415,421,496
23/09/2019 09:31:06.410,69,25.4,-3276.8,-14,0.02,0.06,3.743,23,20.000,65535.000,255,0.002000,0.000500,98,53,100,65535,1,381,-1.02,-0.92,-0.24,-0.14,0.12,0.18,25.9,0,254,0,12,36.8,415,421,495
23/09/2019 09:31:07.410,69,25.4,-3276.8,-14,0.02,0.10,3.753,25,20.000,65535.000,255,0.001920,0.000420,96,53,100,65535,1,382,-1.02,-0.93,-0.24,-0.15,0.02,0.18,25.9,0,254,0,12,36.8,415,421,495
23/09/2019 09:31:08.410,68,25.3,-3276.8,-14,0.02,0.06,3.762,27,20.000,65535.000,255,0.001920,0.000360,96,53,100,65535,1,383,-1.03,-0.92,-0.22,-0.13,0.14,0.19,25.9,0,254,0,12,36.8,414,421,496
23/09/2019 09:31:09.410,67,25.3,-3276.8,-15,0.02,0.07,3.766,27,19.000,65535.000,255,0.001820,0.000280,97,53,100,65535,1,384,-1.03,-0.93,-0.27,-0.14,0.14,0.18,25.9,0,254,0,12,36.8,415,421,496
23/09/2019 09:31:10.410,68,25.4,-3276.8,-15,0.01,0.04,3.768,28,18.000,65535.000,255,0.001820,0.000220,97,53,100,65535,1,385,-1.02,-0.93,-0.26,-0.16,0.14,0.18,25.9,0,254,0,12,36.8,414,420,496
23/09/2019 09:31:11.410,69,25.4,-3276.8,-15,0.02,0.06,3.770,28,19.000,65535.000,255,0.001780,0.000200,98,53,100,65535,1,386,-1.03,-0.93,-0.27,-0.18,0.14,0.18,25.9,0,254,0,12,36.8,415,421,496
23/09/2019 09:31:12.410,74,25.3,-3276.8,-15,0.02,0.06,3.770,28,18.000,65535.000,255,0.001780,0.000280,98,53,100,65535,1,387,-1.02,-0.93,-0.30,-0.20,0.14,0.18,25.9,0,254,0,12,36.8,415,422,496
23/09/2019 09:31:13.410,76,25.3,-3276.8,-15,0.02,0.06,3.770,28,19.000,65535.000,255,0.001760,0.000220,98,53,100,65535,1,388,-1.02,-0.92,-0.30,-0.19,0.13,0.19,25.9,0,254,0,12,36.8,424,427,496
23/09/2019 09:31:14.410,80,25.5,-3276.8,-15,0.01,0.03,3.757,26,26.000,65535.000,255,0.001760,0.000180,98,53,100,65535,1,389,-1.02,-0.92,-0.25,-0.19,0.13,0.18,26.0,0,254,0,12,36.8,426,435,503
23/09/2019 09:31:15.410,81,25.5,-3276.8,-15,0.01,0.04,3.737,22,28.000,65535.000,255,0.001980,0.000140,99,53,100,65535,1,390,-1.01,-0.95,-0.27,-0.18,0.13,0.18,26.0,0,254,0,12,36.8,415,422,496
23/09/2019 09:31:16.410,80,25.3,-3276.8,-15,0.01,0.04,3.723,20,28.000,65535.000,255,0.001980,0.000120,99,53,100,65535,1,391,-1.02,-0.93,-0.27,-0.19,0.13,0.18,26.0,0,254,0,12,36.8,416,421,496
23/09/2019 09:31:17.410,77,25.3,-3276.8,-15,0.02,0.04,3.726,21,27.000,65535.000,255,0.002000,0.000100,99,53,100,65535,1,392,-1.03,-0.93,-0.27,-0.19,0.14,0.16,26.0,0,254,0,12,36.8,397,408,495
23/09/2019 09:31:18.410,74,24.9,-3276.8,-15,0.01,0.04,3.736,22,25.000,65535.000,255,0.002000,0.000080,99,53,100,65535,1,393,-1.02,-0.95,-0.27,-0.18,0.14,0.18,26.0,0,254,0,12,36.8,407,418,490
23/09/2019 09:31:19.410,72,24.9,-3276.8,-15,0.01,0.03,3.746,24,23.000,65535.000,255,0.002000,0.000080,99,53,100,65535,1,394,-1.01,-0.95,-0.27,-0.18,0.13,0.16,26.0,0,254,0,12,36.8,407,423,475
23/09/2019 09:31:20.410,72,24.2,-3276.8,-15,0.02,0.03,3.756,26,21.000,65535.000,255,0.002000,0.000100,99,53,100,65535,1,395,-1.02,-0.95,-0.27,-0.19,0.13,0.18,26.0,0,254,0,12,36.8,425,430,496
23/09/2019 09:31:21.410,73,24.2,-3276.8,-15,0.02,0.04,3.764,27,25.000,65535.000,255,0.002000,0.000100,99,53,100,65535,1,396,-1.02,-0.93,-0.28,-0.18,0.10,0.18,26.0,0,254,0,12,36.8,415,421,496
23/09/2019 09:31:22.410,78,23.6,-3276.8,-15,0.01,0.04,3.766,27,23.000,65535.000,255,0.002000,0.000100,100,53,100,65535,1,397,-1.02,-0.93,-0.28,-0.19,0.14,0.18,26.0,0,254,0,12,36.8,414,421,496
23/09/2019 09:31:23.410,83,23.6,-3276.8,-17,0.01,0.04,3.768,28,20.000,65535.000,255,0.001900,0.000080,100,54,100,65535,1,398,-1.02,-0.93,-0.28,-0.20,0.14,0.18,26.0,0,254,0,12,36.8,415,421,496
23/09/2019 09:31:24.410,84,23.0,-3276.8,-15,0.01,0.04,3.769,28,20.000,65535.000,255,0.001900,0.000080,100,54,100,65535,1,399,-1.01,-0.93,-0.27,-0.19,0.14,0.18,26.0,0,254,0,12,36.8,415,421,495
23/09/2019 09:31:25.410,82,23.0,-3276.8,-15,0.01,0.04,3.770,28,21.000,65535.000,255,0.001860,0.000080,100,54,100,65535,1,400,-1.03,-0.95,-0.26,-0.19,0.14,0.18,26.0,0,254,0,12,36.8,415,421,495
23/09/2019 09:31:26.410,79,22.5,-3276.8,-17,0.01,0.04,3.767,27,23.000,65535.000,255,0.001860,0.000080,100,54,100,65535,1,401,-1.02,-0.95,-0.28,-0.18,0.14,0.18,26.0,0,254,0,12,36.8,414,421,495
23/09/2019 09:31:27.410,78,22.5,-3276.8,-15,0.02,0.04,3.752,25,20.000,65535.000,255,0.001920,0.000080,100,54,100,65535,1,402,-1.03,-0.93,-0.27,-0.20,0.14,0.18,26.1,0,254,0,12,36.8,415,420,496
23/09/2019 09:31:28.410,75,22.1,-3276.8,-17,0.01,0.04,3.732,22,21.000,65535.000,255,0.001920,0.000080,100,54,100,65535,1,403,-1.02,-0.93,-0.27,-0.18,0.13,0.18,26.1,0,254,0,12,36.8,415,422,495
23/09/2019 09:31:29.410,74,22.1,-3276.8,-17,0.02,0.03,3.723,20,20.000,65535.000,255,0.001900,0.000100,100,54,100,65535,1,404,-1.02,-0.93,-0.28,-0.20,0.13,0.18,26.1,0,254,0,12,36.8,415,422,495
23/09/2019 09:31:30.410,77,21.4,-3276.8,-17,0.01,0.04,3.729,21,20.000,65535.000,255,0.001900,0.000080,100,55,100,65535,1,405,-1.02,-0.93,-0.30,-0.20,0.13,0.18,26.1,0,254,0,12,36.8,414,421,495
23/09/2019 09:31:31.410,79,21.4,-3276.8,-17,0.01,0.06,3.739,23,20.000,65535.000,255,0.001840,0.000080,100,54,100,65535,1,406,-1.01,-0.95,-0.28,-0.19,0.14,0.18,26.1,0,254,0,12,36.8,415,421,496
23/09/2019 09:31:32.410,83,20.8,-3276.8,-17,0.01,0.04,3.749,24,21.000,65535.000,255,0.001840,0.000080,100,55,100,65535,1,407,-1.02,-0.93,-0.30,-0.20,0.13,0.19,26.1,0,254,0,12,36.8,415,422,496
23/09/2019 09:31:33.410,83,20.8,-3276.8,-17,0.02,0.03,3.758,26,20.000,65535.000,255,0.001840,0.000060,100,55,100,65535,1,408,-1.02,-0.93,-0.31,-0.21,0.14,0.18,26.1,0,254,0,12,36.8,415,421,496
23/09/2019 09:31:34.410,82,19.9,-3276.8,-17,0.01,0.04,3.764,27,17.000,65535.000,255,0.001840,0.000060,100,55,100,65535,1,409,-1.02,-0.95,-0.28,-0.20,0.14,0.18,26.1,0,254,0,12,36.8,415,421,496
23/09/2019 09:31:35.410,79,19.9,-3276.8,-17,0.01,0.04,3.767,27,17.000,65535.000,255,0.001900,0.000060,100,55,100,65535,1,410,-1.02,-0.95,-0.28,-0.20,0.14,0.18,26.1,0,254,0,12,36.8,415,420,496
23/09/2019 09:31:36.410,79,19.4,-3276.8,-17,0.01,0.03,3.769,28,18.000,65535.000,255,0.001900,0.000060,100,55,100,65535,1,411,-1.01,-0.93,-0.28,-0.21,0.14,0.19,26.1,0,254,0,12,36.8,415,421,496
23/09/2019 09:31:37.410,80,19.4,-3276.8,-17,0.01,0.06,3.771,28,18.000,65535.000,255,0.001880,0.000060,100,56,100,65535,1,412,-1.01,-0.93,-0.28,-0.19,0.14,0.18,26.1,0,254,0,12,36.8,415,421,495
23/09/2019 09:31:38.410,79,19.3,-3276.8,-17,0.01,0.03,3.770,28,18.000,65535.000,255,0.001880,0.000060,100,56,100,65535,1,413,-1.02,-0.93,-0.28,-0.21,0.13,0.18,26.1,0,254,0,12,36.8,414,421,496
23/09/2019 09:31:39.410,81,19.3,-3276.8,-17,0.01,0.03,3.751,25,19.000,65535.000,255,0.001820,0.000060,100,56,100,65535,1,414,-1.02,-0.93,-0.28,-0.21,0.14,0.18,26.3,0,254,0,12,36.8,415,421,495
23/09/2019 09:31:40.410,81,19.2,-3276.8,-17,0.01,0.03,3.721,20,18.000,65535.000,255,0.001820,0.000060,100,56,100,65535,1,415,-1.02,-0.95,-0.28,-0.21,0.13,0.18,26.3,0,254,0,12,36.8,415,422,496
23/09/2019 09:31:41.410,77,19.2,-3276.8,-17,0.01,0.04,3.691,15,18.000,65535.000,255,0.001840,0.000060,100,54,100,65535,1,416,-1.02,-0.93,-0.28,-0.20,0.13,0.16,26.3,0,254,0,12,36.8,417,424,496
23/09/2019 09:31:42.410,77,19.0,-3276.8,-17,0.01,0.03,3.678,13,20.000,65535.000,255,0.001840,0.000080,100,54,100,65535,1,417,-1.01,-0.93,-0.30,-0.20,0.13,0.16,26.3,0,254,0,12,36.8,433,436,503
23/09/2019 09:31:43.410,76,19.0,-3276.8,-17,0.01,0.03,3.680,13,17.000,65535.000,255,0.001880,0.000060,100,54,100,65535,1,418,-1.02,-0.93,-0.28,-0.21,0.13,0.18,26.3,0,254,0,12,36.8,415,421,496
23/09/2019 09:31:44.410,75,18.9,-3276.8,-17,0.01,0.04,3.692,15,16.000,65535.000,255,0.001880,0.000060,100,53,100,65535,1,419,-1.01,-0.92,-0.28,-0.20,0.13,0.18,26.3,0,254,0,12,36.8,415,421,495
23/09/2019 09:31:45.410,72,18.9,-3276.8,-17,0.01,0.03,3.711,18,16.000,65535.000,255,0.001900,0.000040,100,53,100,65535,1,420,-1.02,-0.93,-0.30,-0.21,0.14,0.18,26.3,0,254,0,12,36.8,415,421,495
23/09/2019 09:31:46.410,73,18.9,-3276.8,-17,0.01,0.03,3.725,20,19.000,65535.000,255,0.001900,0.000040,100,53,100,65535,1,421,-1.02,-0.93,-0.28,-0.21,0.14,0.18,26.3,0,254,0,12,36.8,405,405,473
23/09/2019 09:31:47.410,76,18.9,-3276.8,-17,0.01,0.03,3.735,22,18.000,65535.000,255,0.001840,0.000060,100,53,100,65535,1,422,-1.01,-0.93,-0.28,-0.21,0.14,0.18,26.3,0,254,0,12,36.8,416,411,474
23/09/2019 09:31:48.410,76,18.8,-3276.8,-17,0.01,0.03,3.745,24,19.000,65535.000,255,0.001840,0.000060,100,53,100,65535,1,423,-1.01,-0.93,-0.30,-0.22,0.12,0.18,26.3,0,254,0,12,36.8,415,421,496
23/09/2019 09:31:49.410,74,18.8,-3276.8,-17,0.01,0.03,3.755,25,20.000,65535.000,255,0.001820,0.000060,100,53,100,65535,1,424,-1.01,-0.93,-0.30,-0.22,0.13,0.18,26.3,0,254,0,12,36.8,414,421,496
23/09/2019 09:31:50.410,75,18.7,-3276.8,-17,0.01,0.04,3.764,27,20.000,65535.000,255,0.001820,0.000060,100,53,100,65535,1,425,-1.02,-0.93,-0.30,-0.20,0.14,0.16,26.3,0,254,0,12,36.8,415,421,495
23/09/2019 09:31:51.410,72,18.7,-3276.8,-17,0.01,0.03,3.766,27,21.000,65535.000,255,0.001880,0.000060,100,53,100,65535,1,426,-1.02,-0.93,-0.27,-0.20,0.14,0.18,26.3,0,254,0,12,36.8,415,421,496
23/09/2019 09:31:52.410,71,18.6,-3276.8,-17,0.01,0.03,3.758,26,21.000,65535.000,255,0.001880,0.000060,100,52,100,65535,1,427,-1.01,-0.93,-0.30,-0.22,0.14,0.18,26.3,0,210,0,12,36.8,415,421,496
23/09/2019 09:31:53.410,72,18.6,-3276.8,-17,0.01,0.03,3.738,23,19.000,65535.000,255,0.001820,0.000060,100,52,100,65535,1,428,-1.01,-0.93,-0.28,-0.21,0.13,0.18,26.3,0,254,0,12,36.8,415,420,496
23/09/2019 09:31:54.410,70,18.9,-3276.8,-17,0.01,0.03,3.721,20,19.000,65535.000,255,0.001820,0.000040,100,52,100,65535,1,429,-1.01,-0.93,-0.30,-0.21,0.13,0.16,26.3,0,254,0,12,36.8,415,421,497
23/09/2019 09:31:55.410,69,18.9,-3276.8,-17,0.01,0.03,3.723,20,20.000,65535.000,255,0.001800,0.000040,100,52,100,65535,1,430,-1.02,-0.93,-0.30,-0.21,0.14,0.18,26.3,0,254,0,12,36.8,415,421,496
23/09/2019 09:31:56.410,70,18.8,-3276.8,-17,0.01,0.03,3.733,22,18.000,65535.000,255,0.001800,0.000040,100,52,100,65535,1,431,-1.02,-0.95,-0.28,-0.22,0.14,0.18,26.3,0,254,0,12,36.8,415,421,495
23/09/2019 09:31:57.410,70,18.8,-3276.8,-17,0.01,0.03,3.743,23,17.000,65535.000,255,0.001840,0.000040,100,52,100,65535,1,432,-1.02,-0.93,-0.28,-0.21,0.13,0.18,26.3,0,254,0,12,36.8,415,421,496
23/09/2019 09:31:58.410,70,18.7,-3276.8,-17,0.02,0.04,3.752,25,17.000,65535.000,255,0.001840,0.000060,100,52,100,65535,1,433,-1.03,-0.95,-0.30,-0.20,0.14,0.18,26.3,0,254,0,12,36.8,415,421,496
23/09/2019 09:31:59.410,71,18.7,-3276.8,-17,0.01,0.04,3.761,26,17.000,65535.000,255,0.001860,0.000060,100,52,100,65535,1,434,-1.03,-0.93,-0.30,-0.21,0.14,0.16,26.3,0,254,0,12,36.8,415,421,496
23/09/2019 09:32:00.410,71,18.9,-3276.8,-17,0.01,0.04,3.765,27,16.000,65535.000,255,0.001860,0.000060,100,52,100,65535,1,435,-1.03,-0.93,-0.30,-0.21,0.14,0.18,26.3,0,254,0,12,36.8,415,421,496
23/09/2019 09:32:01.410,73,18.9,-3276.8,-17,0.02,0.04,3.768,28,15.000,65535.000,255,0.001880,0.000060,100,52,100,65535,1,436,-1.03,-0.92,-0.30,-0.20,0.13,0.18,26.3,0,254,0,12,36.8,415,422,496
23/09/2019 09:32:02.410,73,19.1,-3276.8,-17,0.01,0.04,3.769,28,15.000,65535.000,255,0.001880,0.000080,100,52,100,65535,1,437,-1.02,-0.92,-0.28,-0.21,0.13,0.16,26.3,0,254,0,12,36.8,415,421,496
23/09/2019 09:32:03.410,79,19.1,-3276.8,-17,0.01,0.03,3.769,28,18.000,65535.000,255,0.001880,0.000060,100,52,100,65535,1,438,-1.02,-0.95,-0.30,-0.21,0.14,0.18,26.3,0,254,0,12,36.8,415,421,496
23/09/2019 09:32:04.410,80,19.3,-3276.8,-17,0.01,0.12,3.768,28,17.000,65535.000,255,0.001880,0.000060,100,52,100,65535,1,439,-1.02,-0.93,-0.28,-0.21,-0.03,0.18,26.3,0,254,0,12,36.8,414,421,495
23/09/2019 09:32:05.410,78,19.3,-3276.8,-17,0.01,0.04,3.754,25,17.000,65535.000,255,0.001840,0.000060,100,52,100,65535,1,440,-1.01,-0.92,-0.30,-0.20,0.13,0.18,26.3,0,254,-3,12,36.8,414,421,496
23/09/2019 09:32:06.410,78,19.5,-3276.8,-17,0.01,0.04,3.734,22,18.000,65535.000,255,0.001840,0.000060,100,52,100,65535,1,441,-1.03,-0.93,-0.28,-0.22,0.14,0.16,26.3,0,254,0,12,36.8,415,421,495
23/09/2019 09:32:07.410,74,19.5,-3276.8,-17,0.01,0.03,3.722,20,18.000,65535.000,255,0.001880,0.000040,100,52,100,65535,1,442,-1.02,-0.93,-0.28,-0.21,0.14,0.18,26.3,0,254,-6,12,36.8,415,421,495
23/09/2019 09:32:08.410,70,19.6,-3276.8,-17,0.01,0.03,3.728,21,19.000,65535.000,255,0.001880,0.000040,100,53,100,65535,1,443,-1.01,-0.93,-0.28,-0.21,0.14,0.18,26.3,0,254,0,12,36.8,417,423,496
23/09/2019 09:32:09.410,70,19.6,-3276.8,-17,0.01,0.04,3.738,23,18.000,65535.000,255,0.001880,0.000040,100,53,100,65535,1,444,-1.03,-0.93,-0.28,-0.21,0.14,0.18,26.3,0,254,-5,12,36.8,419,427,499
23/09/2019 09:32:10.410,69,19.8,-3276.8,-17,0.01,0.04,3.748,24,17.000,65535.000,255,0.001880,0.000040,100,53,100,65535,1,445,-1.03,-0.93,-0.28,-0.21,0.13,0.19,26.3,0,254,-4,12,36.8,424,432,498
23/09/2019 09:32:11.410,69,19.8,-3276.8,-17,0.01,0.03,3.758,26,18.000,65535.000,255,0.001840,0.000040,100,53,100,65535,1,446,-1.02,-0.92,-0.28,-0.21,0.13,0.16,26.3,0,254,-1,12,36.8,420,430,501
23/09/2019 09:32:12.410,69,20.2,-3276.8,-17,0.01,0.03,3.764,27,18.000,65535.000,255,0.001840,0.000040,100,53,100,65535,1,447,-1.02,-0.93,-0.28,-0.21,0.14,0.18,26.3,0,254,0,12,36.8,415,421,496
23/09/2019 09:32:13.410,69,20.2,-3276.8,-17,0.01,0.02,3.767,27,18.000,65535.000,255,0.001820,0.000040,100,53,100,65535,1,448,-1.01,-0.95,-0.28,-0.21,0.13,0.16,26.3,0,254,0,12,36.8,414,420,496
23/09/2019 09:32:14.410,72,20.3,-3276.8,-17,0.01,0.03,3.769,28,18.000,65535.000,255,0.001820,0.000060,100,53,100,65535,1,449,-1.01,-0.93,-0.28,-0.21,0.13,0.18,26.3,0,0,-2,12,36.8,408,410,488
23/09/2019 09:32:15.410,73,20.3,-3276.8,-17,0.01,0.03,3.769,28,18.000,65535.000,255,0.001840,0.000040,100,53,100,65535,1,450,-1.02,-0.93,-0.30,-0.21,0.14,0.16,26.3,0,254,0,12,36.8,409,420,475
23/09/2019 09:32:16.410,71,20.6,-3276.8,-17,0.01,0.07,3.770,28,18.000,65535.000,255,0.001840,0.000100,100,53,100,65535,1,451,-1.02,-0.93,-0.30,-0.18,0.13,0.16,26.3,0,254,0,12,36.8,412,433,499
23/09/2019 09:32:17.410,72,20.6,-3276.8,-16,0.02,0.04,3.766,27,21.000,65535.000,255,0.001800,0.000100,100,53,100,65535,1,452,-1.03,-0.95,-0.27,-0.19,0.13,0.16,26.3,0,254,0,12,36.8,414,422,497
23/09/2019 09:32:18.410,77,21.0,-3276.8,-16,0.02,0.06,3.750,25,20.000,65535.000,255,0.001800,0.000100,100,53,100,65535,1,453,-1.03,-0.93,-0.27,-0.19,0.13,0.18,26.3,0,254,0,12,36.8,414,421,496
23/09/2019 09:32:19.410,77,21.0,-3276.8,-15,0.02,0.03,3.730,21,21.000,65535.000,255,0.001840,0.000100,100,53,100,65535,1,454,-1.02,-0.95,-0.26,-0.18,0.12,0.16,26.3,0,254,0,12,36.8,415,420,496
23/09/2019 09:32:20.410,74,21.3,-3276.8,-15,0.01,0.12,3.723,20,20.000,65535.000,255,0.001840,0.000100,100,53,100,65535,1,455,-1.02,-0.95,-0.26,-0.19,-0.03,0.16,26.3,0,254,0,12,36.8,414,421,496
23/09/2019 09:32:21.410,72,21.3,-3276.8,-15,0.01,0.04,3.729,21,19.000,65535.000,255,0.001860,0.000080,100,53,100,65535,1,456,-1.03,-0.93,-0.26,-0.19,0.12,0.16,26.3,0,254,0,12,36.8,415,421,495
23/09/2019 09:32:22.410,71,21.5,-3276.8,-15,0.01,0.03,3.739,23,20.000,65535.000,255,0.001860,0.000100,100,53,100,65535,1,457,-1.03,-0.95,-0.27,-0.20,0.14,0.18,26.3,0,254,0,12,36.8,414,420,496
23/09/2019 09:32:23.410,68,21.5,-3276.8,-15,0.02,0.06,3.749,24,21.000,65535.000,255,0.001800,0.000100,100,54,100,65535,1,458,-1.03,-0.95,-0.27,-0.16,0.12,0.15,26.3,0,254,0,12,36.8,414,421,496
23/09/2019 09:32:24.410,71,21.8,-3276.8,-15,0.01,0.06,3.758,26,20.000,65535.000,255,0.001800,0.000120,100,54,100,65535,1,459,-1.03,-0.93,-0.26,-0.16,0.13,0.15,26.3,0,254,0,12,36.8,415,420,496
23/09/2019 09:32:25.410,71,21.8,-3276.8,-15,0.02,0.04,3.766,27,22.000,65535.000,255,0.001920,0.000120,100,53,100,65535,1,460,-1.02,-0.95,-0.28,-0.16,0.14,0.16,26.3,0,254,0,12,36.8,414,420,495
23/09/2019 09:32:26.410,74,22.0,-3276.8,-15,0.01,0.04,3.767,27,39.000,65535.000,255,0.001920,0.000100,100,54,100,65535,1,461,-1.02,-0.92,-0.25,-0.19,0.14,0.16,26.3,0,254,0,12,36.8,415,421,495
23/09/2019 09:32:27.410,78,22.0,-3276.8,-15,0.01,0.04,3.767,27,39.000,65535.000,255,0.002000,0.000100,100,53,100,65535,1,462,-1.02,-0.93,-0.28,-0.18,0.13,0.16,26.3,0,254,0,12,36.8,414,421,496
23/09/2019 09:32:28.410,78,22.2,-3276.8,-15,0.01,0.03,3.770,28,40.000,65535.000,255,0.002000,0.000100,100,53,100,65535,1,463,-1.02,-0.95,-0.25,-0.18,0.13,0.15,26.3,0,254,0,12,36.8,415,421,495
23/09/2019 09:32:29.410,74,22.2,-3276.8,-14,0.02,0.06,3.770,28,38.000,65535.000,255,0.001940,0.000100,100,54,100,65535,1,464,-1.02,-0.95,-0.25,-0.14,0.12,0.15,26.3,0,254,0,12,36.8,415,421,497
23/09/2019 09:32:30.410,70,22.1,-3276.8,-14,0.01,0.03,3.764,27,38.000,65535.000,255,0.001940,0.000080,100,54,100,65535,1,465,-1.03,-0.96,-0.25,-0.18,0.13,0.16,26.3,0,254,0,12,36.8,415,420,496
23/09/2019 09:32:31.410,68,22.1,-3276.8,-14,0.01,0.12,3.744,24,34.000,65535.000,255,0.001860,0.000080,100,54,100,65535,1,466,-1.02,-0.95,-0.26,-0.16,0.12,0.33,26.3,0,254,0,12,36.8,415,421,496
23/09/2019 09:32:32.410,66,22.0,-3276.8,-15,0.01,0.03,3.724,20,35.000,65535.000,255,0.001860,0.000080,100,55,100,65535,1,467,-1.02,-0.96,-0.25,-0.19,0.12,0.16,26.3,0,254,0,12,36.8,414,420,496
23/09/2019 09:32:33.410,65,22.0,-3276.8,-15,0.01,0.03,3.723,20,30.000,65535.000,255,0.001780,0.000080,100,55,100,65535,1,468,-1.02,-0.96,-0.25,-0.19,0.12,0.16,26.3,0,254,0,12,36.8,415,420,495
23/09/2019 09:32:34.410,65,21.9,-3276.8,-15,0.01,0.04,3.733,22,27.000,65535.000,255,0.001780,0.000080,100,55,100,65535,1,469,-1.03,-0.93,-0.26,-0.18,0.10,0.16,26.3,0,254,0,12,36.9,415,420,496
23/09/2019 09:32:35.410,64,21.9,-3276.8,-15,0.01,0.04,3.743,23,24.000,65535.000,255,0.001820,0.000080,100,56,100,65535,1,470,-1.03,-0.93,-0.26,-0.19,0.12,0.16,26.3,0,254,0,12,36.9,415,420,496
23/09/2019 09:32:36.410,64,21.5,-3276.8,-15,0.02,0.04,3.753,25,22.000,65535.000,255,0.001820,0.000080,100,56,100,65535,1,471,-1.02,-0.93,-0.27,-0.18,0.12,0.15,26.3,0,254,0,12,36.9,415,421,496
23/09/2019 09:32:37.410,65,21.5,-3276.8,-15,0.01,0.04,3.762,27,19.000,65535.000,255,0.001920,0.000080,100,56,100,65535,1,472,-1.02,-0.93,-0.27,-0.19,0.10,0.16,26.3,0,254,0,12,36.9,414,421,496
23/09/2019 09:32:38.410,66,21.2,-3276.8,-15,0.01,0.03,3.763,27,17.000,65535.000,255,0.001920,0.000080,100,56,100,65535,1,473,-1.02,-0.95,-0.26,-0.18,0.12,0.16,26.3,0,254,0,12,36.9,415,421,495
23/09/2019 09:32:39.410,69,21.2,-3276.8,-15,0.01,0.06,3.753,25,15.000,65535.000,255,0.001940,0.000080,100,56,100,65535,1,474,-1.03,-0.92,-0.27,-0.19,0.12,0.16,26.4,0,254,0,12,36.9,415,420,496
23/09/2019 09:32:40.410,73,20.5,-3276.8,-15,0.01,0.03,3.743,23,14.000,65535.000,255,0.001940,0.000080,100,56,100,65535,1,475,-1.02,-0.96,-0.27,-0.16,0.12,0.15,26.4,0,254,0,12,36.9,415,421,496
23/09/2019 09:32:41.410,76,20.5,-3276.8,-15,0.01,0.03,3.733,22,14.000,65535.000,255,0.001860,0.000080,100,57,100,65535,1,476,-1.03,-0.95,-0.27,-0.20,0.13,0.16,26.4,0,254,0,12,36.9,415,421,495
23/09/2019 09:32:42.410,80,20.0,-3276.8,-15,0.02,0.12,3.723,20,13.000,65535.000,255,0.001860,0.000060,100,57,100,65535,1,477,-1.02,-0.93,-0.25,-0.18,0.12,0.33,26.4,0,254,0,12,36.9,416,421,496
23/09/2019 09:32:43.410,82,20.0,-3276.8,-15,0.01,0.06,3.703,17,14.000,65535.000,255,0.001840,0.000080,100,57,100,65535,1,478,-1.03,-0.95,-0.27,-0.19,0.12,0.16,26.5,0,254,0,12,36.9,416,422,496
23/09/2019 09:32:44.410,81,19.5,-3276.8,-15,0.02,0.04,3.692,15,15.000,65535.000,255,0.001840,0.000080,100,57,100,65535,1,479,-1.03,-0.93,-0.26,-0.18,0.12,0.16,26.5,0,254,0,12,36.9,419,429,497
23/09/2019 09:32:45.410,81,19.5,-3276.8,-15,0.02,0.04,3.685,14,13.000,65535.000,255,0.001880,0.000100,100,57,100,65535,1,480,-1.04,-0.95,-0.28,-0.19,0.12,0.16,26.5,0,254,0,12,36.9,424,426,501
23/09/2019 09:32:46.410,76,19.4,-3276.8,-15,0.02,0.06,3.695,15,14.000,65535.000,255,0.001880,0.000100,100,57,100,65535,1,481,-1.03,-0.95,-0.27,-0.16,0.12,0.15,26.5,0,254,0,12,36.9,425,430,496
23/09/2019 09:32:47.410,78,19.4,-3276.8,-15,0.01,0.04,3.712,18,18.000,65535.000,255,0.001900,0.000080,100,57,100,65535,1,482,-1.02,-0.96,-0.25,-0.16,0.13,0.16,26.5,0,254,0,12,36.9,415,421,495
23/09/2019 09:32:48.410,77,19.2,-3276.8,-14,0.01,0.04,3.725,20,19.000,65535.000,255,0.001900,0.000080,100,57,100,65535,1,483,-1.03,-0.95,-0.25,-0.16,0.12,0.16,26.5,0,254,0,12,36.9,415,422,495
23/09/2019 09:32:49.410,72,19.2,-3276.8,-14,0.03,0.04,3.735,22,20.000,65535.000,255,0.001880,0.000060,100,57,100,65535,1,484,-1.02,-0.93,-0.25,-0.15,0.12,0.16,26.5,0,254,-11,12,36.9,417,422,495
23/09/2019 09:32:50.410,74,19.1,-3276.8,-14,0.02,0.06,3.745,24,21.000,65535.000,255,0.001880,0.000060,100,57,100,65535,1,485,-1.02,-0.93,-0.21,-0.14,0.14,0.18,26.5,0,254,0,12,36.9,415,421,496
23/09/2019 09:32:51.410,76,19.1,-3276.8,-14,0.01,0.04,3.755,25,26.000,65535.000,255,0.001800,0.000040,100,56,100,65535,1,486,-1.02,-0.93,-0.21,-0.14,0.13,0.16,26.5,0,254,0,12,36.9,415,398,485
23/09/2019 09:32:52.410,72,19.0,-3276.8,-14,0.01,0.12,3.764,27,23.000,65535.000,255,0.001800,0.000040,100,56,100,65535,1,487,-1.02,-0.93,-0.21,-0.13,0.13,0.33,26.5,0,254,0,12,36.9,397,397,494
23/09/2019 09:32:53.410,76,19.0,-3276.8,-14,0.01,0.03,3.766,27,23.000,65535.000,255,0.001780,0.000040,100,56,100,65535,1,488,-1.02,-0.95,-0.21,-0.13,0.14,0.18,26.5,0,254,0,12,36.9,408,414,487
23/09/2019 09:32:54.410,75,18.8,-3276.8,-14,0.02,0.04,3.766,27,22.000,65535.000,255,0.001780,0.000060,100,56,100,65535,1,489,-1.02,-0.93,-0.22,-0.14,0.13,0.16,26.5,0,254,0,12,36.9,407,407,491
23/09/2019 09:32:55.410,75,18.8,-3276.8,-14,0.03,0.06,3.764,27,21.000,65535.000,255,0.001780,0.000080,100,56,100,65535,1,490,-1.03,-0.93,-0.26,-0.15,0.13,0.18,26.5,0,254,0,12,36.9,423,425,491
23/09/2019 09:32:56.410,74,18.8,-3276.8,-10,0.11,0.16,3.750,25,23.000,65535.000,255,0.001780,0.000120,100,55,100,65535,1,491,-1.03,-0.93,-0.22,0.04,0.08,0.18,26.5,0,254,-8,12,36.9,418,422,506
23/09/2019 09:32:57.410,77,18.8,-3276.8,-11,0.08,0.16,3.730,21,24.000,65535.000,255,0.001800,0.000380,100,55,100,65535,1,492,-1.06,-0.87,-0.28,0.04,-0.01,0.16,26.5,0,254,0,12,36.9,420,421,503
23/09/2019 09:32:58.410,77,18.7,-3276.8,-13,0.09,0.15,3.721,20,23.000,65535.000,255,0.001800,0.000420,99,55,100,65535,1,493,-1.04,-0.90,-0.32,-0.16,0.01,0.21,26.5,0,254,0,12,36.9,414,421,495
23/09/2019 09:32:59.410,77,18.7,-3276.8,-14,0.05,0.13,3.728,21,21.000,65535.000,255,0.001800,0.000540,95,55,100,65535,1,494,-1.04,-0.90,-0.31,-0.16,0.04,0.19,26.5,0,254,0,12,36.9,414,421,494
23/09/2019 09:33:00.410,79,18.5,-3276.8,-14,0.05,0.14,3.738,23,20.000,65535.000,255,0.001800,0.000480,91,55,100,65535,1,495,-1.06,-0.90,-0.30,-0.10,0.01,0.18,26.5,0,254,-4,12,36.9,414,421,496
23/09/2019 09:33:01.410,79,18.5,-3276.8,-14,0.03,0.08,3.748,24,20.000,65535.000,255,0.001980,0.000380,91,55,100,65535,1,496,-1.06,-0.92,-0.25,-0.12,0.08,0.18,26.5,0,254,0,12,36.9,415,422,496
23/09/2019 09:33:02.410,84,18.5,-3276.8,-13,0.05,0.09,3.757,26,20.000,65535.000,255,0.001980,0.000320,92,56,100,65535,1,497,-1.04,-0.90,-0.26,-0.08,0.08,0.18,26.5,0,254,-6,12,36.9,415,421,496
23/09/2019 09:33:03.410,86,18.5,-3276.8,-13,0.03,0.10,3.763,27,21.000,65535.000,255,0.001960,0.000340,93,56,100,65535,1,498,-1.04,-0.91,-0.28,-0.13,0.04,0.22,26.5,0,254,-3,12,36.9,415,420,496
23/09/2019 09:33:04.410,85,18.6,-3276.8,-14,0.03,0.10,3.765,27,23.000,65535.000,255,0.001960,0.000340,94,57,100,65535,1,499,-1.04,-0.90,-0.25,-0.10,0.10,0.18,26.5,0,254,-5,12,36.9,415,421,495
23/09/2019 09:33:05.410,83,18.6,-3276.8,-11,0.04,0.09,3.767,27,23.000,65535.000,255,0.001800,0.000320,95,57,100,65535,1,500,-1.03,-0.91,-0.22,-0.08,0.06,0.16,26.5,0,254,0,12,36.9,415,421,496
23/09/2019 09:33:06.410,85,18.7,-3276.8,-11,0.02,0.09,3.768,28,23.000,65535.000,255,0.001800,0.000300,96,57,100,65535,1,501,-1.03,-0.93,-0.24,-0.07,0.08,0.16,26.5,0,254,0,12,36.9,415,421,495
23/09/2019 09:33:07.410,84,18.7,-3276.8,-12,0.03,0.06,3.770,28,22.000,65535.000,255,0.001920,0.000300,96,58,100,65535,1,502,-1.04,-0.95,-0.21,-0.09,0.08,0.16,26.5,0,254,0,12,36.9,415,420,495
23/09/2019 09:33:08.410,84,19.0,-3276.8,-12,0.03,0.07,3.766,27,23.000,65535.000,255,0.001920,0.000280,97,58,100,65535,1,503,-1.04,-0.91,-0.24,-0.08,0.08,0.18,26.5,0,254,0,12,36.9,415,421,495
23/09/2019 09:33:09.410,83,19.0,-3276.8,-11,0.05,0.13,3.747,24,24.000,65535.000,255,0.001800,0.000400,97,58,100,65535,1,504,-1.07,-0.90,-0.22,0.00,0.06,0.18,26.5,0,254,0,12,36.9,415,421,496
23/09/2019 09:33:10.410,86,19.7,-3276.8,-10,0.07,0.14,3.727,21,26.000,65535.000,255,0.001800,0.000480,94,59,100,65535,1,505,-1.03,-0.89,-0.12,0.01,0.10,0.24,26.5,0,254,-5,12,36.9,415,422,495
23/09/2019 09:33:11.410,87,19.7,-3276.8,-10,0.03,0.09,3.722,20,28.000,65535.000,255,0.001780,0.000400,92,60,100,65535,1,506,-1.03,-0.90,-0.13,0.00,0.07,0.21,26.5,0,254,0,12,36.9,415,421,495
23/09/2019 09:33:12.410,88,20.6,-3276.8,-10,0.02,0.07,3.730,21,29.000,65535.000,255,0.001780,0.000400,91,60,100,65535,1,507,-1.03,-0.92,-0.16,-0.03,0.13,0.19,26.5,0,254,0,12,36.9,416,421,496
23/09/2019 09:33:13.410,87,20.6,-3276.8,-10,0.03,0.08,3.740,23,27.000,65535.000,255,0.001900,0.000340,92,61,100,65535,1,508,-1.04,-0.93,-0.16,-0.03,0.08,0.20,26.5,0,254,0,12,36.9,415,422,495
23/09/2019 09:33:14.410,89,21.9,-3276.8,-10,0.02,0.10,3.750,25,27.000,65535.000,255,0.001900,0.000300,93,61,100,65535,1,509,-1.04,-0.91,-0.15,-0.04,-0.02,0.18,26.5,0,254,0,12,36.9,415,422,496
23/09/2019 09:33:15.410,85,21.9,-3276.8,-10,0.02,0.08,3.759,26,28.000,65535.000,255,0.001680,0.000240,94,61,100,65535,1,510,-1.04,-0.91,-0.15,-0.06,0.09,0.19,26.5,0,254,0,12,36.9,416,421,496
23/09/2019 09:33:16.410,86,23.0,-3276.8,-10,0.02,0.06,3.764,27,27.000,65535.000,255,0.001680,0.000220,95,62,100,65535,1,511,-1.03,-0.91,-0.15,-0.04,0.10,0.20,26.5,0,254,0,12,36.9,414,420,496
23/09/2019 09:33:17.410,85,23.0,-3276.8,-10,0.02,0.07,3.765,27,25.000,65535.000,255,0.001760,0.000200,96,62,100,65535,1,512,-1.02,-0.92,-0.13,-0.02,0.09,0.19,26.5,0,254,0,12,36.9,415,421,496
23/09/2019 09:33:18.410,85,23.8,-3276.8,-10,0.03,0.06,3.766,27,24.000,65535.000,255,0.001760,0.000180,96,62,100,65535,1,513,-1.03,-0.91,-0.12,-0.02,0.13,0.21,26.5,0,254,0,12,36.9,415,420,496
23/09/2019 09:33:19.410,82,23.8,-3276.8,-10,0.03,0.09,3.766,27,21.000,65535.000,255,0.001900,0.000180,97,63,100,65535,1,514,-1.02,-0.89,-0.13,0.02,0.12,0.20,26.5,0,254,0,12,36.9,415,421,495
23/09/2019 09:33:20.410,83,24.5,-3276.8,-10,0.03,0.07,3.767,27,19.000,65535.000,255,0.001900,0.000200,97,63,100,65535,1,515,-1.02,-0.90,-0.10,-0.01,0.12,0.19,26.5,0,254,0,12,36.9,415,421,495
23/09/2019 09:33:21.410,82,24.5,-3276.8,-10,0.03,0.09,3.759,26,16.000,65535.000,255,0.001940,0.000200,97,63,100,65535,1,516,-1.03,-0.89,-0.12,0.02,0.15,0.24,26.5,0,254,0,12,36.9,415,421,496
23/09/2019 09:33:22.410,86,25.0,-3276.8,-10,0.02,0.08,3.739,23,16.000,65535.000,255,0.001940,0.000180,98,64,100,65535,1,517,-1.12,-0.91,-0.10,0.00,0.15,0.20,26.5,0,254,0,12,36.9,415,421,496
23/09/2019 09:33:23.410,86,25.0,-3276.8,-10,0.02,0.06,3.721,20,17.000,65535.000,255,0.001960,0.000180,98,64,100,65535,1,518,-1.02,-0.91,-0.12,0.01,0.15,0.21,26.5,0,254,0,12,36.9,414,421,496
23/09/2019 09:33:24.410,88,25.5,-3276.8,-10,0.02,0.07,3.722,20,20.000,65535.000,255,0.001960,0.000180,98,65,100,65535,1,519,-1.03,-0.90,-0.10,-0.01,0.12,0.21,26.5,0,254,0,12,36.9,415,422,495
23/09/2019 09:33:25.410,87,25.5,-3276.8,-10,0.02,0.07,3.732,22,22.000,65535.000,255,0.001840,0.000160,99,65,100,65535,1,520,-1.02,-0.91,-0.13,-0.04,0.14,0.21,26.5,0,254,0,12,36.9,414,421,495
23/09/2019 09:33:26.410,90,26.0,-3276.8,-11,0.02,0.06,3.742,23,23.000,65535.000,255,0.001840,0.000160,99,66,100,65535,1,521,-1.03,-0.92,-0.15,-0.06,0.16,0.20,26.5,0,254,0,12,36.9,414,420,495
23/09/2019 09:33:27.410,85,26.0,-3276.8,-11,0.02,0.08,3.752,25,21.000,65535.000,255,0.001800,0.000160,99,66,100,65535,1,522,-1.02,-0.92,-0.18,-0.06,0.14,0.20,26.5,0,254,0,12,36.9,415,421,495
23/09/2019 09:33:28.410,84,26.5,-3276.8,-11,0.02,0.06,3.761,26,19.000,65535.000,255,0.001800,0.000200,99,66,100,65535,1,523,-1.03,-0.90,-0.15,-0.04,0.14,0.21,26.5,0,254,0,12,36.9,414,421,496
23/09/2019 09:33:29.410,83,26.5,-3276.8,-10,0.02,0.07,3.764,27,19.000,65535.000,255,0.001740,0.000220,99,66,100,65535,1,524,-1.02,-0.91,-0.13,-0.01,0.10,0.18,26.5,0,254,0,12,36.9,415,421,496
23/09/2019 09:33:30.410,81,27.1,-3276.8,-10,0.02,0.06,3.766,27,18.000,65535.000,255,0.001740,0.000220,99,66,100,65535,1,525,-1.02,-0.91,-0.14,-0.03,0.12,0.21,26.5,0,155,0,12,36.9,415,421,496
23/09/2019 09:33:31.410,80,27.1,-3276.8,-10,0.02,0.07,3.767,27,16.000,65535.000,255,0.001720,0.000200,99,66,100,65535,1,526,-1.02,-0.91,-0.12,-0.01,0.13,0.18,26.5,0,254,-12,12,36.9,415,422,495
23/09/2019 09:33:32.410,76,27.5,-3276.8,-10,0.02,0.07,3.767,27,16.000,65535.000,255,0.001720,0.000180,99,66,100,65535,1,527,-1.02,-0.91,-0.16,-0.03,0.13,0.19,26.5,0,254,0,12,36.9,417,424,497
23/09/2019 09:33:33.410,78,27.5,-3276.8,-10,0.02,0.06,3.767,27,17.000,65535.000,255,0.001780,0.000180,100,66,100,65535,1,528,-1.03,-0.91,-0.12,-0.04,0.12,0.18,26.5,0,254,0,12,36.9,420,428,499
23/09/2019 09:33:34.410,77,25.1,-3276.8,-10,0.02,0.06,3.754,25,19.000,65535.000,255,0.001780,0.000160,100,66,100,65535,1,529,-1.03,-0.91,-0.15,-0.03,0.13,0.19,26.5,0,254,0,12,36.8,422,431,508
23/09/2019 09:33:35.410,81,25.1,-3276.8,-10,0.02,0.07,3.734,22,20.000,65535.000,255,0.001660,0.000180,100,66,100,65535,1,530,-1.02,-0.91,-0.12,-0.01,0.13,0.20,26.6,0,254,0,12,36.8,423,430,497
23/09/2019 09:33:36.410,80,23.2,-3276.8,-10,0.03,0.08,3.722,20,22.000,65535.000,255,0.001660,0.000200,100,66,100,65535,1,531,-1.04,-0.89,-0.13,0.02,0.09,0.21,26.6,0,254,0,12,36.8,414,421,496
23/09/2019 09:33:37.410,81,23.2,-3276.8,-10,0.03,0.09,3.727,21,22.000,65535.000,255,0.001540,0.000180,100,66,100,65535,1,532,-1.03,-0.91,-0.13,-0.01,0.06,0.21,26.6,0,254,0,12,36.8,416,421,496
23/09/2019 09:33:38.410,85,22.3,-3276.8,-10,0.02,0.08,3.732,22,25.000,65535.000,255,0.001540,0.000160,100,67,100,65535,1,533,-1.03,-0.89,-0.13,-0.02,0.14,0.20,26.6,0,254,0,12,36.8,414,420,496
23/09/2019 09:33:39.410,86,22.3,-3276.8,-10,0.02,0.09,3.726,21,24.000,65535.000,255,0.001620,0.000180,100,67,100,65535,1,534,-1.04,-0.91,-0.12,0.02,0.14,0.21,26.6,0,254,0,12,36.8,415,397,470
23/09/2019 09:33:40.410,87,21.5,-3276.8,-10,0.02,0.10,3.718,19,22.000,65535.000,255,0.001620,0.000200,100,67,100,65535,1,535,-1.03,-0.90,-0.13,0.01,0.13,0.33,26.7,0,254,0,12,36.8,404,401,490
23/09/2019 09:33:41.410,83,21.5,-3276.8,-10,0.03,0.09,3.710,18,23.000,65535.000,255,0.001560,0.000200,100,67,100,65535,1,536,-1.04,-0.90,-0.13,0.01,0.12,0.19,26.7,0,254,0,12,36.8,404,411,482
23/09/2019 09:33:42.410,80,20.9,-3276.8,-10,0.02,0.04,3.707,17,21.000,65535.000,255,0.001560,0.000240,100,67,100,65535,1,537,-1.03,-0.92,-0.12,-0.01,0.14,0.19,26.7,0,254,0,12,36.8,406,411,496
23/09/2019 09:33:43.410,79,20.9,-3276.8,-10,0.02,0.06,3.707,17,20.000,65535.000,255,0.001600,0.000220,100,68,100,65535,1,538,-1.03,-0.91,-0.10,-0.01,0.12,0.18,26.7,0,254,0,12,36.8,425,434,492
23/09/2019 09:33:44.410,79,20.5,-3276.8,-10,0.02,0.06,3.717,19,21.000,65535.000,255,0.001600,0.000200,100,68,100,65535,1,539,-1.03,-0.93,-0.14,-0.04,0.14,0.19,26.7,0,254,0,12,36.8,415,421,496
23/09/2019 09:33:45.410,79,20.5,-3276.8,-10,0.02,0.07,3.727,21,23.000,65535.000,255,0.001580,0.000180,100,68,100,65535,1,540,-1.03,-0.90,-0.10,-0.02,0.14,0.18,26.7,0,254,0,12,36.8,415,422,496
23/09/2019 09:33:46.410,80,20.2,-3276.8,-10,0.02,0.09,3.734,22,24.000,65535.000,255,0.001580,0.000160,100,68,100,65535,1,541,-1.02,-0.92,-0.10,-0.02,0.04,0.19,26.7,0,254,0,12,36.8,415,421,495
23/09/2019 09:33:47.410,80,20.2,-3276.8,-10,0.02,0.08,3.725,20,23.000,65535.000,255,0.001480,0.000200,100,68,100,65535,1,542,-1.03,-0.91,-0.14,-0.03,0.08,0.20,26.7,0,254,0,12,36.8,415,421,496
23/09/2019 09:33:48.410,80,20.2,-3276.8,-10,0.03,0.08,3.715,19,21.000,65535.000,255,0.001480,0.000200,100,68,100,65535,1,543,-1.03,-0.91,-0.13,0.00,0.09,0.18,26.7,0,254,0,12,36.8,415,421,496
23/09/2019 09:33:49.410,79,20.2,-3276.8,-10,0.02,0.07,3.711,18,19.000,65535.000,255,0.001660,0.000180,100,68,100,65535,1,544,-1.04,-0.91,-0.12,-0.01,0.12,0.18,26.7,0,254,0,12,36.8,415,421,496
23/09/2019 09:33:50.410,80,20.3,-3276.8,-10,0.02,0.08,3.720,20,19.000,65535.000,255,0.001660,0.000160,100,69,100,65535,1,545,-1.02,-0.91,-0.12,0.00,0.09,0.18,26.7,0,254,0,12,36.8,415,421,495
23/09/2019 09:33:51.410,80,20.3,-3276.8,-10,0.02,0.06,3.730,21,20.000,65535.000,255,0.001720,0.000160,100,69,100,65535,1,546,-1.03,-0.92,-0.13,-0.02,0.13,0.18,26.7,0,254,0,12,36.8,415,421,495
23/09/2019 09:33:52.410,82,20.4,-3276.8,-10,0.02,0.07,3.740,23,21.000,65535.000,255,0.001720,0.000180,100,69,100,65535,1,547,-1.03,-0.90,-0.12,-0.02,0.10,0.20,26.7,0,254,-13,12,36.8,414,421,496
23/09/2019 09:33:53.410,81,20.4,-3276.8,-10,0.03,0.06,3.750,25,23.000,65535.000,255,0.001660,0.000160,100,69,100,65535,1,548,-1.03,-0.91,-0.14,-0.03,0.14,0.20,26.7,0,254,-3,12,36.8,415,421,496
23/09/2019 09:33:54.410,83,18.7,-3276.8,-10,0.02,0.07,3.760,26,25.000,65535.000,255,0.001660,0.000160,100,69,100,65535,1,549,-1.04,-0.92,-0.12,-0.03,0.13,0.21,26.7,0,254,-3,12,36.8,415,421,496
23/09/2019 09:33:55.410,86,18.7,-3276.8,-10,0.02,0.10,3.764,27,26.000,65535.000,255,0.001700,0.000180,100,69,100,65535,1,550,-1.02,-0.92,-0.12,-0.04,0.13,0.33,26.7,0,254,0,12,36.8,415,421,495
23/09/2019 09:33:56.410,86,17.2,-3276.8,-10,0.02,0.08,3.765,27,25.000,65535.000,255,0.001700,0.000180,100,70,100,65535,1,551,-1.02,-0.89,-0.10,-0.01,0.13,0.21,26.7,0,254,0,12,36.8,414,421,496
23/09/2019 09:33:57.410,83,17.2,-3276.8,-10,0.03,0.10,3.766,27,25.000,65535.000,255,0.001800,0.000260,100,69,100,65535,1,552,-1.03,-0.91,-0.13,0.01,0.08,0.20,26.7,0,254,0,12,36.8,415,420,496
23/09/2019 09:33:58.410,84,16.0,-3276.8,-10,0.02,0.07,3.766,27,23.000,65535.000,255,0.001800,0.000280,100,70,100,65535,1,553,-1.03,-0.93,-0.13,0.00,0.13,0.19,26.7,0,254,0,12,36.8,415,421,496
23/09/2019 09:33:59.410,82,16.0,-3276.8,-10,0.02,0.06,3.761,26,21.000,65535.000,255,0.001740,0.000260,100,70,100,65535,1,554,-1.03,-0.92,-0.14,-0.02,0.12,0.18,26.7,0,254,0,12,36.8,415,420,496
23/09/2019 09:34:00.410,80,15.0,-3276.8,-10,0.02,0.06,3.743,23,19.000,65535.000,255,0.001740,0.000220,100,70,100,65535,1,555,-1.04,-0.92,-0.12,-0.03,0.14,0.18,26.7,0,254,0,12,36.8,414,421,496
23/09/2019 09:34:01.410,81,15.0,-3276.8,-10,0.02,0.06,3.724,20,21.000,65535.000,255,0.001600,0.000260,100,70,100,65535,1,556,-1.04,-0.91,-0.12,-0.02,0.14,0.21,26.8,0,254,0,12,36.8,414,421,495
23/09/2019 09:34:02.410,83,14.2,-3276.8,-10,0.04,0.09,3.721,20,25.000,65535.000,255,0.001600,0.000260,100,70,100,65535,1,557,-1.04,-0.89,-0.19,-0.04,0.10,0.20,26.8,0,254,0,12,36.8,414,421,495
23/09/2019 09:34:03.410,82,14.2,-3276.8,-10,0.03,0.04,3.730,21,25.000,65535.000,255,0.001500,0.000220,100,69,100,65535,1,558,-1.03,-0.93,-0.15,-0.03,0.14,0.19,26.8,0,254,0,12,36.8,414,421,495
23/09/2019 09:34:04.410,81,13.6,-3276.8,-10,0.02,0.07,3.740,23,26.000,65535.000,255,0.001500,0.000220,100,69,100,65535,1,559,-1.03,-0.91,-0.14,-0.03,0.09,0.19,26.8,0,254,0,12,36.8,415,422,496
23/09/2019 09:34:05.410,82,13.6,-3276.8,-10,0.02,0.07,3.750,25,27.000,65535.000,255,0.001440,0.000220,100,69,100,65535,1,560,-1.03,-0.93,-0.13,-0.01,0.13,0.18,26.8,0,254,0,12,36.8,415,421,496
23/09/2019 09:34:06.410,80,13.6,-3276.8,-10,0.02,0.08,3.759,26,26.000,65535.000,255,0.001440,0.000220,100,69,100,65535,1,561,-1.03,-0.91,-0.10,0.00,0.12,0.18,26.8,0,254,0,12,36.8,415,422,495
23/09/2019 09:34:07.410,80,13.6,-3276.8,-10,0.02,0.08,3.764,27,26.000,65535.000,255,0.001740,0.000180,100,69,100,65535,1,562,-1.04,-0.92,-0.10,0.00,0.12,0.19,26.8,0,254,0,12,36.8,415,421,495
23/09/2019 09:34:08.410,81,14.0,-3276.8,-10,0.02,0.07,3.766,27,25.000,65535.000,255,0.001740,0.000200,100,69,100,65535,1,563,-1.02,-0.92,-0.12,0.00,0.12,0.20,26.8,0,254,0,12,36.8,415,421,495
23/09/2019 09:34:09.410,84,14.0,-3276.8,-10,0.02,0.06,3.766,27,26.000,65535.000,255,0.001860,0.000160,100,69,100,65535,1,564,-1.03,-0.92,-0.10,-0.02,0.13,0.18,26.8,0,254,0,12,36.8,415,421,495
23/09/2019 09:34:10.410,81,15.2,-3276.8,-10,0.02,0.06,3.767,27,25.000,65535.000,255,0.001860,0.000160,100,69,100,65535,1,565,-1.02,-0.93,-0.14,-0.03,0.14,0.18,26.8,0,254,0,12,36.8,415,421,495
23/09/2019 09:34:11.410,85,15.2,-3276.8,-10,0.02,0.04,3.768,28,25.000,65535.000,255,0.001860,0.000160,100,69,100,65535,1,566,-1.03,-0.93,-0.13,-0.03,0.12,0.19,26.8,0,254,0,12,36.8,415,421,496
23/09/2019 09:34:12.410,83,14.0,-3276.8,-10,0.02,0.04,3.759,26,23.000,65535.000,255,0.001860,0.000160,100,68,100,65535,1,567,-1.02,-0.93,-0.14,-0.03,0.14,0.19,26.8,0,254,0,12,36.8,415,423,496
23/09/2019 09:34:13.410,83,14.0,-3276.8,-10,0.02,0.06,3.739,23,26.000,65535.000,255,0.001860,0.000160,100,68,100,65535,1,568,-1.02,-0.92,-0.15,-0.06,0.12,0.20,26.8,0,254,0,12,36.8,419,422,497
23/09/2019 09:34:14.410,84,13.2,-3276.8,-10,0.02,0.06,3.721,20,27.000,65535.000,255,0.001860,0.000140,100,68,100,65535,1,569,-1.02,-0.92,-0.15,-0.06,0.12,0.20,26.8,0,254,0,12,36.8,421,426,499
23/09/2019 09:34:15.410,81,13.2,-3276.8,-10,0.02,0.04,3.723,20,27.000,65535.000,255,0.001720,0.000160,100,68,100,65535,1,570,-1.02,-0.93,-0.14,-0.03,0.14,0.19,26.8,0,254,0,12,36.8,421,425,502
23/09/2019 09:34:16.410,83,12.8,-3276.8,-10,0.01,0.06,3.733,22,28.000,65535.000,255,0.001720,0.000160,100,68,100,65535,1,571,-1.02,-0.92,-0.14,-0.02,0.13,0.18,26.8,0,254,0,12,36.8,424,430,504
23/09/2019 09:34:17.410,81,12.8,-3276.8,-10,0.02,0.04,3.743,23,28.000,65535.000,255,0.001660,0.000160,100,68,100,65535,1,572,-1.03,-0.93,-0.14,-0.08,0.14,0.19,26.8,0,254,0,12,36.8,424,428,503
23/09/2019 09:34:18.410,82,12.7,-3276.8,-10,0.02,0.07,3.753,25,27.000,65535.000,255,0.001660,0.000160,100,68,100,65535,1,573,-1.02,-0.92,-0.14,-0.02,0.12,0.19,26.8,0,254,0,12,36.8,415,420,496
23/09/2019 09:34:19.410,81,12.7,-3276.8,-10,0.02,0.07,3.760,26,26.000,65535.000,255,0.001740,0.000180,100,68,100,65535,1,574,-1.03,-0.90,-0.18,-0.06,0.14,0.20,26.8,0,254,0,12,36.8,414,421,495
23/09/2019 09:34:20.410,82,12.9,-3276.8,-10,0.02,0.06,3.764,27,26.000,65535.000,255,0.001740,0.000180,100,68,100,65535,1,575,-1.02,-0.91,-0.13,-0.03,0.14,0.19,26.8,0,254,0,12,36.8,415,422,496
23/09/2019 09:34:21.410,81,12.9,-3276.8,-10,0.03,0.07,3.766,27,23.000,65535.000,255,0.001780,0.000160,100,68,100,65535,1,576,-1.02,-0.91,-0.14,0.00,0.12,0.19,26.8,0,254,0,12,36.8,415,422,495
23/09/2019 09:34:22.410,84,13.4,-3276.8,-10,0.02,0.06,3.766,27,22.000,65535.000,255,0.001780,0.000140,100,68,100,65535,1,577,-1.02,-0.90,-0.12,-0.03,0.14,0.19,26.8,0,254,0,12,36.8,401,405,484
23/09/2019 09:34:23.410,82,13.4,-3276.8,-10,0.02,0.06,3.768,28,23.000,65535.000,255,0.001880,0.000140,100,68,100,65535,1,578,-1.03,-0.93,-0.15,-0.03,0.14,0.20,26.8,0,254,0,12,36.8,405,405,478
23/09/2019 09:34:24.410,81,13.9,-3276.8,-10,0.02,0.06,3.768,28,21.000,65535.000,255,0.001880,0.000140,100,68,100,65535,1,579,-1.03,-0.91,-0.12,-0.03,0.15,0.18,26.8,0,254,0,12,36.8,409,418,487
23/09/2019 09:34:25.410,81,13.9,-3276.8,-10,0.02,0.04,3.754,25,21.000,65535.000,255,0.001840,0.000140,100,68,100,65535,1,580,-1.03,-0.92,-0.12,-0.03,0.14,0.21,26.8,0,254,0,12,36.8,418,433,498
23/09/2019 09:34:26.410,79,14.3,-3276.8,-10,0.02,0.06,3.734,22,20.000,65535.000,255,0.001840,0.000120,100,68,100,65535,1,581,-1.02,-0.92,-0.13,-0.03,0.12,0.19,26.8,0,254,0,12,36.8,415,421,496
23/09/2019 09:34:27.410,82,14.3,-3276.8,-10,0.02,0.15,3.722,20,21.000,65535.000,255,0.001820,0.000120,100,67,100,65535,1,582,-1.02,-0.91,-0.31,0.06,0.14,0.20,26.8,0,254,0,12,36.8,415,421,495
23/09/2019 09:34:28.410,80,14.7,-3276.8,-10,0.02,0.04,3.728,21,22.000,65535.000,255,0.001820,0.000120,100,68,100,65535,1,583,-1.03,-0.93,-0.12,-0.03,0.14,0.18,26.8,0,254,0,12,36.8,414,420,495
23/09/2019 09:34:29.410,84,14.7,-3276.8,-10,0.02,0.06,3.738,23,22.000,65535.000,255,0.001920,0.000140,100,68,100,65535,1,584,-1.02,-0.91,-0.13,-0.03,0.14,0.19,26.8,0,254,0,12,36.8,415,421,495
23/09/2019 09:34:30.410,82,15.2,-3276.8,-10,0.02,0.08,3.748,24,22.000,65535.000,255,0.001920,0.000140,100,67,100,65535,1,585,-1.03,-0.92,-0.13,0.01,0.09,0.19,26.8,0,254,0,12,36.8,415,421,495
23/09/2019 09:34:31.410,86,15.2,-3276.8,-10,0.01,0.04,3.758,26,23.000,65535.000,255,0.001900,0.000120,100,67,100,65535,1,586,-1.02,-0.93,-0.12,-0.03,0.14,0.19,26.8,0,254,0,12,36.8,416,421,496
23/09/2019 09:34:32.410,82,16.2,-3276.8,-10,0.02,0.06,3.763,27,23.000,65535.000,255,0.001900,0.000140,100,67,100,65535,1,587,-1.03,-0.92,-0.12,-0.01,0.13,0.19,26.8,0,254,0,12,36.8,414,421,496
23/09/2019 09:34:33.410,83,16.2,-3276.8,-10,0.02,0.06,3.765,27,22.000,65535.000,255,0.001880,0.000120,100,67,100,65535,1,588,-1.01,-0.91,-0.14,-0.06,0.15,0.19,26.8,0,254,0,12,36.8,415,421,496
23/09/2019 09:34:34.410,81,15.2,-3276.8,-10,0.02,0.14,3.766,27,20.000,65535.000,255,0.001880,0.000120,100,67,100,65535,1,589,-1.02,-0.92,-0.30,-0.04,0.15,0.19,26.8,0,254,0,12,36.9,415,421,495
23/09/2019 09:34:35.410,80,15.2,-3276.8,-10,0.02,0.04,3.767,27,19.000,65535.000,255,0.001920,0.000140,100,67,100,65535,1,590,-1.01,-0.92,-0.13,-0.06,0.15,0.20,26.8,0,254,0,12,36.9,415,421,495
23/09/2019 09:34:36.410,83,14.6,-3276.8,-10,0.02,0.06,3.769,28,19.000,65535.000,255,0.001920,0.000200,100,68,100,65535,1,591,-1.02,-0.91,-0.14,-0.04,0.15,0.18,26.8,0,254,0,12,36.9,415,420,496
23/09/2019 09:34:37.410,82,14.6,-3276.8,-10,0.02,0.04,3.765,27,21.000,65535.000,255,0.001840,0.000160,100,68,100,65535,1,592,-1.02,-0.93,-0.12,-0.03,0.13,0.19,26.9,0,254,0,12,36.9,414,421,496
23/09/2019 09:34:38.410,84,14.3,-3276.8,-10,0.02,0.08,3.744,24,22.000,65535.000,255,0.001840,0.000160,100,68,100,65535,1,593,-1.02,-0.91,-0.13,-0.02,0.14,0.20,27.1,0,254,0,12,36.9,416,421,496
23/09/2019 09:34:39.410,80,14.3,-3276.8,-10,0.02,0.06,3.714,19,23.000,65535.000,255,0.001700,0.000160,100,67,100,65535,1,594,-1.01,-0.91,-0.13,-0.03,0.14,0.20,27.1,0,254,0,12,36.9,415,421,496
23/09/2019 09:34:40.410,83,14.4,-3276.8,-10,0.02,0.07,3.695,15,23.000,65535.000,255,0.001700,0.000160,100,67,100,65535,1,595,-1.03,-0.90,-0.13,-0.01,0.13,0.19,27.1,0,254,0,12,36.9,415,422,496
23/09/2019 09:34:41.410,82,14.4,-3276.8,-10,0.02,0.06,3.691,15,25.000,65535.000,255,0.001680,0.000160,100,67,100,65535,1,596,-1.03,-0.91,-0.13,-0.02,0.14,0.20,27.1,0,254,0,12,36.9,415,421,495
23/09/2019 09:34:42.410,84,14.4,-3276.8,-10,0.02,0.08,3.691,15,23.000,65535.000,255,0.001680,0.000140,100,67,100,65535,1,597,-1.02,-0.89,-0.13,-0.01,0.14,0.19,27.1,0,254,0,12,36.9,414,420,494
23/09/2019 09:34:43.410,82,14.4,-3276.8,-10,0.02,0.04,3.695,15,22.000,65535.000,255,0.001760,0.000160,100,67,100,65535,1,598,-1.02,-0.92,-0.14,-0.03,0.15,0.19,27.1,0,254,0,12,36.9,415,421,496
23/09/2019 09:34:44.410,83,14.8,-3276.8,-10,0.02,0.06,3.706,17,22.000,65535.000,255,0.001760,0.000140,100,67,100,65535,1,599,-1.02,-0.91,-0.12,-0.03,0.15,0.19,27.1,0,254,0,12,36.9,415,421,495
23/09/2019 09:34:45.410,83,14.8,-3276.8,-10,0.03,0.08,3.720,20,21.000,65535.000,255,0.001880,0.000140,100,67,100,65535,1,600,-1.03,-0.91,-0.12,0.01,0.13,0.21,27.1,0,254,0,12,36.9,415,421,496
23/09/2019 09:34:46.410,82,15.4,-3276.8,-10,0.02,0.06,3.730,21,21.000,65535.000,255,0.001880,0.000160,100,67,100,65535,1,601,-1.03,-0.91,-0.10,-0.01,0.14,0.19,27.1,0,254,0,12,36.9,414,421,495
23/09/2019 09:34:47.410,81,15.4,-3276.8,-10,0.02,0.07,3.740,23,18.000,65535.000,255,0.001880,0.000180,100,67,100,65535,1,602,-1.04,-0.90,-0.12,-0.01,0.14,0.20,27.1,0,254,0,12,36.9,414,420,495
23/09/2019 09:34:48.410,82,16.4,-3276.8,-10,0.02,0.07,3.750,25,17.000,65535.000,255,0.001880,0.000160,100,67,100,65535,1,603,-1.02,-0.91,-0.12,0.01,0.15,0.21,27.1,0,254,0,12,36.9,415,421,496
23/09/2019 09:34:49.410,83,16.4,-3276.8,-10,0.03,0.08,3.760,26,17.000,65535.000,255,0.001920,0.000160,100,66,100,65535,1,604,-1.04,-0.89,-0.13,-0.01,0.14,0.19,27.1,0,254,0,12,36.9,415,421,495
23/09/2019 09:34:50.410,82,17.1,-3276.8,-10,0.02,0.06,3.756,26,19.000,65535.000,255,0.001920,0.000180,100,67,100,65535,1,605,-1.02,-0.93,-0.13,-0.01,0.14,0.19,27.1,0,254,0,12,36.9,414,420,495
23/09/2019 09:34:51.410,82,17.1,-3276.8,-10,0.02,0.08,3.738,23,19.000,65535.000,255,0.001880,0.000160,100,67,100,65535,1,606,-1.02,-0.91,-0.09,0.00,0.10,0.19,27.1,0,254,0,12,36.9,414,420,495
23/09/2019 09:34:52.410,80,17.9,-3276.8,-9,0.03,0.09,3.722,20,20.000,65535.000,255,0.001880,0.000180,100,67,100,65535,1,607,-1.04,-0.91,-0.13,0.02,0.12,0.20,27.1,0,254,0,12,36.9,415,421,495
23/09/2019 09:34:53.410,85,17.9,-3276.8,-9,0.02,0.06,3.722,20,22.000,65535.000,255,0.001760,0.000180,100,67,100,65535,1,608,-1.02,-0.92,-0.10,0.01,0.14,0.18,27.1,0,254,-1,12,36.9,415,421,495
23/09/2019 09:34:54.410,86,18.7,-3276.8,-10,0.02,0.06,3.732,22,25.000,65535.000,255,0.001760,0.000200,100,67,100,65535,1,609,-1.02,-0.92,-0.10,0.01,0.13,0.19,27.1,0,254,-6,12,36.9,415,420,495
23/09/2019 09:34:55.410,89,18.7,-3276.8,-10,0.02,0.04,3.742,23,24.000,65535.000,255,0.001860,0.000180,100,67,100,65535,1,610,-1.01,-0.92,-0.12,-0.02,0.13,0.19,27.1,0,254,-4,12,36.9,415,421,495
23/09/2019 09:34:56.410,86,19.5,-3276.8,-10,0.02,0.04,3.752,25,22.000,65535.000,255,0.001860,0.000160,100,67,100,65535,1,611,-1.02,-0.92,-0.09,-0.02,0.12,0.18,27.1,0,254,-3,12,36.9,415,421,496
23/09/2019 09:34:57.410,89,19.5,-3276.8,-10,0.02,0.06,3.760,26,20.000,65535.000,255,0.001880,0.000160,100,67,100,65535,1,612,-1.03,-0.92,-0.10,-0.01,0.14,0.18,27.1,0,254,0,12,36.9,415,422,495
23/09/2019 09:34:58.410,84,20.3,-3276.8,-9,0.02,0.07,3.763,27,18.000,65535.000,255,0.001880,0.000180,100,67,100,65535,1,613,-1.04,-0.92,-0.09,0.01,0.12,0.19,27.1,0,254,-5,12,36.9,415,421,496
23/09/2019 09:34:59.410,85,20.3,-3276.8,-9,0.03,0.06,3.765,27,19.000,65535.000,255,0.001920,0.000180,100,67,100,65535,1,614,-1.02,-0.91,-0.08,0.01,0.12,0.19,27.1,0,254,-2,12,36.9,415,421,496
23/09/2019 09:35:00.410,84,20.8,-3276.8,-8,0.02,0.07,3.766,27,17.000,65535.000,255,0.001920,0.000200,100,67,100,65535,1,615,-1.03,-0.89,-0.08,0.03,0.09,0.18,27.1,0,254,-5,12,36.9,415,420,496
23/09/2019 09:35:01.410,87,20.8,-3276.8,-9,0.02,0.07,3.767,27,17.000,65535.000,255,0.002020,0.000220,100,66,100,65535,1,616,-1.04,-0.92,-0.12,0.01,0.10,0.18,27.1,0,254,-5,12,36.9,414,421,496
23/09/2019 09:35:02.410,84,21.4,-3276.8,-9,0.03,0.08,3.768,28,17.000,65535.000,255,0.002020,0.000260,100,66,100,65535,1,617,-1.02,-0.90,-0.10,-0.01,0.13,0.18,27.1,0,254,-14,12,36.9,414,420,496
23/09/2019 09:35:03.410,88,21.4,-3276.8,-10,0.04,0.10,3.756,26,19.000,65535.000,255,0.002080,0.000280,100,67,100,65535,1,618,-1.04,-0.90,-0.15,0.01,0.03,0.20,27.1,0,254,-8,12,36.9,414,421,496
23/09/2019 09:35:04.410,87,19.4,-3276.8,-10,0.03,0.06,3.736,22,23.000,65535.000,255,0.002080,0.000260,100,67,100,65535,1,619,-1.04,-0.91,-0.13,-0.01,0.10,0.19,27.1,0,254,-1,12,36.9,415,421,495
23/09/2019 09:35:05.410,89,19.4,-3276.8,-10,0.03,0.07,3.721,20,22.000,65535.000,255,0.002260,0.000280,100,67,100,65535,1,620,-1.03,-0.90,-0.13,-0.02,0.12,0.20,27.1,0,254,-6,12,36.9,415,421,496
23/09/2019 09:35:06.410,87,17.7,-3276.8,-10,0.03,0.10,3.723,20,20.000,65535.000,255,0.002260,0.000340,100,67,100,65535,1,621,-1.02,-0.90,-0.13,0.04,0.09,0.22,27.1,0,254,-9,12,36.9,415,421,496
23/09/2019 09:35:07.410,89,17.7,-3276.8,-10,0.04,0.13,3.733,22,18.000,65535.000,255,0.002140,0.000360,100,67,100,65535,1,622,-1.06,-0.84,-0.12,0.02,0.12,0.20,27.1,0,254,-13,12,36.9,415,420,496
23/09/2019 09:35:08.410,90,16.2,-3276.8,-10,0.03,0.09,3.743,23,16.000,65535.000,255,0.002140,0.000360,100,68,100,65535,1,623,-1.06,-0.90,-0.13,0.03,0.14,0.21,27.1,0,254,-11,12,36.9,414,421,496
23/09/2019 09:35:09.410,90,16.2,-3276.8,-10,0.03,0.06,3.753,25,15.000,65535.000,255,0.002100,0.000340,100,68,100,65535,1,624,-1.04,-0.91,-0.12,-0.02,0.12,0.21,27.1,0,254,-5,12,36.9,415,421,496
23/09/2019 09:35:10.410,92,14.9,-3276.8,-10,0.04,0.10,3.760,26,15.000,65535.000,255,0.002100,0.000360,100,68,100,65535,1,625,-1.04,-0.86,-0.12,-0.01,0.14,0.21,27.1,0,254,-9,12,36.9,415,421,496
23/09/2019 09:35:11.410,93,14.9,-3276.8,-10,0.04,0.12,3.764,27,14.000,65535.000,255,0.002080,0.000340,100,68,100,65535,1,626,-1.04,-0.86,-0.13,0.01,0.03,0.21,27.1,0,254,-16,12,36.9,415,421,496
23/09/2019 09:35:12.410,95,13.9,-3276.8,-10,0.04,0.10,3.766,27,14.000,65535.000,255,0.002080,0.000360,100,69,100,65535,1,627,-1.06,-0.86,-0.14,0.02,0.12,0.25,27.1,0,254,0,12,36.9,415,420,496
23/09/2019 09:35:13.410,95,13.9,-3276.8,-10,0.04,0.10,3.767,27,14.000,65535.000,255,0.002080,0.000340,100,70,100,65535,1,628,-1.04,-0.85,-0.15,-0.01,0.14,0.26,27.1,0,254,0,12,36.9,414,421,496
23/09/2019 09:35:14.410,96,13.2,-3276.8,-10,0.04,0.09,3.767,27,13.000,65535.000,255,0.002080,0.000320,100,70,100,65535,1,629,-1.03,-0.89,-0.13,-0.02,0.09,0.22,27.1,0,254,0,12,36.9,414,421,495
23/09/2019 09:35:15.410,96,13.2,-3276.8,-11,0.03,0.09,3.766,27,12.000,65535.000,255,0.002080,0.000300,100,71,100,65535,1,630,-1.03,-0.87,-0.15,-0.03,0.12,0.22,27.1,0,254,0,12,36.9,415,421,496
23/09/2019 09:35:16.410,96,12.8,-3276.8,-11,0.04,0.12,3.752,25,12.000,65535.000,255,0.002080,0.000340,100,71,100,65535,1,631,-1.07,-0.86,-0.16,0.02,0.14,0.27,27.1,0,254,0,12,36.9,415,421,496
23/09/2019 09:35:17.410,96,12.8,-3276.8,-11,0.04,0.12,3.732,22,13.000,65535.000,255,0.001940,0.000340,100,72,100,65535,1,632,-1.07,-0.86,-0.15,-0.03,0.13,0.27,27.1,0,254,0,12,36.9,415,420,496
23/09/2019 09:35:18.410,97,12.9,-3276.8,-11,0.04,0.10,3.723,20,13.000,65535.000,255,0.001940,0.000300,100,72,100,65535,1,633,-1.04,-0.89,-0.16,-0.04,0.14,0.26,27.1,0,254,0,12,36.9,415,421,495
23/09/2019 09:35:19.410,98,12.9,-3276.8,-11,0.04,0.13,3.729,21,14.000,65535.000,255,0.002120,0.000300,100,73,100,65535,1,634,-1.04,-0.84,-0.18,-0.03,0.13,0.25,27.1,0,254,0,12,36.9,415,421,496
23/09/2019 09:35:20.410,98,13.3,-3276.8,-11,0.04,0.09,3.739,23,14.000,65535.000,255,0.002120,0.000280,100,73,100,65535,1,635,-1.04,-0.89,-0.18,-0.02,0.14,0.26,27.1,0,254,0,12,36.9,415,422,496
23/09/2019 09:35:21.410,99,13.3,-3276.8,-12,0.03,0.12,3.749,24,15.000,65535.000,255,0.002240,0.000260,100,74,100,65535,1,636,-1.03,-0.89,-0.28,0.06,0.14,0.26,27.1,0,254,0,12,36.9,415,421,495
23/09/2019 09:35:22.410,99,14.0,-3276.8,-12,0.04,0.10,3.758,26,18.000,65535.000,255,0.002240,0.000240,100,75,100,65535,1,637,-1.04,-0.86,-0.18,-0.03,0.14,0.24,27.1,0,254,0,12,36.9,415,420,495
23/09/2019 09:35:23.410,99,14.0,-3276.8,-12,0.05,0.12,3.762,27,18.000,65535.000,255,0.002220,0.000260,100,76,100,65535,1,638,-1.04,-0.85,-0.18,-0.04,0.12,0.27,27.1,0,254,0,12,36.9,415,420,495
23/09/2019 09:35:24.410,100,14.8,-3276.8,-12,0.05,0.10,3.764,27,19.000,65535.000,255,0.002220,0.000260,100,76,100,65535,1,639,-1.06,-0.85,-0.16,-0.03,0.14,0.28,27.1,0,254,0,12,36.9,414,421,495
23/09/2019 09:35:25.410,101,14.8,-3276.8,-12,0.03,0.09,3.766,27,20.000,65535.000,255,0.002140,0.000280,100,77,100,65535,1,640,-1.04,-0.86,-0.16,-0.03,0.13,0.27,27.1,0,254,0,12,36.9,415,421,496
23/09/2019 09:35:26.410,101,16.1,-3276.8,-12,0.04,0.09,3.767,27,20.000,65535.000,255,0.002140,0.000260,100,78,100,65535,1,641,-1.03,-0.87,-0.15,-0.03,0.12,0.27,27.1,0,254,0,12,36.9,414,420,496
23/09/2019 09:35:27.410,102,16.1,-3276.8,-12,0.04,0.13,3.767,27,21.000,65535.000,255,0.002120,0.000260,100,79,100,65535,1,642,-1.06,-0.87,-0.19,-0.03,0.15,0.30,27.1,0,254,0,12,36.9,416,421,496
23/09/2019 09:35:28.410,101,17.3,-3276.8,-12,0.05,0.10,3.763,27,23.000,65535.000,255,0.002120,0.000240,100,79,100,65535,1,643,-1.04,-0.86,-0.14,-0.04,0.13,0.28,27.1,0,254,0,12,36.9,415,421,495
23/09/2019 09:35:29.410,102,17.3,-3276.8,-12,0.05,0.12,3.746,24,21.000,65535.000,255,0.002120,0.000260,100,80,100,65535,1,644,-1.04,-0.84,-0.14,-0.02,0.13,0.30,27.1,0,254,0,12,36.9,415,421,496
23/09/2019 09:35:30.410,100,18.8,-3276.8,-12,0.04,0.13,3.726,21,22.000,65535.000,255,0.002120,0.000260,100,81,100,65535,1,645,-1.04,-0.86,-0.18,-0.02,0.14,0.30,27.1,0,254,0,12,36.9,415,421,495
23/09/2019 09:35:31.410,102,18.8,-3276.8,-12,0.05,0.10,3.721,20,23.000,65535.000,255,0.002120,0.000280,100,81,100,65535,1,646,-1.04,-0.86,-0.16,0.00,0.14,0.30,27.1,0,254,0,12,36.9,415,421,496
23/09/2019 09:35:32.410,104,20.1,-3276.8,-12,0.05,0.14,3.729,21,24.000,65535.000,255,0.002120,0.000380,100,82,100,65535,1,647,-1.04,-0.85,-0.18,0.00,0.09,0.36,27.1,0,254,0,12,36.9,416,422,496
23/09/2019 09:35:33.410,104,20.1,-3276.8,-12,0.07,0.15,3.739,23,25.000,65535.000,255,0.002140,0.000360,100,83,100,65535,1,648,-1.04,-0.85,-0.16,0.01,0.15,0.36,27.1,0,254,0,12,36.9,417,428,496
23/09/2019 09:35:34.410,104,21.3,-3276.8,-12,0.04,0.12,3.749,24,25.000,65535.000,255,0.002140,0.000340,100,84,100,65535,1,649,-1.03,-0.84,-0.18,-0.02,0.15,0.26,27.1,0,254,0,12,36.9,429,429,497
23/09/2019 09:35:35.410,104,21.3,-3276.8,-12,0.05,0.12,3.758,26,25.000,65535.000,255,0.002320,0.000300,100,84,100,65535,1,650,-1.04,-0.86,-0.14,-0.01,0.16,0.32,27.1,0,254,0,12,36.9,431,430,507
23/09/2019 09:35:36.410,104,22.6,-3276.8,-12,0.06,0.13,3.765,27,24.000,65535.000,255,0.002320,0.000300,100,85,100,65535,1,651,-1.07,-0.84,-0.15,-0.01,0.14,0.30,27.1,0,254,0,12,36.9,430,428,503
23/09/2019 09:35:37.410,104,22.6,-3276.8,-12,0.05,0.19,3.766,27,22.000,65535.000,255,0.002360,0.000260,100,85,100,65535,1,652,-1.04,-0.84,-0.18,0.01,0.09,0.37,27.1,0,254,0,12,36.9,417,423,502
23/09/2019 09:35:38.410,105,23.6,-3276.8,-12,0.05,0.09,3.761,26,31.000,65535.000,255,0.002360,0.000260,100,85,100,65535,1,653,-1.06,-0.86,-0.16,-0.02,0.15,0.27,27.3,0,254,0,12,36.9,415,421,495
23/09/2019 09:35:39.410,106,23.6,-3276.8,-12,0.04,0.09,3.751,25,33.000,65535.000,255,0.002080,0.000240,100,86,100,65535,1,654,-1.04,-0.86,-0.14,-0.01,0.16,0.28,27.3,0,254,0,12,36.9,415,421,495
23/09/2019 09:35:40.410,107,24.5,-3276.8,-12,0.04,0.12,3.741,23,32.000,65535.000,255,0.002080,0.000300,100,86,100,65535,1,655,-1.04,-0.86,-0.13,-0.01,0.16,0.32,27.3,0,254,0,12,36.9,415,421,496
23/09/2019 09:35:41.410,107,24.5,-3276.8,-12,0.05,0.10,3.720,20,31.000,65535.000,255,0.002020,0.000280,100,86,100,65535,1,656,-1.04,-0.86,-0.16,0.00,0.16,0.30,27.4,0,254,0,12,36.9,406,401,475
23/09/2019 09:35:42.410,105,25.2,-3276.8,-12,0.04,0.12,3.691,15,31.000,65535.000,255,0.002020,0.000260,100,87,100,65535,1,657,-1.07,-0.86,-0.13,-0.01,0.16,0.30,27.4,0,254,0,12,36.9,398,408,489
23/09/2019 09:35:43.410,107,25.2,-3276.8,-12,0.05,0.09,3.677,12,29.000,65535.000,255,0.002080,0.000260,100,88,100,65535,1,658,-1.04,-0.87,-0.13,-0.01,0.15,0.30,27.4,0,254,0,12,36.9,410,408,491
23/09/2019 09:35:44.410,108,25.5,-3276.8,-12,0.05,0.09,3.684,14,28.000,65535.000,255,0.002080,0.000240,100,89,100,65535,1,659,-1.06,-0.86,-0.18,-0.03,0.14,0.26,27.4,0,254,0,12,36.9,409,415,491
23/09/2019 09:35:45.410,108,25.5,-3276.8,-12,0.04,0.08,3.701,16,29.000,65535.000,255,0.002120,0.000280,100,89,100,65535,1,660,-1.04,-0.86,-0.14,-0.02,0.16,0.25,27.4,0,254,0,12,36.9,425,417,500
23/09/2019 09:35:46.410,109,26.0,-3276.8,-12,0.05,0.12,3.719,19,28.000,65535.000,255,0.002120,0.000240,100,90,100,65535,1,661,-1.04,-0.86,-0.15,-0.02,0.15,0.31,27.4,0,254,0,12,36.9,417,424,502
23/09/2019 09:35:47.410,108,26.0,-3276.8,-12,0.05,0.13,3.730,21,29.000,65535.000,255,0.002180,0.000340,100,90,100,65535,1,662,-1.04,-0.87,-0.12,0.03,0.13,0.30,27.4,0,254,0,12,36.9,415,421,496
23/09/2019 09:35:48.410,108,26.6,-3276.8,-12,0.06,0.14,3.740,23,28.000,65535.000,255,0.002180,0.000320,100,90,100,65535,1,663,-1.06,-0.86,-0.20,0.01,0.10,0.32,27.4,0,254,0,12,36.9,414,422,495
23/09/2019 09:35:49.410,108,26.6,-3276.8,-12,0.06,0.14,3.750,25,26.000,65535.000,255,0.002200,0.000280,100,90,100,65535,1,664,-1.06,-0.86,-0.15,0.02,0.06,0.30,27.4,0,254,0,12,36.9,414,421,495
23/09/2019 09:35:50.410,109,27.1,-3276.8,-12,0.05,0.12,3.760,26,30.000,65535.000,255,0.002200,0.000300,100,90,100,65535,1,665,-1.06,-0.89,-0.22,-0.02,0.16,0.25,27.4,0,254,0,12,36.9,415,420,496
23/09/2019 09:35:51.410,109,27.1,-3276.8,-12,0.04,0.10,3.763,27,29.000,65535.000,255,0.002220,0.000280,100,90,100,65535,1,666,-1.04,-0.86,-0.18,-0.01,0.14,0.27,27.4,0,254,0,12,36.9,415,421,496
23/09/2019 09:35:52.410,110,27.5,-3276.8,-12,0.05,0.12,3.766,27,28.000,65535.000,255,0.002220,0.000300,100,90,100,65535,1,667,-1.04,-0.86,-0.20,-0.07,0.16,0.27,27.4,0,254,0,12,36.9,415,420,495
23/09/2019 09:35:53.410,110,27.5,-3276.8,-13,0.04,0.10,3.766,27,29.000,65535.000,255,0.002060,0.000320,100,91,100,65535,1,668,-1.03,-0.86,-0.20,-0.06,0.15,0.30,27.4,0,254,0,12,36.9,416,421,496
23/09/2019 09:35:54.410,111,28.0,-3276.8,-13,0.06,0.16,3.753,25,27.000,65535.000,255,0.002060,0.000320,100,92,100,65535,1,669,-1.07,-0.84,-0.21,0.00,0.13,0.34,27.4,0,254,0,12,36.9,414,422,495
23/09/2019 09:35:55.410,112,28.0,-3276.8,-12,0.05,0.16,3.733,22,29.000,65535.000,255,0.002040,0.000280,100,92,100,65535,1,670,-1.07,-0.84,-0.21,0.00,0.13,0.34,27.4,0,254,0,12,36.9,415,421,494
23/09/2019 09:35:56.410,112,28.5,-3276.8,-12,0.04,0.08,3.721,20,30.000,65535.000,255,0.002040,0.000260,100,92,100,65535,1,671,-1.04,-0.85,-0.18,-0.04,0.15,0.26,27.4,0,254,0,12,36.9,415,421,496
23/09/2019 09:35:57.410,113,28.5,-3276.8,-12,0.04,0.15,3.726,21,29.000,65535.000,255,0.002160,0.000240,100,92,100,65535,1,672,-1.04,-0.83,-0.18,-0.02,0.12,0.32,27.4,0,254,0,12,36.9,415,421,495
23/09/2019 09:35:58.410,113,28.6,-3276.8,-12,0.05,0.10,3.736,22,30.000,65535.000,255,0.002160,0.000220,100,92,100,65535,1,673,-1.06,-0.86,-0.18,-0.02,0.14,0.26,27.4,0,0,0,12,36.9,415,421,496
23/09/2019 09:35:59.410,113,28.6,-3276.8,-13,0.04,0.10,3.746,24,30.000,65535.000,255,0.002160,0.000200,100,92,100,65535,1,674,-1.06,-0.84,-0.18,-0.04,0.15,0.26,27.4,0,254,0,12,36.9,415,421,496
23/09/2019 09:36:00.410,112,29.1,-3276.8,-13,0.05,0.12,3.756,26,30.000,65535.000,255,0.002160,0.000240,100,93,100,65535,1,675,-1.04,-0.86,-0.19,-0.06,0.16,0.31,27.4,0,254,0,12,36.9,415,421,495
23/09/2019 09:36:01.410,112,29.1,-3276.8,-13,0.04,0.10,3.762,27,28.000,65535.000,255,0.002160,0.000260,100,93,100,65535,1,676,-1.07,-0.85,-0.18,-0.06,0.16,0.28,27.4,0,254,0,12,36.9,415,421,496
23/09/2019 09:36:02.410,111,29.5,-3276.8,-13,0.05,0.09,3.764,27,28.000,65535.000,255,0.002160,0.000240,100,91,100,65535,1,677,-1.06,-0.86,-0.20,-0.07,0.16,0.30,27.4,0,254,0,12,36.9,414,420,495
23/09/2019 09:36:03.410,111,29.5,-3276.8,-14,0.05,0.12,3.764,27,28.000,65535.000,255,0.002120,0.000260,100,89,100,65535,1,678,-1.04,-0.85,-0.20,-0.07,0.16,0.31,27.4,0,254,0,12,36.9,416,420,496
23/09/2019 09:36:04.410,110,29.9,-3276.8,-14,0.05,0.12,3.765,27,29.000,65535.000,255,0.002120,0.000240,100,89,100,65535,1,679,-1.07,-0.86,-0.20,-0.08,0.14,0.30,27.4,0,254,0,12,36.9,415,421,495
23/09/2019 09:36:05.410,110,29.9,-3276.8,-14,0.05,0.10,3.765,27,28.000,65535.000,255,0.002080,0.000280,100,87,100,65535,1,680,-1.04,-0.86,-0.20,-0.07,0.12,0.27,27.4,0,254,0,12,36.9,415,421,496
23/09/2019 09:36:06.410,110,30.1,-3276.8,-13,0.07,0.16,3.762,27,26.000,65535.000,255,0.002080,0.000280,100,86,100,65535,1,681,-1.06,-0.83,-0.15,-0.03,0.12,0.34,27.4,0,254,0,12,36.9,415,421,495
23/09/2019 09:36:07.410,109,30.1,-3276.8,-12,0.06,0.15,3.747,24,27.000,65535.000,255,0.002140,0.000280,100,85,100,65535,1,682,-1.06,-0.85,-0.16,0.03,0.13,0.33,27.4,0,254,0,12,36.9,415,421,494
23/09/2019 09:36:08.410,110,30.5,-3276.8,-12,0.06,0.13,3.728,21,26.000,65535.000,255,0.002140,0.000480,100,85,100,65535,1,683,-1.04,-0.87,-0.13,-0.02,0.13,0.34,27.4,0,254,0,12,36.9,415,420,496
23/09/2019 09:36:09.410,111,30.5,-3276.8,-12,0.05,0.13,3.720,20,25.000,65535.000,255,0.002000,0.000420,98,85,100,65535,1,684,-1.06,-0.86,-0.12,-0.01,0.10,0.30,27.4,0,254,0,12,36.9,415,421,496
23/09/2019 09:36:10.410,111,30.7,-3276.8,-12,0.05,0.10,3.727,21,27.000,65535.000,255,0.002000,0.000380,99,86,100,65535,1,685,-1.03,-0.86,-0.16,-0.02,0.13,0.26,27.4,0,254,0,12,36.9,415,420,495
23/09/2019 09:36:11.410,112,30.7,-3276.8,-12,0.04,0.12,3.737,22,28.000,65535.000,255,0.002140,0.000360,99,86,100,65535,1,686,-1.09,-0.86,-0.19,-0.06,0.14,0.28,27.4,0,254,0,12,36.9,415,422,495
23/09/2019 09:36:12.410,113,30.8,-3276.8,-12,0.05,0.10,3.747,24,27.000,65535.000,255,0.002140,0.000320,99,87,100,65535,1,687,-1.04,-0.86,-0.16,-0.06,0.13,0.27,27.4,0,254,0,12,36.9,414,421,496
23/09/2019 09:36:13.410,114,30.8,-3276.8,-12,0.04,0.12,3.756,26,27.000,65535.000,255,0.002180,0.000320,99,87,100,65535,1,688,-1.04,-0.87,-0.15,-0.04,0.13,0.31,27.4,0,254,0,12,36.9,415,421,495
23/09/2019 09:36:14.410,114,31.1,-3276.8,-12,0.05,0.12,3.762,27,26.000,65535.000,255,0.002180,0.000300,99,87,100,65535,1,689,-1.04,-0.84,-0.15,-0.02,0.16,0.27,27.4,0,254,0,12,36.9,415,421,495
23/09/2019 09:36:15.410,114,31.1,-3276.8,-13,0.04,0.09,3.764,27,26.000,65535.000,255,0.002320,0.000300,99,87,100,65535,1,690,-1.04,-0.86,-0.16,-0.02,0.13,0.28,27.4,0,254,0,12,36.9,415,421,496
23/09/2019 09:36:16.410,115,31.7,-3276.8,-12,0.05,0.10,3.765,27,26.000,65535.000,255,0.002320,0.000280,99,87,100,65535,1,691,-1.04,-0.87,-0.18,-0.04,0.14,0.32,27.4,0,254,0,12,36.9,415,420,495
23/09/2019 09:36:17.410,115,31.7,-3276.8,-13,0.06,0.15,3.765,27,26.000,65535.000,255,0.002220,0.000240,99,87,100,65535,1,692,-1.04,-0.86,-0.20,-0.04,0.12,0.37,27.4,0,254,0,12,36.9,415,421,495
23/09/2019 09:36:18.410,115,31.9,-3276.8,-13,0.04,0.15,3.765,27,25.000,65535.000,255,0.002220,0.000240,100,86,100,65535,1,693,-1.04,-0.86,-0.18,-0.04,0.14,0.33,27.4,0,254,0,12,36.9,415,421,495
23/09/2019 09:36:19.410,115,31.9,-3276.8,-13,0.04,0.08,3.760,26,27.000,65535.000,255,0.002140,0.000320,100,86,100,65535,1,694,-1.04,-0.87,-0.18,-0.04,0.16,0.28,27.4,0,254,0,12,36.9,415,421,496
23/09/2019 09:36:20.410,116,32.0,-3276.8,-13,0.05,0.08,3.742,23,27.000,65535.000,255,0.002140,0.000300,100,86,100,65535,1,695,-1.04,-0.86,-0.16,-0.06,0.15,0.28,27.4,0,254,0,12,36.9,415,421,496
23/09/2019 09:36:21.410,114,32.0,-3276.8,-14,0.05,0.09,3.724,20,26.000,65535.000,255,0.002200,0.000260,100,87,100,65535,1,696,-1.04,-0.85,-0.20,-0.06,0.15,0.30,27.4,0,254,0,12,36.9,415,421,494
23/09/2019 09:36:22.410,114,32.2,-3276.8,-15,0.06,0.13,3.721,20,26.000,65535.000,255,0.002200,0.000260,100,87,100,65535,1,697,-1.04,-0.83,-0.18,-0.02,0.16,0.33,27.4,0,254,0,12,36.9,415,421,496
23/09/2019 09:36:23.410,114,32.2,-3276.8,-14,0.06,0.10,3.731,21,25.000,65535.000,255,0.002120,0.000280,100,87,100,65535,1,698,-1.03,-0.86,-0.16,-0.02,0.16,0.32,27.4,0,254,0,12,36.9,416,421,495
23/09/2019 09:36:24.410,113,32.4,-3276.8,-15,0.06,0.14,3.741,23,24.000,65535.000,255,0.002120,0.000260,100,88,100,65535,1,699,-1.06,-0.85,-0.19,-0.06,0.15,0.34,27.4,0,254,0,12,36.9,416,421,495
23/09/2019 09:36:25.410,113,32.4,-3276.8,-15,0.05,0.10,3.751,25,23.000,65535.000,255,0.002060,0.000260,100,88,100,65535,1,700,-1.04,-0.85,-0.19,-0.06,0.16,0.32,27.4,0,254,0,12,36.9,415,420,496
23/09/2019 09:36:26.410,113,32.6,-3276.8,-15,0.05,0.10,3.760,26,23.000,65535.000,255,0.002060,0.000240,100,89,100,65535,1,701,-1.08,-0.86,-0.16,-0.06,0.15,0.32,27.4,0,254,0,12,36.9,416,421,495
23/09/2019 09:36:27.410,113,32.6,-3276.8,-15,0.05,0.09,3.764,27,22.000,65535.000,255,0.002020,0.000260,100,89,100,65535,1,702,-1.04,-0.85,-0.20,-0.06,0.16,0.27,27.4,0,254,0,12,36.9,415,421,495
23/09/2019 09:36:28.410,112,32.8,-3276.8,-15,0.05,0.12,3.764,27,23.000,65535.000,255,0.002020,0.000240,100,89,100,65535,1,703,-1.03,-0.87,-0.22,-0.04,0.14,0.33,27.4,0,254,0,12,36.9,415,421,496
23/09/2019 09:36:29.410,111,32.8,-3276.8,-14,0.05,0.13,3.765,27,23.000,65535.000,255,0.002040,0.000260,100,89,100,65535,1,704,-1.06,-0.86,-0.15,0.00,0.16,0.30,27.4,0,254,0,12,36.9,416,421,495
23/09/2019 09:36:30.410,111,33.1,-3276.8,-14,0.06,0.13,3.765,27,25.000,65535.000,255,0.002040,0.000260,100,89,100,65535,1,705,-1.04,-0.86,-0.19,0.01,0.14,0.34,27.4,0,254,0,12,36.9,415,421,495
23/09/2019 09:36:31.410,111,33.1,-3276.8,-15,0.06,0.13,3.765,27,24.000,65535.000,255,0.002080,0.000280,100,90,100,65535,1,706,-1.06,-0.86,-0.18,-0.06,0.16,0.34,27.4,0,254,0,12,36.9,416,421,495
23/09/2019 09:36:32.410,113,33.1,-3276.8,-15,0.05,0.12,3.756,26,28.000,65535.000,255,0.002080,0.000280,100,90,100,65535,1,707,-1.03,-0.86,-0.19,-0.06,0.16,0.34,27.4,0,254,0,12,36.9,415,421,495
23/09/2019 09:36:33.410,114,33.1,-3276.8,-15,0.05,0.10,3.736,22,29.000,65535.000,255,0.002200,0.000280,100,90,100,65535,1,708,-1.03,-0.85,-0.18,-0.03,0.16,0.31,27.4,0,254,0,12,36.9,415,421,495
23/09/2019 09:36:34.410,117,33.0,-3276.8,-14,0.05,0.12,3.720,20,37.000,65535.000,255,0.002200,0.000260,100,91,100,65535,1,709,-1.04,-0.84,-0.19,0.01,0.16,0.32,27.4,0,254,0,12,36.9,415,421,496
23/09/2019 09:36:35.410,118,33.0,-3276.8,-14,0.05,0.10,3.723,20,41.000,65535.000,255,0.002300,0.000260,100,91,100,65535,1,710,-1.06,-0.85,-0.18,-0.03,0.16,0.32,27.4,0,254,0,12,36.9,416,421,496
23/09/2019 09:36:36.410,118,32.8,-3276.8,-14,0.05,0.10,3.733,22,40.000,65535.000,255,0.002300,0.000240,100,91,100,65535,1,711,-1.04,-0.86,-0.19,-0.07,0.15,0.33,27.4,0,254,0,12,36.9,416,421,495
23/09/2019 09:36:37.410,118,32.8,-3276.8,-14,0.05,0.10,3.743,23,37.000,65535.000,255,0.002220,0.000240,100,92,100,65535,1,712,-1.04,-0.86,-0.28,0.04,0.13,0.31,27.4,0,254,0,12,36.9,416,421,496
23/09/2019 09:36:38.410,119,32.7,-3276.8,-14,0.04,0.12,3.743,23,36.000,65535.000,255,0.002220,0.000240,100,92,100,65535,1,713,-1.04,-0.86,-0.20,-0.07,0.16,0.31,27.6,0,254,0,12,36.9,415,421,495
23/09/2019 09:36:39.410,118,32.7,-3276.8,-15,0.05,0.10,3.733,22,40.000,65535.000,255,0.002220,0.000260,100,93,100,65535,1,714,-1.04,-0.86,-0.20,-0.07,0.15,0.33,27.6,0,254,0,12,36.9,415,421,495
23/09/2019 09:36:40.410,118,32.4,-3276.8,-15,0.05,0.10,3.723,20,37.000,65535.000,255,0.002220,0.000240,100,93,100,65535,1,715,-1.04,-0.85,-0.20,-0.04,0.16,0.28,27.6,0,254,0,12,36.9,416,422,495
23/09/2019 09:36:41.410,118,32.4,-3276.8,-15,0.05,0.14,3.714,19,37.000,65535.000,255,0.002240,0.000260,100,93,100,65535,1,716,-1.06,-0.86,-0.20,-0.03,0.16,0.34,27.6,0,254,0,12,36.9,416,422,496
23/09/2019 09:36:42.410,119,32.0,-3276.8,-15,0.04,0.13,3.710,18,37.000,65535.000,255,0.002240,0.000280,100,93,100,65535,1,717,-1.03,-0.87,-0.19,-0.07,0.16,0.33,27.6,0,254,0,12,36.9,418,422,497
23/09/2019 09:36:43.410,119,32.0,-3276.8,-15,0.04,0.10,3.712,18,37.000,65535.000,255,0.002220,0.000280,100,93,100,65535,1,718,-1.02,-0.86,-0.20,-0.07,0.16,0.32,27.6,0,254,0,12,36.9,422,426,499
23/09/2019 09:36:44.410,120,31.8,-3276.8,-15,0.05,0.09,3.720,20,38.000,65535.000,255,0.002220,0.000260,100,92,100,65535,1,719,-1.03,-0.87,-0.19,-0.06,0.16,0.31,27.6,0,254,0,12,36.9,425,431,501
23/09/2019 09:36:45.410,120,31.8,-3276.8,-15,0.06,0.13,3.714,19,37.000,65535.000,255,0.002380,0.000260,100,92,100,65535,1,720,-1.04,-0.83,-0.20,0.01,0.15,0.36,27.6,0,254,0,12,36.9,424,428,509
23/09/2019 09:36:46.410,119,31.7,-3276.8,-15,0.06,0.15,3.704,17,37.000,65535.000,255,0.002380,0.000280,100,92,100,65535,1,721,-1.06,-0.83,-0.25,-0.02,0.16,0.36,27.6,0,254,0,12,36.9,417,421,503
23/09/2019 09:36:47.410,118,31.7,-3276.8,-14,0.05,0.10,3.700,16,33.000,65535.000,255,0.002400,0.000260,100,92,100,65535,1,722,-1.03,-0.86,-0.19,-0.06,0.14,0.36,27.6,0,254,0,12,36.9,415,421,495
23/09/2019 09:36:48.410,118,32.2,-3276.8,-14,0.05,0.09,3.710,18,32.000,65535.000,255,0.002400,0.000260,100,92,100,65535,1,723,-1.04,-0.86,-0.18,-0.06,0.16,0.31,27.6,0,254,0,12,36.9,415,421,494
23/09/2019 09:36:49.410,118,32.2,-3276.8,-14,0.05,0.15,3.720,20,32.000,65535.000,255,0.002260,0.000340,100,92,100,65535,1,724,-1.04,-0.86,-0.27,-0.02,0.16,0.33,27.6,0,254,0,12,36.9,414,420,495
23/09/2019 09:36:50.410,118,32.5,-3276.8,-13,0.07,0.19,3.730,21,35.000,65535.000,255,0.002260,0.000360,100,92,100,65535,1,725,-1.09,-0.85,-0.15,0.04,0.12,0.32,27.6,0,254,0,12,36.9,415,421,495
23/09/2019 09:36:51.410,117,32.5,-3276.8,-13,0.05,0.10,3.740,23,34.000,65535.000,255,0.002140,0.000340,100,92,100,65535,1,726,-1.04,-0.86,-0.13,0.00,0.15,0.30,27.6,0,254,0,12,36.9,415,420,496
23/09/2019 09:36:52.410,118,32.6,-3276.8,-12,0.07,0.13,3.750,25,32.000,65535.000,255,0.002140,0.000300,100,92,100,65535,1,727,-1.04,-0.85,-0.19,0.03,0.09,0.30,27.6,0,254,0,12,36.9,415,421,495
23/09/2019 09:36:53.410,119,32.6,-3276.8,-14,0.05,0.10,3.759,26,31.000,65535.000,255,0.002180,0.000340,100,92,100,65535,1,728,-1.04,-0.85,-0.18,-0.06,0.16,0.32,27.6,0,254,0,12,36.9,414,420,495
23/09/2019 09:36:54.410,121,32.6,-3276.8,-14,0.07,0.16,3.762,27,30.000,65535.000,255,0.002180,0.000320,100,92,100,65535,1,729,-1.06,-0.83,-0.22,-0.02,0.15,0.38,27.6,0,254,0,12,36.9,415,421,495
23/09/2019 09:36:55.410,121,32.6,-3276.8,-14,0.07,0.15,3.764,27,30.000,65535.000,255,0.002340,0.000340,100,92,100,65535,1,730,-1.06,-0.85,-0.18,0.02,0.16,0.34,27.6,0,254,0,12,36.9,414,420,495
23/09/2019 09:36:56.410,122,32.6,-3276.8,-14,0.05,0.09,3.764,27,29.000,65535.000,255,0.002340,0.000320,100,92,100,65535,1,731,-1.04,-0.86,-0.18,-0.02,0.16,0.31,27.6,0,254,0,12,36.9,415,421,495
23/09/2019 09:36:57.410,122,32.6,-3276.8,-15,0.07,0.12,3.761,26,29.000,65535.000,255,0.002220,0.000300,100,92,100,65535,1,732,-1.06,-0.83,-0.16,0.06,0.16,0.31,27.6,0,254,0,12,36.9,417,421,502
23/09/2019 09:36:58.410,123,32.6,-3276.8,-14,0.05,0.09,3.745,24,29.000,65535.000,255,0.002220,0.000280,100,92,100,65535,1,733,-1.04,-0.85,-0.14,-0.02,0.16,0.30,27.6,0,254,0,12,36.9,424,428,502
23/09/2019 09:36:59.410,123,32.6,-3276.8,-14,0.06,0.15,3.725,20,29.000,65535.000,255,0.002120,0.000260,100,91,100,65535,1,734,-1.03,-0.87,-0.18,0.04,0.14,0.33,27.6,0,254,0,12,36.9,428,428,502
23/09/2019 09:37:00.410,124,32.7,-3276.8,-14,0.05,0.13,3.719,19,29.000,65535.000,255,0.002120,0.000300,100,92,100,65535,1,735,-1.04,-0.84,-0.16,0.00,0.13,0.34,27.6,0,254,0,12,36.9,432,432,502
23/09/2019 09:37:01.410,122,32.7,-3276.8,-14,0.06,0.14,3.727,21,30.000,65535.000,255,0.002300,0.000320,100,92,100,65535,1,736,-1.06,-0.86,-0.19,0.00,0.14,0.36,27.6,0,254,0,12,36.9,417,421,504
23/09/2019 09:37:02.410,122,32.7,-3276.8,-15,0.06,0.12,3.737,22,30.000,65535.000,255,0.002300,0.000320,100,91,100,65535,1,737,-1.06,-0.84,-0.18,-0.01,0.15,0.33,27.6,0,254,0,12,36.9,415,420,495
23/09/2019 09:37:03.410,122,32.7,-3276.8,-14,0.06,0.14,3.747,24,29.000,65535.000,255,0.002300,0.000320,100,91,100,65535,1,738,-1.04,-0.85,-0.15,0.01,0.16,0.34,27.6,0,254,0,12,36.9,423,435,505
23/09/2019 09:37:04.410,122,32.8,-3276.8,-14,0.06,0.19,3.756,26,28.000,65535.000,255,0.002300,0.000380,100,91,100,65535,1,739,-1.04,-0.85,-0.21,-0.01,0.15,0.39,27.6,0,254,0,12,36.9,422,438,502
23/09/2019 09:37:05.410,121,32.8,-3276.8,-15,0.07,0.19,3.762,27,30.000,65535.000,255,0.002280,0.000320,100,91,100,65535,1,740,-1.03,-0.75,-0.19,-0.02,0.16,0.37,27.6,0,254,0,12,36.9,423,428,496
23/09/2019 09:37:06.410,122,32.8,-3276.8,-15,0.05,0.10,3.762,27,30.000,65535.000,255,0.002280,0.000300,100,90,100,65535,1,741,-1.03,-0.85,-0.16,-0.03,0.16,0.32,27.6,0,254,0,12,36.9,421,426,501
23/09/2019 09:37:07.410,121,32.8,-3276.8,-15,0.05,0.13,3.764,27,29.000,65535.000,255,0.002300,0.000300,100,90,100,65535,1,742,-1.04,-0.86,-0.16,0.00,0.16,0.33,27.6,0,254,0,12,36.9,419,424,496
23/09/2019 09:37:08.410,121,32.8,-3276.8,-15,0.06,0.10,3.765,27,29.000,65535.000,255,0.002300,0.000280,100,89,100,65535,1,743,-1.04,-0.77,-0.16,-0.01,0.16,0.32,27.6,0,254,0,12,36.9,417,422,496
23/09/2019 09:37:09.410,121,32.8,-3276.8,-14,0.06,0.12,3.765,27,27.000,65535.000,255,0.002220,0.000280,100,88,100,65535,1,744,-1.06,-0.86,-0.19,-0.02,0.14,0.32,27.6,0,254,0,12,36.9,416,421,496
23/09/2019 09:37:10.410,121,33.0,-3276.8,-14,0.05,0.12,3.759,26,28.000,65535.000,255,0.002220,0.000260,100,88,100,65535,1,745,-1.04,-0.86,-0.20,-0.04,0.16,0.33,27.6,0,254,0,12,36.9,415,420,496
23/09/2019 09:37:11.410,122,33.0,-3276.8,-15,0.05,0.09,3.740,23,29.000,65535.000,255,0.002220,0.000320,100,88,100,65535,1,746,-1.04,-0.86,-0.19,-0.02,0.16,0.32,27.6,0,254,0,12,36.9,415,421,496
23/09/2019 09:37:12.410,122,33.0,-3276.8,-15,0.05,0.12,3.722,20,28.000,65535.000,255,0.002220,0.000360,100,87,100,65535,1,747,-1.02,-0.86,-0.18,-0.02,0.16,0.32,27.6,0,254,0,12,36.9,416,421,495
23/09/2019 09:37:13.410,122,33.0,-3276.8,-15,0.06,0.13,3.723,20,28.000,65535.000,255,0.002300,0.000340,100,87,100,65535,1,748,-1.03,-0.86,-0.20,-0.02,0.15,0.32,27.6,0,254,0,12,36.9,415,422,495
23/09/2019 09:37:14.410,123,33.0,-3276.8,-15,0.05,0.10,3.733,22,28.000,65535.000,255,0.002300,0.000320,100,87,100,65535,1,749,-1.04,-0.86,-0.15,-0.04,0.16,0.32,27.6,0,254,0,12,36.9,415,420,495
23/09/2019 09:37:15.410,122,33.0,-3276.8,-14,0.05,0.12,3.743,23,25.000,65535.000,255,0.002200,0.000320,100,86,100,65535,1,750,-1.06,-0.85,-0.16,-0.06,0.15,0.30,27.6,0,254,0,12,36.9,415,420,496
23/09/2019 09:37:16.410,122,32.9,-3276.8,-13,0.06,0.09,3.753,25,27.000,65535.000,255,0.002200,0.000300,100,85,100,65535,1,751,-1.04,-0.86,-0.15,0.02,0.15,0.28,27.6,0,254,0,12,36.9,415,421,495
23/09/2019 09:37:17.410,122,32.9,-3276.8,-13,0.05,0.10,3.760,26,25.000,65535.000,255,0.002200,0.000320,100,85,100,65535,1,752,-1.04,-0.87,-0.15,-0.04,0.16,0.33,27.6,0,254,0,12,36.9,415,421,495
23/09/2019 09:37:18.410,121,32.8,-3276.8,-14,0.05,0.10,3.762,27,24.000,65535.000,255,0.002200,0.000320,100,85,100,65535,1,753,-1.06,-0.89,-0.16,-0.02,0.14,0.32,27.6,0,254,0,12,36.9,415,421,495
23/09/2019 09:37:19.410,121,32.8,-3276.8,-14,0.05,0.10,3.763,27,24.000,65535.000,255,0.002360,0.000320,100,84,100,65535,1,754,-1.04,-0.86,-0.19,-0.06,0.16,0.33,27.6,0,254,0,12,36.9,416,421,496
23/09/2019 09:37:20.410,121,32.6,-3276.8,-14,0.06,0.13,3.764,27,24.000,65535.000,255,0.002360,0.000340,100,83,100,65535,1,755,-1.04,-0.80,-0.19,0.00,0.14,0.34,27.6,0,254,0,12,36.9,414,421,495
23/09/2019 09:37:21.410,122,32.6,-3276.8,-15,0.06,0.10,3.765,27,25.000,65535.000,255,0.002320,0.000340,100,82,100,65535,1,756,-1.02,-0.83,-0.24,-0.02,0.16,0.32,27.6,0,254,0,12,36.9,414,422,494
23/09/2019 09:37:22.410,123,32.5,-3276.8,-15,0.06,0.14,3.765,27,25.000,65535.000,255,0.002320,0.000340,100,81,100,65535,1,757,-1.06,-0.85,-0.24,-0.04,0.16,0.34,27.6,0,254,0,12,36.9,414,421,495
23/09/2019 09:37:23.410,124,32.5,-3276.8,-15,0.05,0.10,3.754,25,26.000,65535.000,255,0.002240,0.000400,100,81,100,65535,1,758,-1.04,-0.84,-0.18,-0.03,0.15,0.30,27.6,0,254,0,12,36.9,416,421,495
23/09/2019 09:37:24.410,124,32.5,-3276.8,-15,0.06,0.10,3.734,22,26.000,65535.000,255,0.002240,0.000360,100,79,100,65535,1,759,-1.03,-0.86,-0.18,-0.06,0.16,0.34,27.6,0,254,0,12,36.9,415,420,495
23/09/2019 09:37:25.410,123,32.5,-3276.8,-15,0.06,0.10,3.722,20,26.000,65535.000,255,0.002200,0.000380,100,79,100,65535,1,760,-1.04,-0.86,-0.19,-0.06,0.18,0.32,27.6,0,254,0,12,36.9,415,420,495
23/09/2019 09:37:26.410,123,32.4,-3276.8,-15,0.05,0.13,3.725,20,26.000,65535.000,255,0.002200,0.000320,100,78,100,65535,1,761,-1.04,-0.85,-0.15,-0.04,0.16,0.38,27.6,0,254,0,12,36.9,415,421,495
23/09/2019 09:37:27.410,121,32.4,-3276.8,-15,0.05,0.10,3.735,22,27.000,65535.000,255,0.002240,0.000460,99,78,100,65535,1,762,-1.04,-0.86,-0.19,-0.06,0.18,0.34,27.6,0,254,0,12,36.9,415,421,496
23/09/2019 09:37:28.410,121,32.4,-3276.8,-16,0.05,0.15,3.745,24,28.000,65535.000,255,0.002240,0.000420,99,77,100,65535,1,763,-1.04,-0.86,-0.26,-0.02,0.16,0.38,27.6,0,254,0,12,36.9,415,420,496
23/09/2019 09:37:29.410,121,32.4,-3276.8,-16,0.06,0.13,3.754,25,33.000,65535.000,255,0.002500,0.000600,96,77,100,65535,1,764,-1.08,-0.85,-0.22,-0.09,0.16,0.33,27.6,0,254,0,12,36.9,415,421,495
23/09/2019 09:37:30.410,121,32.4,-3276.8,-17,0.06,0.13,3.761,26,36.000,65535.000,255,0.002500,0.000540,94,76,100,65535,1,765,-1.04,-0.86,-0.31,0.06,0.16,0.32,27.6,0,254,0,12,36.9,414,422,494
23/09/2019 09:37:31.410,120,32.4,-3276.8,-17,0.04,0.09,3.764,27,34.000,65535.000,255,0.002560,0.000460,95,74,100,65535,1,766,-1.03,-0.86,-0.19,-0.06,0.16,0.34,27.6,0,254,0,12,36.9,415,420,495
23/09/2019 09:37:32.410,120,32.2,-3276.8,-17,0.05,0.12,3.764,27,35.000,65535.000,255,0.002560,0.000400,96,73,100,65535,1,767,-1.04,-0.86,-0.21,-0.07,0.13,0.34,27.6,0,254,0,12,36.9,414,420,495
23/09/2019 09:37:33.410,119,32.2,-3276.8,-16,0.07,0.16,3.764,27,34.000,65535.000,255,0.002420,0.000440,96,73,100,65535,1,768,-1.04,-0.85,-0.20,-0.02,0.09,0.37,27.6,0,254,0,12,36.9,415,421,495
23/09/2019 09:37:34.410,119,32.3,-3276.8,-16,0.06,0.14,3.765,27,31.000,65535.000,255,0.002420,0.000420,97,72,100,65535,1,769,-1.06,-0.81,-0.22,-0.02,0.12,0.32,27.6,0,254,0,12,37.0,416,421,495
23/09/2019 09:37:35.410,120,32.3,-3276.8,-15,0.06,0.12,3.764,27,31.000,65535.000,255,0.002360,0.000400,97,71,100,65535,1,770,-1.04,-0.86,-0.15,0.00,0.16,0.31,27.6,0,254,0,12,37.0,415,420,496
23/09/2019 09:37:36.410,122,32.4,-3276.8,-14,0.05,0.12,3.750,25,33.000,65535.000,255,0.002360,0.000360,98,69,100,65535,1,771,-1.04,-0.86,-0.15,0.00,0.16,0.31,27.6,0,254,0,12,37.0,415,420,496
23/09/2019 09:37:37.410,124,32.4,-3276.8,-14,0.06,0.10,3.730,21,35.000,65535.000,255,0.002300,0.000340,98,69,100,65535,1,772,-1.03,-0.86,-0.14,-0.01,0.16,0.31,27.6,0,254,0,12,37.0,415,421,495
23/09/2019 09:37:38.410,126,32.4,-3276.8,-14,0.05,0.14,3.714,19,34.000,65535.000,255,0.002300,0.000340,98,67,100,65535,1,773,-1.07,-0.86,-0.21,-0.06,0.16,0.33,27.8,0,254,0,12,37.0,415,420,496
23/09/2019 09:37:39.410,125,32.4,-3276.8,-15,0.05,0.13,3.704,17,31.000,65535.000,255,0.002340,0.000320,98,65,100,65535,1,774,-1.04,-0.81,-0.20,-0.06,0.16,0.31,27.8,0,254,0,12,37.0,415,420,495
23/09/2019 09:37:40.410,126,32.2,-3276.8,-15,0.05,0.10,3.703,17,31.000,65535.000,255,0.002340,0.000320,99,63,100,65535,1,775,-1.06,-0.86,-0.20,-0.08,0.16,0.33,27.8,0,254,0,12,37.0,415,420,495
23/09/2019 09:37:41.410,127,32.2,-3276.8,-15,0.06,0.12,3.703,17,30.000,65535.000,255,0.002220,0.000380,99,62,100,65535,1,776,-1.04,-0.86,-0.22,-0.06,0.15,0.31,27.8,0,254,0,12,37.0,414,420,495
23/09/2019 09:37:42.410,127,32.1,-3276.8,-15,0.06,0.14,3.703,17,29.000,65535.000,255,0.002220,0.000360,99,60,100,65535,1,777,-1.06,-0.81,-0.19,-0.06,0.15,0.37,27.8,0,254,0,12,37.0,415,421,495
23/09/2019 09:37:43.410,127,32.1,-3276.8,-15,0.05,0.09,3.709,18,29.000,65535.000,255,0.002200,0.000340,99,57,100,65535,1,778,-1.04,-0.86,-0.20,-0.08,0.16,0.32,27.8,0,254,0,12,37.0,414,420,495
23/09/2019 09:37:44.410,126,31.9,-3276.8,-15,0.06,0.10,3.719,19,28.000,65535.000,255,0.002200,0.000320,99,56,100,65535,1,779,-1.04,-0.85,-0.21,-0.08,0.15,0.32,27.8,0,254,0,12,37.0,414,421,495
23/09/2019 09:37:45.410,128,31.9,-3276.8,-15,0.05,0.10,3.729,21,27.000,65535.000,255,0.002240,0.000320,99,56,100,65535,1,780,-1.04,-0.86,-0.19,-0.04,0.16,0.34,27.8,0,254,0,12,37.0,414,420,495
23/09/2019 09:37:46.410,127,31.9,-3276.8,-15,0.05,0.09,3.739,23,29.000,65535.000,255,0.002240,0.000280,99,54,100,65535,1,781,-1.04,-0.84,-0.19,-0.07,0.16,0.32,27.8,0,254,0,12,37.0,415,420,495
23/09/2019 09:37:47.410,127,31.9,-3276.8,-15,0.05,0.10,3.749,24,29.000,65535.000,255,0.002240,0.000340,99,52,100,65535,1,782,-1.04,-0.85,-0.16,-0.06,0.16,0.33,27.8,0,254,0,12,37.0,415,421,495
23/09/2019 09:37:48.410,127,31.8,-3276.8,-15,0.05,0.12,3.750,25,28.000,65535.000,255,0.002240,0.000320,100,50,100,65535,1,783,-1.04,-0.84,-0.22,-0.07,0.16,0.30,27.8,0,254,0,12,37.0,415,420,496
23/09/2019 09:37:49.410,129,31.8,-3276.8,-16,0.05,0.10,3.737,22,31.000,65535.000,255,0.002260,0.000380,100,49,100,65535,1,784,-1.04,-0.87,-0.22,-0.08,0.16,0.32,27.8,0,254,0,12,37.0,414,420,494
23/09/2019 09:37:50.410,129,31.5,-3276.8,-16,0.05,0.14,3.723,20,32.000,65535.000,255,0.002260,0.000380,100,49,100,65535,1,785,-1.02,-0.84,-0.27,-0.09,0.18,0.33,27.8,0,254,0,12,37.0,414,421,495
23/09/2019 09:37:51.410,129,31.5,-3276.8,-16,0.05,0.12,3.719,19,32.000,65535.000,255,0.002160,0.000340,100,46,100,65535,1,786,-1.04,-0.87,-0.26,-0.08,0.15,0.32,27.8,0,254,0,12,37.0,415,420,496
23/09/2019 09:37:52.410,128,31.3,-3276.8,-15,0.07,0.14,3.728,21,33.000,65535.000,255,0.002160,0.000400,100,46,100,65535,1,787,-1.06,-0.84,-0.26,-0.06,0.16,0.30,27.8,0,254,0,12,37.0,415,420,496
23/09/2019 09:37:53.410,128,31.3,-3276.8,-15,0.05,0.13,3.738,23,32.000,65535.000,255,0.002340,0.000340,100,45,100,65535,1,788,-1.04,-0.85,-0.15,-0.01,0.15,0.33,27.8,0,254,0,12,37.0,418,419,498
23/09/2019 09:37:54.410,127,31.2,-3276.8,-14,0.04,0.12,3.748,24,32.000,65535.000,255,0.002340,0.000420,100,45,100,65535,1,789,-1.03,-0.83,-0.18,-0.06,0.16,0.28,27.8,0,254,0,12,37.0,402,421,480
23/09/2019 09:37:55.410,127,31.2,-3276.8,-15,0.05,0.10,3.757,26,32.000,65535.000,255,0.001960,0.000480,100,45,100,65535,1,790,-1.04,-0.86,-0.15,-0.04,0.16,0.30,27.8,0,254,0,12,37.0,409,409,483
23/09/2019 09:37:56.410,126,31.2,-3276.8,-15,0.05,0.10,3.761,26,33.000,65535.000,255,0.001960,0.000440,98,44,100,65535,1,791,-1.03,-0.87,-0.20,-0.07,0.16,0.31,27.8,0,254,0,12,37.0,403,411,501
23/09/2019 09:37:57.410,125,31.2,-3276.8,-15,0.06,0.14,3.763,27,33.000,65535.000,255,0.001860,0.000380,98,42,100,65535,1,792,-1.06,-0.83,-0.20,-0.06,0.16,0.33,27.8,0,254,0,12,37.0,414,419,495
23/09/2019 09:37:58.410,125,31.4,-3276.8,-15,0.05,0.10,3.764,27,38.000,65535.000,255,0.001860,0.000360,98,41,100,65535,1,793,-1.04,-0.86,-0.19,-0.02,0.15,0.32,27.8,0,254,0,12,37.0,415,420,495
23/09/2019 09:37:59.410,124,31.4,-3276.8,-15,0.07,0.14,3.764,27,39.000,65535.000,255,0.002360,0.000360,98,40,100,65535,1,794,-1.04,-0.81,-0.24,-0.04,0.16,0.37,27.8,0,254,0,12,37.0,424,430,505
23/09/2019 09:38:00.410,123,31.3,-3276.8,-15,0.05,0.12,3.764,27,37.000,65535.000,255,0.002360,0.000360,99,40,100,65535,1,795,-1.02,-0.84,-0.19,-0.02,0.16,0.36,27.8,0,254,0,12,37.0,421,426,499
23/09/2019 09:38:01.410,123,31.3,-3276.8,-15,0.05,0.12,3.756,26,38.000,65535.000,255,0.002020,0.000340,99,39,100,65535,1,796,-1.03,-0.86,-0.16,-0.04,0.16,0.36,27.8,0,254,0,12,37.0,416,423,496
23/09/2019 09:38:02.410,123,31.1,-3276.8,-15,0.05,0.10,3.736,22,39.000,65535.000,255,0.002020,0.000320,99,39,100,65535,1,797,-1.04,-0.85,-0.16,-0.04,0.16,0.36,27.8,0,254,0,12,37.0,415,422,495
23/09/2019 09:38:03.410,125,31.1,-3276.8,-15,0.06,0.13,3.721,20,38.000,65535.000,255,0.002120,0.000400,99,38,100,65535,1,798,-1.04,-0.83,-0.22,-0.04,0.16,0.34,27.8,0,254,0,12,37.0,415,420,495
23/09/2019 09:38:04.410,125,31.1,-3276.8,-15,0.05,0.09,3.722,20,35.000,65535.000,255,0.002120,0.000320,99,38,100,65535,1,799,-1.02,-0.86,-0.18,-0.03,0.16,0.33,27.8,0,254,0,12,37.0,415,420,495
23/09/2019 09:38:05.410,124,31.1,-3276.8,-15,0.05,0.14,3.732,22,34.000,65535.000,255,0.002140,0.000300,99,37,100,65535,1,800,-1.03,-0.86,-0.19,-0.07,0.16,0.37,27.8,0,254,0,12,37.0,415,420,494
23/09/2019 09:38:06.410,123,31.2,-3276.8,-15,0.04,0.12,3.742,23,33.000,65535.000,255,0.002140,0.000280,99,36,100,65535,1,801,-1.04,-0.87,-0.19,-0.06,0.13,0.31,27.8,0,254,0,12,37.0,415,421,495
23/09/2019 09:38:07.410,122,31.2,-3276.8,-15,0.05,0.10,3.752,25,34.000,65535.000,255,0.002100,0.000300,99,35,100,65535,1,802,-1.07,-0.84,-0.19,-0.03,0.16,0.30,27.8,0,254,0,12,37.0,415,421,495
23/09/2019 09:38:08.410,123,31.2,-3276.8,-15,0.06,0.13,3.759,26,33.000,65535.000,255,0.002100,0.000280,100,34,100,65535,1,803,-1.03,-0.86,-0.18,-0.03,0.16,0.33,27.8,0,254,0,12,37.0,415,421,495
23/09/2019 09:38:09.410,123,31.2,-3276.8,-15,0.05,0.15,3.762,27,39.000,65535.000,255,0.002220,0.000260,100,33,100,65535,1,804,-1.01,-0.87,-0.22,-0.02,0.16,0.36,27.8,0,254,0,12,37.0,415,419,495
23/09/2019 09:38:10.410,122,31.1,-3276.8,-15,0.05,0.10,3.764,27,40.000,65535.000,255,0.002220,0.000260,100,33,100,65535,1,805,-1.03,-0.86,-0.19,-0.07,0.15,0.32,27.8,0,254,0,12,37.0,416,420,495
23/09/2019 09:38:11.410,122,31.1,-3276.8,-15,0.04,0.09,3.764,27,43.000,65535.000,255,0.002140,0.000280,100,32,100,65535,1,806,-1.04,-0.85,-0.19,-0.08,0.16,0.27,27.8,0,254,0,12,37.0,415,420,495
23/09/2019 09:38:12.410,119,31.0,-3276.8,-14,0.04,0.10,3.764,27,48.000,65535.000,255,0.002140,0.000300,100,31,100,65535,1,807,-1.02,-0.84,-0.16,-0.06,0.15,0.28,27.8,0,254,0,12,37.0,415,421,496
23/09/2019 09:38:13.410,119,31.0,-3276.8,-14,0.05,0.13,3.764,27,43.000,65535.000,255,0.002040,0.000300,100,31,100,65535,1,808,-1.03,-0.86,-0.18,-0.06,0.16,0.33,27.8,0,254,0,12,37.0,415,421,495
23/09/2019 09:38:14.410,116,31.0,-3276.8,-15,0.05,0.09,3.752,25,44.000,65535.000,255,0.002040,0.000300,100,30,100,65535,1,809,-1.03,-0.84,-0.19,-0.04,0.16,0.31,27.8,0,254,0,12,37.0,414,420,496
23/09/2019 09:38:15.410,118,31.0,-3276.8,-15,0.07,0.14,3.732,22,46.000,65535.000,255,0.002160,0.000340,100,29,100,65535,1,810,-1.06,-0.84,-0.19,0.01,0.16,0.32,27.8,0,254,0,12,37.0,415,421,495
23/09/2019 09:38:16.410,120,30.9,-3276.8,-15,0.05,0.12,3.721,20,45.000,65535.000,255,0.002160,0.000340,100,29,100,65535,1,811,-1.06,-0.85,-0.18,-0.07,0.16,0.34,27.8,0,254,0,12,37.0,414,420,495
23/09/2019 09:38:17.410,123,30.9,-3276.8,-15,0.05,0.13,3.726,21,44.000,65535.000,255,0.002360,0.000320,100,28,100,65535,1,812,-1.03,-0.87,-0.18,-0.04,0.15,0.34,27.8,0,254,0,12,37.0,414,420,495
23/09/2019 09:38:18.410,123,30.9,-3276.8,-14,0.04,0.09,3.736,22,43.000,65535.000,255,0.002360,0.000320,100,28,100,65535,1,813,-1.04,-0.86,-0.16,-0.07,0.16,0.30,27.8,0,254,0,12,37.0,415,420,494
23/09/2019 09:38:19.410,125,30.9,-3276.8,-15,0.06,0.14,3.746,24,43.000,65535.000,255,0.002420,0.000300,100,28,100,65535,1,814,-1.03,-0.85,-0.20,0.00,0.16,0.34,27.8,0,254,0,12,37.0,415,421,495
23/09/2019 09:38:20.410,124,30.6,-3276.8,-15,0.04,0.09,3.756,26,41.000,65535.000,255,0.002420,0.000320,100,27,100,65535,1,815,-1.02,-0.86,-0.15,-0.02,0.16,0.30,27.8,0,254,0,12,37.0,415,420,495
23/09/2019 09:38:21.410,125,30.6,-3276.8,-14,0.05,0.13,3.760,26,40.000,65535.000,255,0.002500,0.000340,100,27,100,65535,1,816,-1.04,-0.80,-0.16,-0.03,0.16,0.34,27.8,0,254,0,12,37.0,414,420,495
23/09/2019 09:38:22.410,124,30.4,-3276.8,-14,0.05,0.10,3.763,27,38.000,65535.000,255,0.002500,0.000420,100,26,100,65535,1,817,-1.04,-0.86,-0.18,-0.02,0.15,0.30,27.8,0,254,0,12,37.0,415,420,495
23/09/2019 09:38:23.410,123,30.4,-3276.8,-14,0.05,0.08,3.764,27,37.000,65535.000,255,0.002400,0.000380,100,26,100,65535,1,818,-1.02,-0.86,-0.13,-0.04,0.18,0.31,27.8,0,254,0,12,37.0,415,420,496
23/09/2019 09:38:24.410,122,30.4,-3276.8,-14,0.05,0.09,3.764,27,37.000,65535.000,255,0.002400,0.000380,100,25,100,65535,1,819,-1.04,-0.85,-0.15,-0.03,0.16,0.30,27.8,0,254,0,12,37.0,415,420,496
23/09/2019 09:38:25.410,123,30.4,-3276.8,-15,0.05,0.12,3.765,27,36.000,65535.000,255,0.002260,0.000400,100,25,100,65535,1,820,-1.04,-0.85,-0.19,-0.02,0.16,0.34,27.8,0,254,0,12,37.0,415,421,495
23/09/2019 09:38:26.410,123,30.1,-3276.8,-14,0.05,0.12,3.762,27,34.000,65535.000,255,0.002260,0.000460,99,25,100,65535,1,821,-1.04,-0.85,-0.19,-0.04,0.16,0.32,27.8,0,254,0,12,37.0,414,420,496
23/09/2019 09:38:27.410,124,30.1,-3276.8,-14,0.05,0.10,3.748,24,34.000,65535.000,255,0.002280,0.000400,99,25,100,65535,1,822,-1.04,-0.84,-0.19,-0.04,0.16,0.31,27.8,0,254,0,12,37.0,415,420,496
23/09/2019 09:38:28.410,124,29.8,-3276.8,-14,0.05,0.15,3.729,21,34.000,65535.000,255,0.002280,0.000640,95,25,100,65535,1,823,-1.03,-0.84,-0.21,-0.01,0.16,0.33,27.8,0,254,0,12,37.0,415,420,495
23/09/2019 09:38:29.410,125,29.8,-3276.8,-14,0.08,0.21,3.722,20,36.000,65535.000,255,0.002200,0.000600,91,25,100,65535,1,824,-1.04,-0.79,-0.26,-0.02,0.16,0.38,27.8,0,254,0,12,37.0,419,427,494
23/09/2019 09:38:30.410,125,29.7,-3276.8,-14,0.05,0.12,3.729,21,37.000,65535.000,255,0.002200,0.000480,89,24,100,65535,1,825,-1.04,-0.85,-0.15,-0.03,0.16,0.32,27.8,0,254,0,12,37.0,422,415,485
23/09/2019 09:38:31.410,125,29.7,-3276.8,-15,0.06,0.14,3.739,23,38.000,65535.000,255,0.002100,0.000380,91,24,100,65535,1,826,-1.04,-0.86,-0.16,-0.06,0.15,0.36,27.8,0,254,0,12,37.0,412,418,486
23/09/2019 09:38:32.410,124,29.8,-3276.8,-15,0.05,0.09,3.749,24,37.000,65535.000,255,0.002100,0.000360,92,24,100,65535,1,827,-1.04,-0.87,-0.18,-0.03,0.15,0.30,27.8,0,254,0,12,37.0,406,411,483
23/09/2019 09:38:33.410,125,29.8,-3276.8,-14,0.05,0.14,3.758,26,36.000,65535.000,255,0.002020,0.000320,93,23,100,65535,1,828,-1.03,-0.85,-0.18,-0.01,0.16,0.36,27.8,0,254,0,12,37.0,398,406,468
23/09/2019 09:38:34.410,122,29.7,-3276.8,-13,0.06,0.12,3.762,27,36.000,65535.000,255,0.002020,0.000340,94,23,100,65535,1,829,-1.04,-0.86,-0.18,-0.01,0.16,0.34,27.9,0,254,-10,12,37.1,402,412,482
23/09/2019 09:38:35.410,122,29.7,-3276.8,-14,0.06,0.13,3.764,27,35.000,65535.000,255,0.001880,0.000300,94,23,100,65535,1,830,-1.07,-0.85,-0.16,-0.06,0.16,0.36,27.9,0,254,0,12,37.1,408,409,489
23/09/2019 09:38:36.410,120,30.0,-3276.8,-14,0.06,0.13,3.764,27,35.000,65535.000,255,0.001880,0.000280,95,22,100,65535,1,831,-1.03,-0.86,-0.15,0.01,0.16,0.33,27.9,0,254,0,12,37.1,416,420,494
23/09/2019 09:38:37.410,121,30.0,-3276.8,-14,0.05,0.10,3.764,27,33.000,65535.000,255,0.002300,0.000300,96,22,100,65535,1,832,-1.06,-0.85,-0.19,-0.04,0.15,0.32,27.9,0,254,0,12,37.1,414,420,495
23/09/2019 09:38:38.410,118,30.0,-3276.8,-14,0.07,0.15,3.757,26,35.000,65535.000,255,0.002300,0.000300,96,22,100,65535,1,833,-1.12,-0.85,-0.16,-0.04,0.15,0.34,27.9,0,254,0,12,37.1,415,420,494
23/09/2019 09:38:39.410,120,30.0,-3276.8,-15,0.06,0.13,3.737,22,38.000,65535.000,255,0.002240,0.000300,97,21,100,65535,1,834,-1.03,-0.86,-0.14,0.03,0.16,0.34,27.9,0,254,0,12,37.1,426,428,505
23/09/2019 09:38:40.410,120,30.0,-3276.8,-14,0.05,0.13,3.707,17,36.000,65535.000,255,0.002240,0.000300,97,21,100,65535,1,835,-1.03,-0.87,-0.13,-0.02,0.16,0.37,27.9,0,254,0,12,37.1,420,428,496
23/09/2019 09:38:41.410,122,30.0,-3276.8,-15,0.05,0.12,3.684,14,35.000,65535.000,255,0.002240,0.000300,98,21,100,65535,1,836,-1.03,-0.85,-0.16,0.00,0.16,0.33,28.0,0,254,0,12,37.1,416,422,495
23/09/2019 09:38:42.410,123,29.9,-3276.8,-13,0.06,0.13,3.676,12,34.000,65535.000,255,0.002240,0.000300,98,21,100,65535,1,837,-1.03,-0.86,-0.19,0.00,0.16,0.32,28.0,0,254,0,12,37.1,415,421,496
23/09/2019 09:38:43.410,124,29.9,-3276.8,-13,0.05,0.09,3.683,13,33.000,65535.000,255,0.002260,0.000280,98,21,100,65535,1,838,-1.04,-0.85,-0.13,-0.04,0.16,0.30,28.0,0,254,0,12,37.1,415,420,496
23/09/2019 09:38:44.410,125,30.0,-3276.8,-15,0.06,0.12,3.702,17,31.000,65535.000,255,0.002260,0.000300,98,21,100,65535,1,839,-1.04,-0.84,-0.16,-0.01,0.16,0.36,28.0,0,254,0,12,37.1,415,421,496
23/09/2019 09:38:45.410,125,30.0,-3276.8,-14,0.05,0.09,3.719,19,31.000,65535.000,255,0.002280,0.000300,99,21,100,65535,1,840,-1.02,-0.86,-0.15,-0.01,0.15,0.30,28.0,0,254,0,12,37.1,415,421,495
23/09/2019 09:38:46.410,125,30.3,-3276.8,-14,0.06,0.14,3.729,21,34.000,65535.000,255,0.002280,0.000420,99,21,100,65535,1,841,-1.06,-0.84,-0.18,-0.04,0.14,0.36,28.0,0,254,0,12,37.1,414,421,495
23/09/2019 09:38:47.410,125,30.3,-3276.8,-14,0.05,0.12,3.739,23,33.000,65535.000,255,0.002420,0.000380,99,21,100,65535,1,842,-1.04,-0.80,-0.16,-0.03,0.16,0.33,28.0,0,254,0,12,37.1,415,420,496
23/09/2019 09:38:48.410,124,30.4,-3276.8,-13,0.04,0.09,3.749,24,33.000,65535.000,255,0.002420,0.000340,99,20,100,65535,1,843,-1.04,-0.86,-0.13,0.00,0.16,0.30,28.0,0,254,0,12,37.1,415,420,495
23/09/2019 09:38:49.410,125,30.4,-3276.8,-12,0.06,0.13,3.759,26,34.000,65535.000,255,0.002360,0.000300,99,20,100,65535,1,844,-1.04,-0.86,-0.14,0.02,0.14,0.30,28.0,0,254,0,12,37.1,414,421,495
23/09/2019 09:38:50.410,122,30.4,-3276.8,-12,0.05,0.12,3.763,27,36.000,65535.000,255,0.002360,0.000300,99,20,100,65535,1,845,-1.03,-0.86,-0.12,0.00,0.16,0.31,28.0,0,254,0,12,37.1,415,420,495
23/09/2019 09:38:51.410,123,30.4,-3276.8,-13,0.06,0.10,3.764,27,42.000,65535.000,255,0.002300,0.000320,99,19,100,65535,1,846,-1.04,-0.84,-0.18,-0.04,0.16,0.28,28.0,0,254,0,12,37.1,415,421,495
23/09/2019 09:38:52.410,122,30.0,-3276.8,-13,0.05,0.09,3.756,26,44.000,65535.000,255,0.002300,0.000340,99,19,100,65535,1,847,-1.04,-0.86,-0.16,-0.04,0.15,0.30,28.0,0,254,0,12,37.1,416,421,495
23/09/2019 09:38:53.410,123,30.0,-3276.8,-12,0.06,0.13,3.736,22,43.000,65535.000,255,0.002300,0.000340,100,19,100,65535,1,848,-1.06,-0.86,-0.12,0.00,0.14,0.34,28.0,0,254,0,12,37.1,415,420,496
23/09/2019 09:38:54.410,123,29.8,-3276.8,-12,0.05,0.10,3.720,20,40.000,65535.000,255,0.002300,0.000340,100,18,100,65535,1,849,-1.07,-0.86,-0.14,-0.02,0.16,0.27,28.0,0,254,0,12,37.1,416,421,495
23/09/2019 09:38:55.410,124,29.8,-3276.8,-12,0.05,0.12,3.723,20,38.000,65535.000,255,0.002400,0.000320,100,18,100,65535,1,850,-1.04,-0.85,-0.13,-0.03,0.16,0.33,28.0,0,254,0,12,37.1,415,421,495
23/09/2019 09:38:56.410,125,29.7,-3276.8,-12,0.04,0.09,3.733,22,37.000,65535.000,255,0.002400,0.000300,100,18,100,65535,1,851,-1.04,-0.89,-0.16,-0.03,0.16,0.30,28.0,0,254,0,12,37.1,414,421,494
23/09/2019 09:38:57.410,125,29.7,-3276.8,-13,0.05,0.15,3.743,23,37.000,65535.000,255,0.002320,0.000300,100,17,100,65535,1,852,-1.07,-0.84,-0.22,-0.04,0.14,0.31,28.0,0,254,0,12,37.1,415,420,496
23/09/2019 09:38:58.410,126,29.5,-3276.8,-13,0.05,0.10,3.753,25,37.000,65535.000,255,0.002320,0.000360,100,17,100,65535,1,853,-1.03,-0.85,-0.18,-0.06,0.16,0.30,28.0,0,254,0,12,37.1,415,421,496
23/09/2019 09:38:59.410,126,29.5,-3276.8,-14,0.05,0.10,3.760,26,36.000,65535.000,255,0.002160,0.000380,100,17,100,65535,1,854,-1.04,-0.86,-0.19,-0.02,0.15,0.31,28.0,0,254,0,12,37.1,415,420,495
23/09/2019 09:39:00.410,126,29.7,-3276.8,-14,0.04,0.09,3.761,26,35.000,65535.000,255,0.002160,0.000360,100,17,100,65535,1,855,-1.04,-0.86,-0.15,-0.02,0.16,0.31,28.0,0,254,0,12,37.1,415,421,495
23/09/2019 09:39:01.410,126,29.7,-3276.8,-14,0.05,0.10,3.763,27,34.000,65535.000,255,0.002240,0.000320,100,17,100,65535,1,856,-1.06,-0.84,-0.16,-0.04,0.16,0.33,28.0,0,254,0,12,37.1,415,421,495
23/09/2019 09:39:02.410,126,29.8,-3276.8,-14,0.04,0.16,3.763,27,34.000,65535.000,255,0.002240,0.000300,100,17,100,65535,1,857,-1.04,-0.81,-0.16,-0.04,0.16,0.36,28.0,0,254,0,12,37.1,414,420,496
23/09/2019 09:39:03.410,127,29.8,-3276.8,-14,0.06,0.10,3.764,27,34.000,65535.000,255,0.002240,0.000380,100,17,100,65535,1,858,-1.03,-0.86,-0.19,-0.03,0.16,0.32,28.0,0,254,0,12,37.1,415,421,495
23/09/2019 09:39:04.410,128,29.9,-3276.8,-13,0.05,0.10,3.763,27,34.000,65535.000,255,0.002240,0.000380,100,17,100,65535,1,859,-1.04,-0.85,-0.15,-0.01,0.15,0.28,28.0,0,254,0,12,37.1,414,420,495
23/09/2019 09:39:05.410,127,29.9,-3276.8,-12,0.07,0.18,3.749,24,33.000,65535.000,255,0.002120,0.001280,95,17,100,65535,1,860,-1.08,-0.81,-0.21,0.04,0.12,0.34,28.0,0,254,0,12,37.1,415,420,495
23/09/2019 09:39:06.410,127,30.2,-3276.8,-14,0.07,0.19,3.729,21,34.000,65535.000,255,0.002120,0.001060,86,17,100,65535,1,861,-1.04,-0.79,-0.24,-0.02,0.14,0.36,28.0,0,254,0,12,37.1,414,420,496
23/09/2019 09:39:07.410,126,30.2,-3276.8,-14,0.05,0.14,3.721,20,33.000,65535.000,255,0.002000,0.000920,78,17,100,65535,1,862,-1.03,-0.85,-0.31,-0.04,0.15,0.31,28.0,0,254,0,12,37.1,415,420,494
23/09/2019 09:39:08.410,125,30.5,-3276.8,-14,0.05,0.10,3.727,21,32.000,65535.000,255,0.002000,0.000860,72,17,100,65535,1,863,-1.04,-0.84,-0.16,-0.04,0.16,0.30,28.0,0,254,0,12,37.1,415,420,494
23/09/2019 09:39:09.410,124,30.5,-3276.8,-14,0.04,0.10,3.737,22,35.000,65535.000,255,0.001940,0.000700,68,17,100,65535,1,864,-1.04,-0.86,-0.21,-0.08,0.16,0.27,28.0,0,254,0,12,37.1,415,420,494
23/09/2019 09:39:10.410,122,30.9,-3276.8,-14,0.05,0.12,3.747,24,35.000,65535.000,255,0.001940,0.000540,66,17,100,65535,1,865,-1.03,-0.86,-0.31,-0.07,0.16,0.32,28.0,0,254,0,12,37.1,414,420,495
23/09/2019 09:39:11.410,120,30.9,-3276.8,-15,0.05,0.14,3.757,26,35.000,65535.000,255,0.001800,0.000480,66,16,100,65535,1,866,-1.07,-0.85,-0.22,-0.03,0.16,0.32,28.0,0,254,0,12,37.1,415,420,495
23/09/2019 09:39:12.410,121,31.3,-3276.8,-13,0.05,0.09,3.760,26,36.000,65535.000,255,0.001800,0.000480,66,16,100,65535,1,867,-1.06,-0.85,-0.18,-0.04,0.15,0.30,28.0,0,254,0,12,37.1,414,421,495
23/09/2019 09:39:13.410,121,31.3,-3276.8,-13,0.05,0.15,3.761,26,37.000,65535.000,255,0.001720,0.000420,67,16,100,65535,1,868,-1.06,-0.85,-0.19,-0.03,0.14,0.34,28.0,0,254,0,12,37.1,415,421,495
23/09/2019 09:39:14.410,121,31.5,-3276.8,-12,0.04,0.09,3.762,27,36.000,65535.000,255,0.001720,0.000440,68,16,100,65535,1,869,-1.03,-0.86,-0.18,-0.06,0.16,0.28,28.0,0,254,0,12,37.1,415,420,495
23/09/2019 09:39:15.410,120,31.5,-3276.8,-13,0.05,0.10,3.764,27,35.000,65535.000,255,0.001640,0.000420,68,15,100,65535,1,870,-1.04,-0.86,-0.22,-0.06,0.16,0.27,28.0,0,254,0,12,37.1,420,421,495
23/09/2019 09:39:16.410,120,31.6,-3276.8,-14,0.05,0.10,3.764,27,35.000,65535.000,255,0.001640,0.000400,69,15,100,65535,1,871,-1.04,-0.86,-0.24,-0.08,0.16,0.32,28.0,0,254,0,12,37.1,414,411,480
23/09/2019 09:39:17.410,119,31.6,-3276.8,-14,0.04,0.10,3.761,26,32.000,65535.000,255,0.002240,0.000380,73,15,100,65535,1,872,-1.04,-0.86,-0.24,-0.08,0.16,0.32,28.0,0,254,0,12,37.1,403,402,491
23/09/2019 09:39:18.410,120,31.6,-3276.8,-15,0.04,0.10,3.745,24,34.000,65535.000,255,0.002240,0.000380,76,14,100,65535,1,873,-1.04,-0.85,-0.25,-0.06,0.16,0.30,28.0,0,254,0,12,37.1,398,403,489
23/09/2019 09:39:19.410,119,31.6,-3276.8,-14,0.05,0.10,3.727,21,35.000,65535.000,255,0.002340,0.000480,78,14,100,65535,1,874,-1.04,-0.84,-0.21,-0.08,0.15,0.30,28.0,0,254,0,12,37.1,415,421,494
23/09/2019 09:39:20.410,118,31.4,-3276.8,-15,0.06,0.14,3.722,20,34.000,65535.000,255,0.002340,0.000420,81,14,100,65535,1,875,-1.06,-0.87,-0.22,-0.04,0.13,0.33,28.0,0,254,0,12,37.1,415,421,496
23/09/2019 09:39:21.410,118,31.4,-3276.8,-15,0.05,0.10,3.730,21,33.000,65535.000,255,0.002140,0.000400,83,13,100,65535,1,876,-1.04,-0.85,-0.21,-0.07,0.15,0.28,28.0,0,254,0,12,37.1,415,420,494
23/09/2019 09:39:22.410,118,31.0,-3276.8,-15,0.05,0.09,3.740,23,32.000,65535.000,255,0.002140,0.000400,86,13,100,65535,1,877,-1.03,-0.84,-0.19,-0.04,0.16,0.30,28.0,0,254,0,12,37.1,415,421,495
23/09/2019 09:39:23.410,117,31.0,-3276.8,-15,0.04,0.10,3.750,25,31.000,65535.000,255,0.002020,0.000400,87,13,100,65535,1,878,-1.04,-0.85,-0.16,-0.03,0.16,0.27,28.0,0,254,0,12,37.1,415,421,495
23/09/2019 09:39:24.410,116,30.8,-3276.8,-13,0.05,0.09,3.759,26,30.000,65535.000,255,0.002020,0.000400,89,13,100,65535,1,879,-1.04,-0.87,-0.16,-0.06,0.16,0.26,28.0,0,254,0,12,37.1,424,431,503
23/09/2019 09:39:25.410,117,30.8,-3276.8,-15,0.06,0.12,3.762,27,31.000,65535.000,255,0.001900,0.000380,90,13,100,65535,1,880,-1.04,-0.84,-0.18,-0.06,0.15,0.32,28.0,0,254,0,12,37.1,427,430,503
23/09/2019 09:39:26.410,118,30.5,-3276.8,-15,0.05,0.13,3.762,27,31.000,65535.000,255,0.001900,0.000380,91,13,100,65535,1,881,-1.06,-0.86,-0.19,-0.04,0.16,0.34,28.0,0,254,0,12,37.1,422,430,501
23/09/2019 09:39:27.410,118,30.5,-3276.8,-15,0.05,0.10,3.764,27,37.000,65535.000,255,0.001760,0.000360,91,13,100,65535,1,882,-1.03,-0.86,-0.19,-0.04,0.16,0.32,28.0,0,254,0,12,37.1,420,424,496
23/09/2019 09:39:28.410,117,29.9,-3276.8,-14,0.05,0.12,3.764,27,39.000,65535.000,255,0.001760,0.000340,92,13,100,65535,1,883,-1.04,-0.86,-0.20,-0.07,0.18,0.33,28.0,0,254,0,12,37.1,416,422,496
23/09/2019 09:39:29.410,119,29.9,-3276.8,-14,0.06,0.12,3.764,27,40.000,65535.000,255,0.002440,0.000540,93,13,100,65535,1,884,-1.04,-0.85,-0.15,-0.06,0.16,0.33,28.0,0,254,0,12,37.1,415,421,495
23/09/2019 09:39:30.410,120,29.7,-3276.8,-14,0.06,0.14,3.758,26,44.000,65535.000,255,0.002440,0.000520,92,13,100,65535,1,885,-1.06,-0.84,-0.18,0.00,0.15,0.33,28.0,0,254,0,12,37.1,415,421,496
23/09/2019 09:39:31.410,120,29.7,-3276.8,-14,0.05,0.08,3.739,23,42.000,65535.000,255,0.002400,0.000480,93,13,100,65535,1,886,-1.03,-0.86,-0.15,-0.03,0.16,0.31,28.0,0,254,0,12,37.1,415,421,495
23/09/2019 09:39:32.410,120,29.7,-3276.8,-14,0.05,0.10,3.724,20,40.000,65535.000,255,0.002400,0.000420,94,13,100,65535,1,887,-1.04,-0.86,-0.19,-0.06,0.16,0.31,28.0,0,254,0,12,37.1,415,420,495
23/09/2019 09:39:33.410,119,29.7,-3276.8,-15,0.05,0.09,3.725,20,39.000,65535.000,255,0.002520,0.000440,95,13,100,65535,1,888,-1.02,-0.86,-0.19,-0.04,0.16,0.31,28.0,0,254,0,12,37.1,414,420,496
23/09/2019 09:39:34.410,118,29.7,-3276.8,-15,0.05,0.13,3.735,22,38.000,65535.000,255,0.002520,0.000420,96,13,100,65535,1,889,-1.04,-0.85,-0.19,-0.06,0.16,0.32,28.0,0,254,0,12,37.2,415,421,495
23/09/2019 09:39:35.410,117,29.7,-3276.8,-15,0.05,0.12,3.745,24,36.000,65535.000,255,0.002620,0.000400,96,13,100,65535,1,890,-1.03,-0.84,-0.18,-0.06,0.16,0.34,28.0,0,254,0,12,37.2,414,420,495
23/09/2019 09:39:36.410,117,29.9,-3276.8,-15,0.07,0.20,3.754,25,35.000,65535.000,255,0.002620,0.000360,97,13,100,65535,1,891,-1.06,-0.86,-0.22,0.00,0.13,0.44,28.0,0,254,0,12,37.2,415,421,495
23/09/2019 09:39:37.410,117,29.9,-3276.8,-15,0.05,0.15,3.759,26,35.000,65535.000,255,0.002160,0.000400,97,13,100,65535,1,892,-1.04,-0.85,-0.20,-0.04,0.16,0.37,28.1,0,254,0,12,37.2,414,420,496
23/09/2019 09:39:38.410,118,30.1,-3276.8,-15,0.06,0.10,3.751,25,38.000,65535.000,255,0.002160,0.000360,97,13,100,65535,1,893,-1.06,-0.85,-0.22,-0.03,0.16,0.36,28.1,0,254,0,12,37.2,414,421,496
23/09/2019 09:39:39.410,119,30.1,-3276.8,-16,0.06,0.14,3.741,23,42.000,65535.000,255,0.002540,0.000320,98,13,100,65535,1,894,-1.03,-0.86,-0.22,-0.07,0.16,0.36,28.1,0,254,0,12,37.2,415,420,495
23/09/2019 09:39:40.410,118,30.1,-3276.8,-15,0.06,0.16,3.731,21,39.000,65535.000,255,0.002540,0.000320,98,13,100,65535,1,895,-1.06,-0.85,-0.24,-0.07,0.16,0.39,28.1,0,254,0,12,37.2,415,420,496
23/09/2019 09:39:41.410,119,30.1,-3276.8,-15,0.06,0.12,3.721,20,38.000,65535.000,255,0.002460,0.000300,98,13,100,65535,1,896,-1.07,-0.85,-0.22,-0.06,0.16,0.33,28.1,0,254,0,12,37.2,414,421,495
23/09/2019 09:39:42.410,119,29.9,-3276.8,-15,0.04,0.10,3.711,18,38.000,65535.000,255,0.002460,0.000280,99,13,100,65535,1,897,-1.04,-0.87,-0.18,-0.07,0.16,0.32,28.1,0,254,0,12,37.2,414,420,495
23/09/2019 09:39:43.410,120,29.9,-3276.8,-15,0.05,0.09,3.701,16,39.000,65535.000,255,0.002420,0.000300,99,13,100,65535,1,898,-1.03,-0.86,-0.18,-0.07,0.16,0.32,28.1,0,254,0,12,37.2,415,420,496
23/09/2019 09:39:44.410,119,29.8,-3276.8,-15,0.05,0.12,3.691,15,38.000,65535.000,255,0.002420,0.000340,99,13,100,65535,1,899,-1.03,-0.86,-0.31,-0.07,0.15,0.34,28.1,0,254,0,12,37.2,414,421,495
23/09/2019 09:39:45.410,121,29.8,-3276.8,-16,0.05,0.10,3.685,14,37.000,65535.000,255,0.002340,0.000320,99,13,100,65535,1,900,-1.04,-0.85,-0.21,-0.06,0.16,0.33,28.1,0,254,0,12,37.2,415,421,495
23/09/2019 09:39:46.410,120,29.8,-3276.8,-17,0.07,0.12,3.697,16,36.000,65535.000,255,0.002340,0.000340,99,13,100,65535,1,901,-1.06,-0.86,-0.24,-0.07,0.14,0.37,28.1,0,254,0,12,37.2,415,420,495
23/09/2019 09:39:47.410,121,29.8,-3276.8,-16,0.05,0.13,3.714,19,35.000,65535.000,255,0.002300,0.000320,99,13,100,65535,1,902,-1.04,-0.86,-0.24,-0.09,0.15,0.37,28.1,0,254,0,12,37.2,415,421,495
23/09/2019 09:39:48.410,121,29.8,-3276.8,-16,0.05,0.13,3.724,20,35.000,65535.000,255,0.002300,0.000320,99,13,100,65535,1,903,-1.03,-0.84,-0.24,-0.08,0.18,0.34,28.1,0,254,0,12,37.2,414,420,495
23/09/2019 09:39:49.410,122,29.8,-3276.8,-15,0.05,0.09,3.734,22,36.000,65535.000,255,0.002460,0.000300,99,13,100,65535,1,904,-1.02,-0.86,-0.19,-0.07,0.16,0.34,28.1,0,254,0,12,37.2,415,421,495
23/09/2019 09:39:50.410,121,29.8,-3276.8,-16,0.05,0.12,3.744,24,34.000,65535.000,255,0.002460,0.000300,100,13,100,65535,1,905,-1.04,-0.83,-0.19,-0.07,0.16,0.36,28.1,0,254,0,12,37.2,415,421,495
23/09/2019 09:39:51.410,121,29.8,-3276.8,-15,0.06,0.12,3.754,25,34.000,65535.000,255,0.002500,0.000340,100,13,100,65535,1,906,-1.02,-0.83,-0.18,-0.04,0.16,0.34,28.1,0,254,0,12,37.2,415,420,496
23/09/2019 09:39:52.410,121,29.8,-3276.8,-15,0.05,0.13,3.761,26,32.000,65535.000,255,0.002500,0.000460,100,13,100,65535,1,907,-1.03,-0.86,-0.18,-0.06,0.16,0.37,28.1,0,254,0,12,37.2,415,420,495
23/09/2019 09:39:53.410,121,29.8,-3276.8,-15,0.05,0.10,3.762,27,32.000,65535.000,255,0.002420,0.000400,100,13,100,65535,1,908,-1.04,-0.86,-0.28,0.06,0.16,0.34,28.1,0,254,0,12,37.2,414,420,495
23/09/2019 09:39:54.410,121,29.7,-3276.8,-15,0.05,0.09,3.762,27,31.000,65535.000,255,0.002420,0.000420,100,13,100,65535,1,909,-1.02,-0.86,-0.21,-0.06,0.16,0.34,28.1,0,254,0,12,37.2,414,421,495
23/09/2019 09:39:55.410,122,29.7,-3276.8,-15,0.05,0.14,3.762,27,30.000,65535.000,255,0.002460,0.000360,100,13,100,65535,1,910,-1.04,-0.83,-0.18,-0.07,0.16,0.38,28.1,0,254,0,12,37.2,415,421,495
23/09/2019 09:39:56.410,123,29.6,-3276.8,-15,0.04,0.10,3.748,24,28.000,65535.000,255,0.002460,0.000360,100,13,100,65535,1,911,-1.03,-0.86,-0.30,-0.08,0.16,0.33,28.2,0,254,0,12,37.2,415,420,496
23/09/2019 09:39:57.410,124,29.6,-3276.8,-15,0.06,0.12,3.729,21,28.000,65535.000,255,0.002380,0.000380,100,13,100,65535,1,912,-1.04,-0.86,-0.18,-0.02,0.16,0.34,28.2,0,254,0,12,37.2,415,421,495
23/09/2019 09:39:58.410,124,29.7,-3276.8,-15,0.05,0.09,3.720,20,28.000,65535.000,255,0.002380,0.000340,100,13,100,65535,1,913,-1.04,-0.86,-0.20,-0.04,0.16,0.32,28.2,0,254,0,12,37.2,415,421,495
23/09/2019 09:39:59.410,123,29.7,-3276.8,-15,0.07,0.20,3.728,21,28.000,65535.000,255,0.002260,0.000340,100,13,100,65535,1,914,-1.03,-0.83,-0.25,-0.03,0.16,0.44,28.2,0,254,0,12,37.2,423,415,509
23/09/2019 09:40:00.410,122,30.1,-3276.8,-15,0.06,0.12,3.738,23,29.000,65535.000,255,0.002260,0.000340,100,13,100,65535,1,915,-1.04,-0.86,-0.22,-0.04,0.16,0.38,28.2,0,254,0,12,37.2,414,409,485
23/09/2019 09:40:01.410,122,30.1,-3276.8,-15,0.04,0.08,3.748,24,28.000,65535.000,255,0.002480,0.000360,100,13,100,65535,1,916,-1.02,-0.86,-0.19,-0.08,0.18,0.33,28.2,0,254,0,12,37.2,405,404,471
23/09/2019 09:40:02.410,120,30.2,-3276.8,-16,0.05,0.14,3.757,26,28.000,65535.000,255,0.002480,0.000340,100,13,100,65535,1,917,-1.03,-0.86,-0.21,-0.03,0.18,0.40,28.2,0,254,0,12,37.2,402,411,495
23/09/2019 09:40:03.410,119,30.2,-3276.8,-16,0.05,0.14,3.759,26,27.000,65535.000,255,0.002560,0.000340,100,14,100,65535,1,918,-1.03,-0.85,-0.16,-0.04,0.16,0.40,28.2,0,254,0,12,37.2,415,420,495
23/09/2019 09:40:04.410,118,30.4,-3276.8,-16,0.05,0.13,3.762,27,28.000,65535.000,255,0.002560,0.000340,100,14,100,65535,1,919,-1.03,-0.86,-0.18,-0.06,0.16,0.39,28.2,0,254,0,12,37.2,414,420,495
23/09/2019 09:40:05.410,119,30.4,-3276.8,-16,0.06,0.13,3.763,27,29.000,65535.000,255,0.002400,0.000340,100,14,100,65535,1,920,-1.04,-0.86,-0.19,-0.07,0.15,0.40,28.2,0,254,0,12,37.2,415,420,495
23/09/2019 09:40:06.410,119,30.4,-3276.8,-17,0.06,0.10,3.763,27,31.000,65535.000,255,0.002400,0.000300,100,14,100,65535,1,921,-1.03,-0.84,-0.19,-0.04,0.16,0.37,28.2,0,254,0,12,37.2,414,421,495
23/09/2019 09:40:07.410,121,30.4,-3276.8,-16,0.06,0.15,3.764,27,31.000,65535.000,255,0.002380,0.000380,100,14,100,65535,1,922,-1.08,-0.81,-0.20,-0.01,0.16,0.39,28.2,0,254,0,12,37.2,414,420,495
23/09/2019 09:40:08.410,121,30.1,-3276.8,-16,0.06,0.12,3.760,26,32.000,65535.000,255,0.002380,0.000360,100,14,100,65535,1,923,-1.03,-0.86,-0.15,-0.07,0.16,0.39,28.2,0,254,0,12,37.2,421,430,502
23/09/2019 09:40:09.410,121,30.1,-3276.8,-16,0.06,0.22,3.743,23,32.000,65535.000,255,0.002420,0.000360,100,14,100,65535,1,924,-1.04,-0.81,-0.16,-0.04,0.15,0.49,28.2,0,254,0,12,37.2,428,433,505
23/09/2019 09:40:10.410,122,30.0,-3276.8,-16,0.06,0.14,3.726,21,32.000,65535.000,255,0.002420,0.000360,100,14,100,65535,1,925,-1.04,-0.80,-0.22,-0.04,0.16,0.37,28.2,0,254,0,12,37.2,420,427,496
23/09/2019 09:40:11.410,124,30.0,-3276.8,-16,0.05,0.15,3.721,20,32.000,65535.000,255,0.002400,0.000340,100,14,100,65535,1,926,-1.03,-0.85,-0.15,-0.07,0.18,0.42,28.2,0,254,0,12,37.2,416,421,497
23/09/2019 09:40:12.410,124,29.6,-3276.8,-17,0.07,0.13,3.730,21,32.000,65535.000,255,0.002400,0.000340,100,14,100,65535,1,927,-1.03,-0.83,-0.25,-0.04,0.15,0.40,28.2,0,254,0,12,37.2,415,420,494
23/09/2019 09:40:13.410,125,29.6,-3276.8,-18,0.06,0.18,3.740,23,35.000,65535.000,255,0.002300,0.000340,100,14,100,65535,1,928,-1.02,-0.84,-0.20,-0.07,0.20,0.43,28.2,0,254,0,12,37.2,415,421,495
23/09/2019 09:40:14.410,124,29.6,-3276.8,-17,0.05,0.10,3.750,25,35.000,65535.000,255,0.002300,0.000320,100,14,100,65535,1,929,-1.03,-0.85,-0.18,-0.04,0.18,0.37,28.2,0,254,0,12,37.2,415,420,496
23/09/2019 09:40:15.410,122,29.6,-3276.8,-18,0.06,0.12,3.759,26,33.000,65535.000,255,0.002380,0.000300,100,14,100,65535,1,930,-1.04,-0.84,-0.18,-0.08,0.16,0.37,28.2,0,254,0,12,37.2,415,421,495
23/09/2019 09:40:16.410,122,29.4,-3276.8,-17,0.05,0.10,3.761,26,31.000,65535.000,255,0.002380,0.000280,100,14,100,65535,1,931,-1.03,-0.85,-0.19,-0.03,0.19,0.37,28.2,0,254,0,12,37.2,415,422,496
23/09/2019 09:40:17.410,121,29.4,-3276.8,-17,0.05,0.09,3.762,27,30.000,65535.000,255,0.002360,0.000280,100,14,100,65535,1,932,-1.03,-0.85,-0.18,-0.04,0.18,0.37,28.2,0,254,0,12,37.2,415,420,494
23/09/2019 09:40:18.410,122,29.1,-3276.8,-17,0.06,0.13,3.763,27,31.000,65535.000,255,0.002360,0.000320,100,14,100,65535,1,933,-1.03,-0.80,-0.20,-0.02,0.14,0.42,28.2,0,254,0,12,37.2,415,422,496
23/09/2019 09:40:19.410,123,29.1,-3276.8,-18,0.06,0.14,3.764,27,30.000,65535.000,255,0.002360,0.000340,100,14,100,65535,1,934,-1.02,-0.83,-0.19,-0.06,0.16,0.40,28.2,0,254,0,12,37.2,415,420,495
23/09/2019 09:40:20.410,125,28.7,-3276.8,-18,0.05,0.12,3.764,27,29.000,65535.000,255,0.002360,0.000420,100,14,100,65535,1,935,-1.02,-0.86,-0.25,-0.06,0.19,0.38,28.2,0,254,0,12,37.2,415,421,494
23/09/2019 09:40:21.410,125,28.7,-3276.8,-18,0.06,0.13,3.757,26,31.000,65535.000,255,0.002440,0.000380,100,14,100,65535,1,936,-1.04,-0.85,-0.26,-0.03,0.16,0.39,28.2,0,254,0,12,37.2,415,420,495
23/09/2019 09:40:22.410,126,28.6,-3276.8,-18,0.06,0.18,3.737,22,30.000,65535.000,255,0.002440,0.000340,100,14,100,65535,1,937,-1.03,-0.84,-0.16,-0.03,0.19,0.53,28.2,0,254,0,12,37.2,415,421,496
23/09/2019 09:40:23.410,125,28.6,-3276.8,-17,0.05,0.09,3.723,20,30.000,65535.000,255,0.002360,0.000320,100,14,100,65535,1,938,-1.04,-0.85,-0.18,-0.03,0.19,0.37,28.2,0,254,0,12,37.2,415,421,496
23/09/2019 09:40:24.410,126,28.6,-3276.8,-17,0.06,0.14,3.724,20,29.000,65535.000,255,0.002360,0.000320,100,14,100,65535,1,939,-1.04,-0.85,-0.19,-0.06,0.19,0.40,28.2,0,254,0,12,37.2,414,421,495
23/09/2019 09:40:25.410,126,28.6,-3276.8,-17,0.04,0.10,3.734,22,29.000,65535.000,255,0.002160,0.000300,100,14,100,65535,1,940,-1.01,-0.85,-0.15,-0.02,0.18,0.33,28.2,0,254,0,12,37.2,414,420,495
23/09/2019 09:40:26.410,127,28.5,-3276.8,-17,0.05,0.14,3.744,24,29.000,65535.000,255,0.002160,0.000300,100,14,100,65535,1,941,-1.02,-0.85,-0.18,-0.07,0.18,0.40,28.2,0,254,0,12,37.2,414,420,496
23/09/2019 09:40:27.410,126,28.5,-3276.8,-16,0.06,0.16,3.754,25,31.000,65535.000,255,0.002280,0.000300,100,14,100,65535,1,942,-1.03,-0.85,-0.16,-0.03,0.16,0.43,28.2,0,254,0,12,37.2,415,421,494
23/09/2019 09:40:28.410,127,28.5,-3276.8,-16,0.05,0.12,3.760,26,32.000,65535.000,255,0.002280,0.000280,100,14,100,65535,1,943,-1.02,-0.81,-0.16,-0.03,0.19,0.36,28.2,0,254,0,12,37.2,415,420,495
23/09/2019 09:40:29.410,125,28.5,-3276.8,-17,0.05,0.10,3.762,27,32.000,65535.000,255,0.002480,0.000280,100,14,100,65535,1,944,-1.04,-0.85,-0.15,-0.06,0.16,0.38,28.2,0,254,0,12,37.2,414,421,496
23/09/2019 09:40:30.410,126,28.7,-3276.8,-16,0.06,0.13,3.763,27,33.000,65535.000,255,0.002480,0.000300,100,14,100,65535,1,945,-1.03,-0.81,-0.18,-0.01,0.18,0.36,28.2,0,254,0,12,37.2,411,412,493
23/09/2019 09:40:31.410,125,28.7,-3276.8,-16,0.06,0.14,3.764,27,31.000,65535.000,255,0.002460,0.000280,100,14,100,65535,1,946,-1.04,-0.84,-0.15,-0.06,0.15,0.39,28.2,0,254,0,12,37.2,404,403,480
23/09/2019 09:40:32.410,125,29.1,-3276.8,-17,0.06,0.12,3.764,27,32.000,65535.000,255,0.002460,0.000280,100,14,100,65535,1,947,-1.04,-0.85,-0.19,-0.06,0.18,0.40,28.2,0,254,0,12,37.2,415,421,496
23/09/2019 09:40:33.410,125,29.1,-3276.8,-18,0.05,0.10,3.764,27,32.000,65535.000,255,0.002440,0.000340,100,14,100,65535,1,948,-1.03,-0.86,-0.20,-0.06,0.18,0.38,28.2,0,254,0,12,37.2,414,420,495
23/09/2019 09:40:34.410,124,29.4,-3276.8,-18,0.06,0.10,3.753,25,30.000,65535.000,255,0.002440,0.000340,100,14,100,65535,1,949,-1.03,-0.84,-0.21,-0.07,0.16,0.36,28.2,0,254,0,12,37.2,423,430,507
23/09/2019 09:40:35.410,124,29.4,-3276.8,-17,0.07,0.16,3.733,22,29.000,65535.000,255,0.002500,0.000340,100,14,100,65535,1,950,-1.04,-0.81,-0.19,0.01,0.19,0.44,28.2,0,254,0,12,37.2,417,424,495
23/09/2019 09:40:36.410,125,29.4,-3276.8,-17,0.06,0.10,3.723,20,31.000,65535.000,255,0.002500,0.000320,100,13,100,65535,1,951,-1.02,-0.86,-0.18,-0.03,0.16,0.36,28.2,0,0,0,12,37.2,415,421,495
23/09/2019 09:40:37.410,124,29.4,-3276.8,-16,0.05,0.13,3.726,21,31.000,65535.000,255,0.002420,0.000280,100,13,100,65535,1,952,-1.04,-0.83,-0.16,-0.04,0.19,0.40,28.2,0,254,0,12,37.2,415,421,495
23/09/2019 09:40:38.410,125,29.2,-3276.8,-16,0.07,0.14,3.723,20,29.000,65535.000,255,0.002420,0.000280,100,13,100,65535,1,953,-1.04,-0.83,-0.30,-0.01,0.16,0.39,28.2,0,254,0,12,37.2,415,421,495
23/09/2019 09:40:39.410,125,29.2,-3276.8,-16,0.05,0.09,3.716,19,29.000,65535.000,255,0.002420,0.000280,100,13,100,65535,1,954,-1.09,-0.86,-0.18,-0.03,0.19,0.33,28.2,0,254,0,12,37.2,415,421,495
23/09/2019 09:40:40.410,126,29.0,-3276.8,-17,0.05,0.13,3.712,18,29.000,65535.000,255,0.002420,0.000280,100,13,100,65535,1,955,-1.04,-0.86,-0.22,0.00,0.19,0.37,28.2,0,254,0,12,37.2,415,421,495
23/09/2019 09:40:41.410,126,29.0,-3276.8,-18,0.06,0.12,3.711,18,29.000,65535.000,255,0.002500,0.000280,100,13,100,65535,1,956,-1.03,-0.83,-0.18,-0.03,0.19,0.38,28.2,0,254,0,12,37.2,415,421,494
23/09/2019 09:40:42.410,126,28.5,-3276.8,-17,0.06,0.14,3.710,18,29.000,65535.000,255,0.002500,0.000420,100,13,100,65535,1,957,-1.04,-0.86,-0.19,-0.02,0.18,0.42,28.2,0,254,0,12,37.2,415,421,494
23/09/2019 09:40:43.410,126,28.5,-3276.8,-18,0.06,0.15,3.718,19,29.000,65535.000,255,0.002380,0.000380,100,13,100,65535,1,958,-1.04,-0.84,-0.22,-0.06,0.16,0.42,28.2,0,254,0,12,37.2,414,420,496
23/09/2019 09:40:44.410,126,28.2,-3276.8,-18,0.07,0.18,3.728,21,27.000,65535.000,255,0.002380,0.000320,100,13,100,65535,1,959,-1.04,-0.86,-0.20,-0.04,0.10,0.37,28.2,0,254,0,12,37.2,415,422,496
23/09/2019 09:40:45.410,127,28.2,-3276.8,-18,0.06,0.14,3.738,23,28.000,65535.000,255,0.002400,0.000260,100,13,100,65535,1,960,-1.03,-0.80,-0.25,-0.04,0.18,0.40,28.2,0,254,0,12,37.2,415,421,494
23/09/2019 09:40:46.410,126,28.1,-3276.8,-18,0.07,0.15,3.744,24,28.000,65535.000,255,0.002400,0.000240,100,13,100,65535,1,961,-1.04,-0.78,-0.19,-0.04,0.16,0.44,28.2,0,254,0,12,37.2,415,420,495
23/09/2019 09:40:47.410,127,28.1,-3276.8,-18,0.06,0.12,3.734,22,29.000,65535.000,255,0.002420,0.000240,100,13,100,65535,1,962,-1.03,-0.86,-0.21,-0.03,0.16,0.37,28.2,0,254,0,12,37.2,415,420,495
23/09/2019 09:40:48.410,126,28.0,-3276.8,-18,0.05,0.10,3.724,20,28.000,65535.000,255,0.002420,0.000260,100,13,100,65535,1,963,-1.03,-0.86,-0.20,-0.02,0.18,0.37,28.2,0,254,0,12,37.2,415,421,495
23/09/2019 09:40:49.410,125,28.0,-3276.8,-17,0.05,0.14,3.719,19,29.000,65535.000,255,0.002280,0.000260,100,13,100,65535,1,964,-1.03,-0.86,-0.25,-0.04,0.19,0.43,28.2,0,254,0,12,37.2,415,420,496
23/09/2019 09:40:50.410,125,27.9,-3276.8,-18,0.06,0.12,3.727,21,29.000,65535.000,255,0.002280,0.000240,100,13,100,65535,1,965,-1.04,-0.85,-0.20,-0.07,0.18,0.37,28.2,0,254,0,12,37.2,415,421,495
23/09/2019 09:40:51.410,125,27.9,-3276.8,-18,0.06,0.12,3.737,22,30.000,65535.000,255,0.002360,0.000240,100,13,100,65535,1,966,-1.04,-0.85,-0.18,-0.03,0.16,0.40,28.2,0,254,0,12,37.2,415,421,495
23/09/2019 09:40:52.410,125,27.7,-3276.8,-17,0.06,0.12,3.747,24,30.000,65535.000,255,0.002360,0.000240,100,13,100,65535,1,967,-1.04,-0.86,-0.20,-0.03,0.16,0.36,28.2,0,254,0,12,37.2,417,425,497
23/09/2019 09:40:53.410,124,27.7,-3276.8,-17,0.05,0.12,3.757,26,30.000,65535.000,255,0.002360,0.000260,100,13,100,65535,1,968,-1.03,-0.86,-0.20,-0.04,0.15,0.37,28.2,0,254,0,12,37.2,408,418,490
23/09/2019 09:40:54.410,124,27.8,-3276.8,-17,0.05,0.09,3.760,26,32.000,65535.000,255,0.002360,0.000220,100,13,100,65535,1,969,-1.01,-0.86,-0.20,-0.08,0.19,0.36,28.2,0,254,0,12,37.2,401,404,490
23/09/2019 09:40:55.410,122,27.8,-3276.8,-17,0.05,0.15,3.762,27,31.000,65535.000,255,0.002220,0.000240,100,13,100,65535,1,970,-1.04,-0.84,-0.22,-0.02,0.18,0.38,28.2,0,254,0,12,37.2,415,419,495
23/09/2019 09:40:56.410,123,27.6,-3276.8,-18,0.06,0.12,3.762,27,32.000,65535.000,255,0.002220,0.000240,100,13,100,65535,1,971,-1.02,-0.86,-0.19,-0.07,0.16,0.40,28.2,0,254,0,12,37.2,415,421,494
23/09/2019 09:40:57.410,124,27.6,-3276.8,-18,0.06,0.12,3.763,27,35.000,65535.000,255,0.002340,0.000240,100,13,100,65535,1,972,-1.03,-0.85,-0.19,-0.04,0.19,0.40,28.2,0,254,0,12,37.2,423,429,503
23/09/2019 09:40:58.410,125,27.3,-3276.8,-18,0.05,0.12,3.763,27,37.000,65535.000,255,0.002340,0.000240,100,13,100,65535,1,973,-1.03,-0.85,-0.19,-0.04,0.19,0.40,28.3,0,254,0,12,37.2,415,423,496
23/09/2019 09:40:59.410,126,27.3,-3276.8,-18,0.06,0.13,3.758,26,36.000,65535.000,255,0.002500,0.000220,100,13,100,65535,1,974,-1.02,-0.86,-0.20,-0.07,0.20,0.40,28.3,0,254,0,12,37.2,415,420,495
23/09/2019 09:41:00.410,126,27.2,-3276.8,-18,0.05,0.10,3.741,23,38.000,65535.000,255,0.002500,0.000220,100,13,100,65535,1,975,-1.03,-0.84,-0.20,-0.04,0.19,0.40,28.3,0,254,0,12,37.2,414,420,495
23/09/2019 09:41:01.410,127,27.2,-3276.8,-18,0.06,0.14,3.724,20,35.000,65535.000,255,0.002600,0.000260,100,13,100,65535,1,976,-1.03,-0.85,-0.21,-0.03,0.16,0.39,28.3,0,254,0,12,37.2,415,421,495
23/09/2019 09:41:02.410,127,27.3,-3276.8,-17,0.06,0.13,3.722,20,38.000,65535.000,255,0.002600,0.000300,100,13,100,65535,1,977,-1.03,-0.85,-0.16,0.00,0.18,0.33,28.3,0,254,0,12,37.2,414,420,495
23/09/2019 09:41:03.410,127,27.3,-3276.8,-17,0.07,0.15,3.731,21,38.000,65535.000,255,0.002480,0.000300,100,13,100,65535,1,978,-1.04,-0.79,-0.16,-0.01,0.18,0.36,28.3,0,254,0,12,37.2,414,420,495
23/09/2019 09:41:04.410,127,27.2,-3276.8,-17,0.06,0.12,3.741,23,37.000,65535.000,255,0.002480,0.000300,100,13,100,65535,1,979,-1.04,-0.86,-0.20,-0.03,0.15,0.37,28.3,0,254,0,12,37.2,415,421,494
23/09/2019 09:41:05.410,126,27.2,-3276.8,-17,0.06,0.13,3.751,25,37.000,65535.000,255,0.002340,0.000300,100,13,100,65535,1,980,-1.04,-0.85,-0.19,-0.02,0.18,0.40,28.3,0,254,0,12,37.2,415,421,495
23/09/2019 09:41:06.410,125,27.3,-3276.8,-17,0.07,0.13,3.758,26,35.000,65535.000,255,0.002340,0.000380,100,13,100,65535,1,981,-1.03,-0.86,-0.21,-0.04,0.16,0.40,28.3,0,254,0,12,37.2,415,421,495
23/09/2019 09:41:07.410,125,27.3,-3276.8,-17,0.07,0.13,3.761,26,37.000,65535.000,255,0.002340,0.000380,100,13,100,65535,1,982,-1.03,-0.85,-0.22,-0.04,0.16,0.42,28.3,0,254,0,12,37.2,416,421,495
23/09/2019 09:41:08.410,123,27.7,-3276.8,-18,0.07,0.20,3.762,27,42.000,65535.000,255,0.002340,0.000340,100,13,100,65535,1,983,-1.04,-0.85,-0.24,0.03,0.16,0.45,28.3,0,254,0,12,37.2,415,420,495
23/09/2019 09:41:09.410,123,27.7,-3276.8,-18,0.06,0.15,3.762,27,41.000,65535.000,255,0.002440,0.000400,100,13,100,65535,1,984,-1.03,-0.80,-0.19,-0.04,0.16,0.38,28.3,0,254,0,12,37.2,415,419,495
23/09/2019 09:41:10.410,122,27.9,-3276.8,-18,0.06,0.12,3.763,27,39.000,65535.000,255,0.002440,0.000340,100,13,100,65535,1,985,-1.02,-0.86,-0.30,-0.06,0.15,0.38,28.3,0,254,0,12,37.2,415,421,496
23/09/2019 09:41:11.410,122,27.9,-3276.8,-18,0.05,0.12,3.763,27,37.000,65535.000,255,0.002480,0.000280,100,13,100,65535,1,986,-1.01,-0.86,-0.18,-0.07,0.18,0.39,28.3,0,254,0,12,37.2,414,421,495
23/09/2019 09:41:12.410,122,28.0,-3276.8,-17,0.06,0.13,3.755,25,36.000,65535.000,255,0.002480,0.000280,100,13,100,65535,1,987,-1.04,-0.86,-0.25,-0.07,0.19,0.38,28.3,0,254,0,12,37.2,416,420,495
23/09/2019 09:41:13.410,123,28.0,-3276.8,-17,0.06,0.14,3.735,22,35.000,65535.000,255,0.002300,0.000240,100,13,100,65535,1,988,-1.03,-0.84,-0.25,-0.07,0.16,0.39,28.3,0,254,0,12,37.2,415,421,495
23/09/2019 09:41:14.410,123,28.0,-3276.8,-18,0.04,0.10,3.723,20,34.000,65535.000,255,0.002300,0.000280,100,13,100,65535,1,989,-1.02,-0.87,-0.16,-0.07,0.16,0.36,28.3,0,254,0,12,37.2,417,428,504
23/09/2019 09:41:15.410,124,28.0,-3276.8,-17,0.06,0.16,3.727,21,33.000,65535.000,255,0.002200,0.000300,100,13,100,65535,1,990,-1.03,-0.85,-0.20,-0.07,0.19,0.44,28.3,0,254,0,12,37.2,405,417,491
23/09/2019 09:41:16.410,123,28.2,-3276.8,-17,0.06,0.15,3.737,22,32.000,65535.000,255,0.002200,0.000300,100,13,100,65535,1,991,-1.06,-0.85,-0.21,0.06,0.16,0.34,28.3,0,254,0,12,37.2,405,403,467
23/09/2019 09:41:17.410,125,28.2,-3276.8,-18,0.06,0.15,3.747,24,33.000,65535.000,255,0.002380,0.000280,100,13,100,65535,1,992,-1.03,-0.83,-0.19,-0.02,0.16,0.39,28.3,0,55,0,12,37.2,415,421,470
23/09/2019 09:41:18.410,125,28.2,-3276.8,-17,0.05,0.14,3.756,26,31.000,65535.000,255,0.002380,0.000260,100,13,100,65535,1,993,-1.02,-0.86,-0.22,-0.02,0.18,0.38,28.3,0,254,0,12,37.2,415,421,495
23/09/2019 09:41:19.410,126,28.2,-3276.8,-18,0.05,0.14,3.760,26,30.000,65535.000,255,0.002460,0.000280,100,13,100,65535,1,994,-1.03,-0.85,-0.24,-0.06,0.19,0.40,28.3,0,254,0,12,37.2,415,420,494
23/09/2019 09:41:20.410,125,28.0,-3276.8,-18,0.05,0.10,3.762,27,30.000,65535.000,255,0.002460,0.000260,100,13,100,65535,1,995,-1.00,-0.86,-0.15,-0.02,0.18,0.38,28.3,0,254,0,12,37.2,423,430,507
23/09/2019 09:41:21.410,124,28.0,-3276.8,-17,0.07,0.13,3.762,27,30.000,65535.000,255,0.002240,0.000260,100,13,100,65535,1,996,-1.04,-0.85,-0.19,-0.04,0.18,0.37,28.3,0,254,0,12,37.2,419,423,496
23/09/2019 09:41:22.410,124,27.9,-3276.8,-17,0.05,0.10,3.763,27,30.000,65535.000,255,0.002240,0.000260,100,13,100,65535,1,997,-1.06,-0.86,-0.16,-0.03,0.18,0.36,28.3,0,254,0,12,37.2,415,420,495
23/09/2019 09:41:23.410,123,27.9,-3276.8,-17,0.07,0.12,3.764,27,29.000,65535.000,255,0.002320,0.000240,100,13,100,65535,1,998,-1.04,-0.86,-0.22,-0.03,0.16,0.33,28.3,0,254,0,12,37.2,415,420,495
23/09/2019 09:41:24.410,124,27.7,-3276.8,-17,0.05,0.15,3.763,27,31.000,65535.000,255,0.002320,0.000260,100,13,100,65535,1,999,-1.04,-0.84,-0.24,-0.06,0.16,0.38,28.3,0,254,0,12,37.2,415,421,494
23/09/2019 09:41:25.410,123,27.7,-3276.8,-17,0.05,0.12,3.750,25,32.000,65535.000,255,0.002340,0.000260,100,13,100,65535,1,1000,-1.04,-0.86,-0.19,-0.08,0.18,0.37,28.3,0,254,0,12,37.2,414,420,495
23/09/2019 09:41:26.410,124,27.7,-3276.8,-18,0.04,0.12,3.731,21,31.000,65535.000,255,0.002340,0.000240,100,13,100,65535,1,1001,-1.00,-0.86,-0.20,-0.04,0.18,0.39,28.4,0,254,0,12,37.2,415,420,495
23/09/2019 09:41:27.410,124,27.7,-3276.8,-18,0.06,0.12,3.722,20,35.000,65535.000,255,0.002100,0.000240,100,13,100,65535,1,1002,-1.01,-0.84,-0.20,-0.08,0.15,0.42,28.4,0,254,0,12,37.2,414,420,495
23/09/2019 09:41:28.410,124,27.8,-3276.8,-18,0.04,0.13,3.728,21,36.000,65535.000,255,0.002100,0.000260,100,13,100,65535,1,1003,-1.01,-0.86,-0.24,-0.07,0.22,0.39,28.4,0,254,0,12,37.2,415,421,495
23/09/2019 09:41:29.410,124,27.8,-3276.8,-18,0.05,0.12,3.738,23,35.000,65535.000,255,0.002380,0.000260,100,13,100,65535,1,1004,-1.03,-0.84,-0.18,-0.08,0.19,0.38,28.4,0,254,0,12,37.2,415,421,495
23/09/2019 09:41:30.410,124,27.7,-3276.8,-18,0.06,0.13,3.748,24,34.000,65535.000,255,0.002380,0.000280,100,13,100,65535,1,1005,-1.01,-0.84,-0.19,-0.03,0.16,0.39,28.4,0,254,0,12,37.2,415,421,495
23/09/2019 09:41:31.410,123,27.7,-3276.8,-17,0.06,0.13,3.757,26,40.000,65535.000,255,0.002380,0.000280,100,13,100,65535,1,1006,-1.02,-0.84,-0.16,-0.04,0.16,0.40,28.4,0,254,0,12,37.2,415,420,496
23/09/2019 09:41:32.410,123,27.7,-3276.8,-17,0.06,0.10,3.761,26,40.000,65535.000,255,0.002380,0.000300,100,13,100,65535,1,1007,-1.06,-0.86,-0.16,-0.04,0.19,0.38,28.4,0,254,0,12,37.2,415,420,495
23/09/2019 09:41:33.410,122,27.7,-3276.8,-17,0.06,0.13,3.762,27,38.000,65535.000,255,0.002420,0.000260,100,13,100,65535,1,1008,-1.03,-0.86,-0.19,-0.03,0.16,0.34,28.4,0,254,0,12,37.2,415,420,496
23/09/2019 09:41:34.410,123,27.7,-3276.8,-17,0.05,0.10,3.762,27,38.000,65535.000,255,0.002420,0.000320,100,13,100,65535,1,1009,-1.01,-0.81,-0.20,-0.07,0.20,0.34,28.4,0,0,0,12,37.3,414,420,495
23/09/2019 09:41:35.410,122,27.7,-3276.8,-18,0.06,0.13,3.764,27,36.000,65535.000,255,0.002540,0.000320,100,13,100,65535,1,1010,-1.02,-0.84,-0.21,-0.08,0.16,0.38,28.4,0,254,0,12,37.3,415,420,496
23/09/2019 09:41:36.410,122,27.8,-3276.8,-18,0.06,0.12,3.764,27,37.000,65535.000,255,0.002540,0.000280,100,13,100,65535,1,1011,-1.02,-0.86,-0.20,-0.07,0.20,0.39,28.4,0,254,0,12,37.3,415,420,495
23/09/2019 09:41:37.410,121,27.8,-3276.8,-18,0.06,0.13,3.758,26,36.000,65535.000,255,0.002400,0.000260,100,13,100,65535,1,1012,-1.03,-0.84,-0.25,0.00,0.16,0.34,28.5,0,254,0,12,37.3,412,404,479
23/09/2019 09:41:38.410,122,27.7,-3276.8,-18,0.06,0.12,3.731,21,37.000,65535.000,255,0.002400,0.000280,100,13,100,65535,1,1013,-1.04,-0.85,-0.21,-0.08,0.16,0.38,28.5,0,254,0,12,37.3,406,405,484
23/09/2019 09:41:39.410,122,27.7,-3276.8,-18,0.05,0.09,3.701,16,38.000,65535.000,255,0.002400,0.000260,100,13,100,65535,1,1014,-1.03,-0.85,-0.21,-0.06,0.19,0.36,28.5,0,254,0,12,37.3,414,421,495
23/09/2019 09:41:40.410,123,27.5,-3276.8,-18,0.05,0.12,3.686,14,37.000,65535.000,255,0.002400,0.000260,100,13,100,65535,1,1015,-1.03,-0.84,-0.21,-0.07,0.16,0.34,28.5,0,254,0,12,37.3,430,433,504
23/09/2019 09:41:41.410,123,27.5,-3276.8,-18,0.06,0.13,3.685,14,36.000,65535.000,255,0.002460,0.000260,100,13,100,65535,1,1016,-1.03,-0.84,-0.24,-0.08,0.16,0.37,28.5,0,254,0,12,37.3,418,425,496
23/09/2019 09:41:42.410,122,27.5,-3276.8,-18,0.05,0.12,3.687,14,36.000,65535.000,255,0.002460,0.000260,100,13,100,65535,1,1017,-1.03,-0.84,-0.20,-0.08,0.16,0.34,28.5,0,254,0,12,37.3,414,421,496
23/09/2019 09:41:43.410,123,27.5,-3276.8,-18,0.05,0.12,3.698,16,38.000,65535.000,255,0.002420,0.000280,100,13,100,65535,1,1018,-1.04,-0.84,-0.20,-0.08,0.20,0.38,28.5,0,254,0,12,37.3,414,419,495
23/09/2019 09:41:44.410,122,27.1,-3276.8,-18,0.05,0.10,3.714,19,36.000,65535.000,255,0.002420,0.000300,100,13,100,65535,1,1019,-1.03,-0.85,-0.30,-0.06,0.19,0.38,28.5,0,254,0,12,37.3,415,421,496
23/09/2019 09:41:45.410,122,27.1,-3276.8,-18,0.05,0.12,3.725,20,35.000,65535.000,255,0.002400,0.000260,100,13,100,65535,1,1020,-1.02,-0.86,-0.19,-0.08,0.16,0.38,28.5,0,254,0,12,37.3,415,420,494
23/09/2019 09:41:46.410,122,27.1,-3276.8,-18,0.06,0.09,3.735,22,33.000,65535.000,255,0.002400,0.000240,100,13,100,65535,1,1021,-1.03,-0.85,-0.18,-0.07,0.18,0.36,28.5,0,254,0,12,37.3,415,419,494
23/09/2019 09:41:47.410,121,27.1,-3276.8,-18,0.05,0.12,3.745,24,33.000,65535.000,255,0.002360,0.000240,100,13,100,65535,1,1022,-1.04,-0.86,-0.16,-0.03,0.19,0.39,28.5,0,254,0,12,37.3,414,420,495
23/09/2019 09:41:48.410,120,27.0,-3276.8,-18,0.06,0.10,3.755,25,33.000,65535.000,255,0.002360,0.000220,100,13,100,65535,1,1023,-1.04,-0.83,-0.20,-0.04,0.19,0.34,28.5,0,254,0,12,37.3,414,420,494
23/09/2019 09:41:49.410,120,27.0,-3276.8,-18,0.05,0.13,3.760,26,33.000,65535.000,255,0.002360,0.000240,100,13,100,65535,1,1024,-1.02,-0.84,-0.20,-0.01,0.18,0.38,28.5,0,254,0,12,37.3,414,421,495
23/09/2019 09:41:50.410,118,27.0,-3276.8,-18,0.06,0.10,3.754,25,34.000,65535.000,255,0.002360,0.000220,100,13,100,65535,1,1025,-1.03,-0.85,-0.21,-0.08,0.18,0.37,28.5,0,254,0,12,37.3,415,421,495
23/09/2019 09:41:51.410,117,27.0,-3276.8,-18,0.05,0.10,3.738,23,34.000,65535.000,255,0.002300,0.000240,100,13,100,65535,1,1026,-1.02,-0.81,-0.21,-0.07,0.20,0.37,28.5,0,254,0,12,37.3,415,421,494
23/09/2019 09:41:52.410,117,27.5,-3276.8,-18,0.07,0.21,3.723,20,33.000,65535.000,255,0.002300,0.000260,100,13,100,65535,1,1027,-1.09,-0.84,-0.27,-0.06,0.14,0.48,28.5,0,254,0,12,37.3,415,420,495
23/09/2019 09:41:53.410,117,27.5,-3276.8,-18,0.06,0.12,3.723,20,32.000,65535.000,255,0.002320,0.000240,100,13,100,65535,1,1028,-1.06,-0.84,-0.31,-0.06,0.19,0.39,28.5,0,254,0,12,37.3,415,420,493
23/09/2019 09:41:54.410,117,28.2,-3276.8,-18,0.04,0.10,3.733,22,32.000,65535.000,255,0.002320,0.000240,100,13,100,65535,1,1029,-1.04,-0.89,-0.18,-0.08,0.18,0.37,28.5,0,254,0,12,37.3,414,420,495
23/09/2019 09:41:55.410,118,28.2,-3276.8,-18,0.06,0.12,3.743,23,32.000,65535.000,255,0.002400,0.000240,100,13,100,65535,1,1030,-1.03,-0.84,-0.20,-0.07,0.18,0.38,28.5,0,254,0,12,37.3,426,429,504
23/09/2019 09:41:56.410,118,28.6,-3276.8,-18,0.05,0.10,3.753,25,30.000,65535.000,255,0.002400,0.000240,100,13,100,65535,1,1031,-1.02,-0.85,-0.19,-0.06,0.19,0.36,28.5,0,254,0,12,37.3,410,420,488
23/09/2019 09:41:57.410,118,28.6,-3276.8,-18,0.06,0.16,3.758,26,30.000,65535.000,255,0.002340,0.000240,100,13,100,65535,1,1032,-1.07,-0.83,-0.22,-0.06,0.15,0.39,28.5,0,254,0,12,37.3,403,414,481
23/09/2019 09:41:58.410,120,29.1,-3276.8,-18,0.05,0.12,3.760,26,30.000,65535.000,255,0.002340,0.000240,100,13,100,65535,1,1033,-1.04,-0.86,-0.20,-0.06,0.20,0.34,28.5,0,254,0,12,37.3,414,421,496
23/09/2019 09:41:59.410,120,29.1,-3276.8,-18,0.06,0.16,3.762,27,29.000,65535.000,255,0.002360,0.000280,100,13,100,65535,1,1034,-1.06,-0.78,-0.20,-0.03,0.16,0.42,28.5,0,254,0,12,37.3,417,421,502
23/09/2019 09:42:00.410,122,29.3,-3276.8,-18,0.07,0.13,3.763,27,30.000,65535.000,255,0.002360,0.000320,100,13,100,65535,1,1035,-1.04,-0.85,-0.19,-0.02,0.16,0.39,28.5,0,254,0,12,37.3,427,436,498
23/09/2019 09:42:01.410,122,29.3,-3276.8,-18,0.06,0.14,3.763,27,33.000,65535.000,255,0.002440,0.000320,100,13,100,65535,1,1036,-1.03,-0.83,-0.25,-0.06,0.16,0.42,28.5,0,254,0,12,37.3,415,422,496
23/09/2019 09:42:02.410,119,29.4,-3276.8,-18,0.06,0.12,3.764,27,37.000,65535.000,255,0.002440,0.000280,100,13,100,65535,1,1037,-1.04,-0.83,-0.21,-0.09,0.16,0.39,28.5,0,254,0,12,37.3,415,419,496
23/09/2019 09:42:03.410,120,29.4,-3276.8,-18,0.06,0.14,3.753,25,36.000,65535.000,255,0.002320,0.000300,100,13,100,65535,1,1038,-1.02,-0.84,-0.22,-0.08,0.16,0.42,28.5,0,254,0,12,37.3,414,420,495
23/09/2019 09:42:04.410,119,29.2,-3276.8,-18,0.05,0.12,3.733,22,35.000,65535.000,255,0.002320,0.000280,100,13,100,65535,1,1039,-1.02,-0.80,-0.21,-0.07,0.16,0.37,28.5,0,254,0,12,37.3,414,420,495
23/09/2019 09:42:05.410,120,29.2,-3276.8,-18,0.05,0.09,3.722,20,36.000,65535.000,255,0.002320,0.000280,100,13,100,65535,1,1040,-1.02,-0.86,-0.22,-0.08,0.19,0.36,28.5,0,254,0,12,37.3,415,420,496
23/09/2019 09:42:06.410,119,29.1,-3276.8,-18,0.05,0.10,3.726,21,35.000,65535.000,255,0.002320,0.000280,100,13,100,65535,1,1041,-1.04,-0.86,-0.22,-0.06,0.19,0.36,28.5,0,254,0,12,37.3,414,420,495
23/09/2019 09:42:07.410,121,29.1,-3276.8,-18,0.05,0.12,3.736,22,35.000,65535.000,255,0.002460,0.000260,100,12,100,65535,1,1042,-1.03,-0.86,-0.22,-0.08,0.16,0.37,28.5,0,254,0,12,37.3,415,420,496
23/09/2019 09:42:08.410,121,29.0,-3276.8,-18,0.06,0.13,3.746,24,35.000,65535.000,255,0.002460,0.000280,100,12,100,65535,1,1043,-1.04,-0.85,-0.22,-0.03,0.16,0.36,28.5,0,254,0,12,37.3,414,420,495
23/09/2019 09:42:09.410,121,29.0,-3276.8,-18,0.05,0.10,3.756,26,37.000,65535.000,255,0.002380,0.000280,100,12,100,65535,1,1044,-1.03,-0.85,-0.19,-0.07,0.19,0.34,28.5,0,254,0,12,37.3,414,421,496
23/09/2019 09:42:10.410,122,28.9,-3276.8,-18,0.06,0.13,3.759,26,37.000,65535.000,255,0.002380,0.000260,100,12,100,65535,1,1045,-1.03,-0.84,-0.18,-0.04,0.18,0.37,28.5,0,254,0,12,37.3,414,420,494
23/09/2019 09:42:11.410,122,28.9,-3276.8,-17,0.06,0.10,3.760,26,36.000,65535.000,255,0.002260,0.000240,100,12,100,65535,1,1046,-1.02,-0.84,-0.22,-0.03,0.18,0.38,28.5,0,254,0,12,37.3,415,421,495
23/09/2019 09:42:12.410,122,28.5,-3276.8,-17,0.05,0.10,3.762,27,34.000,65535.000,255,0.002260,0.000240,100,12,100,65535,1,1047,-1.06,-0.86,-0.18,-0.06,0.16,0.34,28.5,0,254,0,12,37.3,415,420,496
23/09/2019 09:42:13.410,122,28.5,-3276.8,-17,0.05,0.12,3.763,27,34.000,65535.000,255,0.002360,0.000260,100,12,100,65535,1,1048,-1.02,-0.86,-0.21,0.06,0.16,0.37,28.5,0,254,0,12,37.3,415,420,494
23/09/2019 09:42:14.410,122,28.4,-3276.8,-17,0.05,0.10,3.763,27,34.000,65535.000,255,0.002360,0.000240,100,12,100,65535,1,1049,-1.04,-0.85,-0.18,-0.06,0.20,0.37,28.5,0,254,0,12,37.3,414,421,496
23/09/2019 09:42:15.410,121,28.4,-3276.8,-17,0.06,0.10,3.762,27,34.000,65535.000,255,0.002360,0.000280,100,11,100,65535,1,1050,-1.04,-0.77,-0.20,-0.03,0.15,0.38,28.5,0,254,0,12,37.3,415,420,495
23/09/2019 09:42:16.410,122,28.4,-3276.8,-18,0.06,0.16,3.748,24,35.000,65535.000,255,0.002360,0.000260,100,11,100,65535,1,1051,-1.03,-0.84,-0.27,-0.07,0.16,0.39,28.5,0,254,0,12,37.3,415,420,495
23/09/2019 09:42:17.410,122,28.4,-3276.8,-17,0.04,0.10,3.730,21,35.000,65535.000,255,0.002380,0.000280,100,11,100,65535,1,1052,-1.04,-0.87,-0.22,-0.04,0.18,0.34,28.5,0,254,0,12,37.3,415,421,495
23/09/2019 09:42:18.410,123,28.6,-3276.8,-18,0.05,0.12,3.722,20,36.000,65535.000,255,0.002380,0.000300,100,11,100,65535,1,1053,-1.02,-0.86,-0.24,-0.07,0.18,0.38,28.5,0,254,0,12,37.3,426,431,509
23/09/2019 09:42:19.410,122,28.6,-3276.8,-17,0.06,0.14,3.729,21,36.000,65535.000,255,0.002300,0.000320,100,11,100,65535,1,1054,-1.04,-0.86,-0.28,-0.07,0.16,0.36,28.5,0,254,0,12,37.3,412,417,496
23/09/2019 09:42:20.410,123,28.6,-3276.8,-18,0.06,0.14,3.739,23,36.000,65535.000,255,0.002300,0.000300,100,11,100,65535,1,1055,-1.03,-0.84,-0.25,0.06,0.16,0.40,28.5,0,254,0,12,37.3,403,402,486
23/09/2019 09:42:21.410,122,28.6,-3276.8,-17,0.05,0.18,3.749,24,34.000,65535.000,255,0.002280,0.000280,100,11,100,65535,1,1056,-1.03,-0.86,-0.21,-0.04,0.18,0.45,28.5,0,254,0,12,37.3,413,419,495
23/09/2019 09:42:22.410,123,28.5,-3276.8,-18,0.07,0.12,3.758,26,33.000,65535.000,255,0.002280,0.000260,100,11,100,65535,1,1057,-1.02,-0.84,-0.19,-0.06,0.16,0.40,28.5,0,254,0,12,37.3,424,426,503
23/09/2019 09:42:23.410,122,28.5,-3276.8,-18,0.06,0.09,3.762,27,31.000,65535.000,255,0.002380,0.000260,100,11,100,65535,1,1058,-1.03,-0.84,-0.20,-0.07,0.19,0.37,28.5,0,0,0,12,37.3,419,427,500
23/09/2019 09:42:24.410,122,28.6,-3276.8,-18,0.05,0.19,3.762,27,30.000,65535.000,255,0.002380,0.000240,100,11,100,65535,1,1059,-1.04,-0.83,-0.22,-0.04,0.21,0.53,28.5,0,254,0,12,37.3,415,420,495
23/09/2019 09:42:25.410,122,28.6,-3276.8,-18,0.05,0.14,3.764,27,30.000,65535.000,255,0.002480,0.000240,100,11,100,65535,1,1060,-1.01,-0.85,-0.20,-0.07,0.14,0.40,28.5,0,254,0,12,37.3,415,420,495
23/09/2019 09:42:26.410,123,29.1,-3276.8,-18,0.06,0.24,3.764,27,32.000,65535.000,255,0.002480,0.000340,100,11,100,65535,1,1061,-1.06,-0.84,-0.28,0.04,0.10,0.39,28.5,0,254,0,12,37.3,415,420,494
23/09/2019 09:42:27.410,123,29.1,-3276.8,-18,0.04,0.09,3.764,27,34.000,65535.000,255,0.002460,0.000320,100,11,100,65535,1,1062,-1.02,-0.84,-0.19,-0.06,0.20,0.34,28.5,0,254,0,12,37.3,415,420,496
23/09/2019 09:42:28.410,124,29.6,-3276.8,-17,0.05,0.15,3.760,26,36.000,65535.000,255,0.002460,0.000340,100,11,100,65535,1,1063,-1.02,-0.85,-0.27,-0.06,0.19,0.39,28.5,0,254,0,12,37.3,414,420,494
23/09/2019 09:42:29.410,123,29.6,-3276.8,-18,0.05,0.13,3.744,24,35.000,65535.000,255,0.002300,0.000340,100,11,100,65535,1,1064,-1.03,-0.86,-0.20,-0.07,0.14,0.37,28.5,0,254,0,12,37.3,415,419,494
23/09/2019 09:42:30.410,124,30.0,-3276.8,-18,0.05,0.09,3.726,21,33.000,65535.000,255,0.002300,0.000320,100,11,100,65535,1,1065,-1.02,-0.86,-0.19,-0.06,0.16,0.38,28.5,0,254,0,12,37.3,414,421,495
23/09/2019 09:42:31.410,124,30.0,-3276.8,-18,0.07,0.15,3.723,20,32.000,65535.000,255,0.002480,0.000280,100,11,100,65535,1,1066,-1.04,-0.84,-0.26,-0.01,0.13,0.37,28.5,0,254,0,12,37.3,415,421,494
23/09/2019 09:42:32.410,125,30.2,-3276.8,-17,0.07,0.14,3.732,22,30.000,65535.000,255,0.002480,0.000420,100,11,100,65535,1,1067,-1.04,-0.84,-0.22,0.00,0.16,0.37,28.5,0,254,0,12,37.3,415,421,495
23/09/2019 09:42:33.410,125,30.2,-3276.8,-17,0.05,0.08,3.742,23,29.000,65535.000,255,0.002520,0.000380,100,11,100,65535,1,1068,-1.02,-0.86,-0.16,-0.06,0.18,0.34,28.5,0,254,0,12,37.3,414,420,495
23/09/2019 09:42:34.410,125,30.2,-3276.8,-18,0.05,0.14,3.752,25,30.000,65535.000,255,0.002520,0.000380,100,11,100,65535,1,1069,-1.03,-0.84,-0.20,-0.04,0.19,0.43,28.5,0,254,0,12,37.3,415,420,494
23/09/2019 09:42:35.410,124,30.2,-3276.8,-18,0.06,0.12,3.759,26,28.000,65535.000,255,0.002320,0.000340,100,11,100,65535,1,1070,-1.03,-0.85,-0.19,-0.06,0.18,0.37,28.5,0,254,0,12,37.3,415,421,496
23/09/2019 09:42:36.410,124,30.1,-3276.8,-18,0.06,0.16,3.761,26,26.000,65535.000,255,0.002320,0.000320,100,11,100,65535,1,1071,-1.03,-0.85,-0.19,0.00,0.15,0.40,28.5,0,254,0,12,37.3,415,420,496
23/09/2019 09:42:37.410,125,30.1,-3276.8,-18,0.05,0.15,3.761,26,24.000,65535.000,255,0.002320,0.000300,100,11,100,65535,1,1072,-1.02,-0.86,-0.20,-0.03,0.15,0.43,28.6,0,254,0,12,37.3,414,420,495
23/09/2019 09:42:38.410,125,29.7,-3276.8,-18,0.05,0.12,3.751,25,24.000,65535.000,255,0.002320,0.000280,100,11,100,65535,1,1073,-1.03,-0.85,-0.21,-0.08,0.18,0.39,28.6,0,254,0,12,37.3,415,420,495
23/09/2019 09:42:39.410,126,29.7,-3276.8,-18,0.05,0.12,3.741,23,28.000,65535.000,255,0.002400,0.000300,100,11,100,65535,1,1074,-1.03,-0.85,-0.21,-0.08,0.18,0.39,28.6,0,254,0,12,37.3,415,420,495
23/09/2019 09:42:40.410,126,29.2,-3276.8,-18,0.05,0.10,3.731,21,29.000,65535.000,255,0.002400,0.000280,100,11,100,65535,1,1075,-1.03,-0.86,-0.19,-0.04,0.19,0.34,28.6,0,254,0,12,37.3,424,428,503
23/09/2019 09:42:41.410,125,29.2,-3276.8,-17,0.07,0.10,3.713,18,30.000,65535.000,255,0.002500,0.000320,100,11,100,65535,1,1076,-1.01,-0.86,-0.18,-0.06,0.16,0.34,28.6,0,254,0,12,37.3,411,418,489
23/09/2019 09:42:42.410,126,28.9,-3276.8,-16,0.05,0.13,3.692,15,30.000,65535.000,255,0.002500,0.000320,100,11,100,65535,1,1077,-1.03,-0.85,-0.21,0.00,0.16,0.39,28.6,0,254,0,12,37.3,402,412,479
23/09/2019 09:42:43.410,125,28.9,-3276.8,-15,0.04,0.10,3.683,13,30.000,65535.000,255,0.002480,0.000280,100,11,100,65535,1,1078,-1.04,-0.86,-0.15,-0.02,0.18,0.37,28.6,0,254,0,12,37.3,415,420,495
23/09/2019 09:42:44.410,125,28.6,-3276.8,-16,0.05,0.12,3.691,15,32.000,65535.000,255,0.002480,0.000260,100,11,100,65535,1,1079,-1.04,-0.87,-0.22,-0.06,0.18,0.33,28.6,0,254,0,12,37.3,414,420,496
23/09/2019 09:42:45.410,124,28.6,-3276.8,-16,0.05,0.10,3.708,18,31.000,65535.000,255,0.002360,0.000280,100,11,100,65535,1,1080,-1.04,-0.85,-0.18,-0.03,0.16,0.37,28.6,0,254,0,12,37.3,418,431,505
23/09/2019 09:42:46.410,125,28.1,-3276.8,-17,0.06,0.10,3.720,20,31.000,65535.000,255,0.002360,0.000280,100,11,100,65535,1,1081,-1.02,-0.86,-0.18,-0.04,0.16,0.36,28.6,0,254,0,12,37.3,418,426,496
23/09/2019 09:42:47.410,125,28.1,-3276.8,-17,0.05,0.13,3.730,21,31.000,65535.000,255,0.002260,0.000300,100,11,100,65535,1,1082,-1.07,-0.84,-0.18,-0.03,0.18,0.38,28.6,0,254,0,12,37.3,415,420,495
23/09/2019 09:42:48.410,124,27.9,-3276.8,-18,0.05,0.08,3.740,23,32.000,65535.000,255,0.002260,0.000300,100,11,100,65535,1,1083,-1.02,-0.86,-0.18,-0.04,0.18,0.33,28.6,0,254,0,12,37.3,415,420,496
23/09/2019 09:42:49.410,126,27.9,-3276.8,-17,0.05,0.12,3.750,25,32.000,65535.000,255,0.002300,0.000320,100,11,100,65535,1,1084,-1.02,-0.85,-0.21,-0.04,0.18,0.37,28.6,0,254,0,12,37.3,415,421,495
23/09/2019 09:42:50.410,125,27.7,-3276.8,-17,0.06,0.10,3.759,26,32.000,65535.000,255,0.002300,0.000300,100,11,100,65535,1,1085,-1.04,-0.84,-0.20,-0.03,0.16,0.38,28.6,0,254,0,12,37.3,415,420,495
23/09/2019 09:42:51.410,126,27.7,-3276.8,-17,0.04,0.09,3.762,27,32.000,65535.000,255,0.002380,0.000300,100,11,100,65535,1,1086,-1.03,-0.85,-0.18,-0.08,0.20,0.33,28.6,0,254,0,12,37.3,414,420,495
23/09/2019 09:42:52.410,126,27.6,-3276.8,-17,0.05,0.09,3.763,27,30.000,65535.000,255,0.002380,0.000280,100,11,100,65535,1,1087,-1.01,-0.87,-0.18,-0.07,0.16,0.37,28.6,0,254,0,12,37.3,414,420,496
23/09/2019 09:42:53.410,127,27.6,-3276.8,-17,0.05,0.12,3.763,27,29.000,65535.000,255,0.002240,0.000240,100,11,100,65535,1,1088,-1.03,-0.85,-0.19,-0.04,0.16,0.32,28.6,0,254,0,12,37.3,416,420,494
23/09/2019 09:42:54.410,127,27.7,-3276.8,-17,0.06,0.09,3.751,25,30.000,65535.000,255,0.002240,0.000280,100,11,100,65535,1,1089,-1.02,-0.86,-0.16,-0.06,0.16,0.34,28.6,0,254,0,12,37.3,415,419,494
23/09/2019 09:42:55.410,126,27.7,-3276.8,-17,0.06,0.19,3.731,21,30.000,65535.000,255,0.002300,0.000280,100,11,100,65535,1,1090,-1.06,-0.86,-0.21,-0.04,0.16,0.53,28.6,0,254,0,12,37.3,414,420,496
23/09/2019 09:42:56.410,125,27.8,-3276.8,-17,0.04,0.14,3.722,20,28.000,65535.000,255,0.002300,0.000280,100,11,100,65535,1,1091,-1.04,-0.86,-0.19,-0.04,0.18,0.39,28.6,0,254,0,12,37.3,414,420,495
23/09/2019 09:42:57.410,126,27.8,-3276.8,-18,0.05,0.09,3.727,21,28.000,65535.000,255,0.002340,0.000280,100,11,100,65535,1,1092,-1.03,-0.86,-0.19,-0.06,0.19,0.36,28.6,0,254,0,12,37.3,414,420,495
23/09/2019 09:42:58.410,125,27.8,-3276.8,-18,0.05,0.10,3.736,22,28.000,65535.000,255,0.002340,0.000260,100,11,100,65535,1,1093,-1.03,-0.86,-0.20,-0.08,0.19,0.34,28.6,0,254,0,12,37.3,415,421,495
23/09/2019 09:42:59.410,126,27.8,-3276.8,-17,0.05,0.12,3.746,24,26.000,65535.000,255,0.002260,0.000280,100,11,100,65535,1,1094,-1.02,-0.86,-0.24,-0.04,0.18,0.37,28.6,0,254,0,12,37.3,415,420,496
23/09/2019 09:43:00.410,126,28.0,-3276.8,-17,0.04,0.10,3.755,25,27.000,65535.000,255,0.002260,0.000280,100,11,100,65535,1,1095,-1.03,-0.86,-0.15,-0.04,0.18,0.33,28.6,0,254,0,12,37.3,414,420,495
23/09/2019 09:43:01.410,127,28.0,-3276.8,-17,0.06,0.15,3.759,26,31.000,65535.000,255,0.002380,0.000420,100,11,100,65535,1,1096,-1.04,-0.86,-0.24,-0.06,0.19,0.38,28.6,0,254,0,12,37.3,415,421,494
23/09/2019 09:43:02.410,127,28.1,-3276.8,-18,0.06,0.19,3.762,27,31.000,65535.000,255,0.002380,0.000340,100,11,100,65535,1,1097,-1.04,-0.84,-0.21,-0.07,0.18,0.48,28.6,0,254,0,12,37.3,419,413,491
23/09/2019 09:43:03.410,126,28.1,-3276.8,-17,0.05,0.13,3.762,27,34.000,65535.000,255,0.002440,0.000320,100,11,100,65535,1,1098,-1.03,-0.81,-0.18,-0.03,0.18,0.36,28.6,0,254,0,12,37.3,410,409,486
23/09/2019 09:43:04.410,125,28.2,-3276.8,-17,0.06,0.14,3.763,27,35.000,65535.000,255,0.002440,0.000300,100,11,100,65535,1,1099,-1.04,-0.79,-0.21,-0.03,0.19,0.34,28.6,0,254,0,12,37.3,401,399,490
23/09/2019 09:43:05.410,123,28.2,-3276.8,-15,0.06,0.14,3.764,27,35.000,65535.000,255,0.002420,0.000320,100,11,100,65535,1,1100,-1.04,-0.84,-0.19,-0.04,0.16,0.37,28.6,0,254,0,12,37.3,414,420,496
23/09/2019 09:43:06.410,122,28.2,-3276.8,-16,0.07,0.13,3.761,26,35.000,65535.000,255,0.002420,0.000300,100,11,100,65535,1,1101,-1.04,-0.86,-0.20,-0.02,0.16,0.38,28.6,0,254,0,12,37.3,415,420,495
23/09/2019 09:43:07.410,122,28.2,-3276.8,-16,0.05,0.13,3.746,24,36.000,65535.000,255,0.002420,0.000300,100,11,100,65535,1,1102,-1.03,-0.86,-0.21,-0.04,0.16,0.38,28.6,0,254,0,12,37.3,418,422,506
23/09/2019 09:43:08.410,120,27.6,-3276.8,-16,0.06,0.10,3.728,21,35.000,65535.000,255,0.002420,0.000320,100,11,100,65535,1,1103,-1.04,-0.86,-0.20,-0.04,0.16,0.37,28.6,0,254,0,12,37.3,417,425,496
23/09/2019 09:43:09.410,121,27.6,-3276.8,-16,0.05,0.13,3.721,20,35.000,65535.000,255,0.002240,0.000340,100,11,100,65535,1,1104,-1.03,-0.85,-0.19,-0.07,0.18,0.39,28.6,0,254,0,12,37.3,415,421,495
23/09/2019 09:43:10.410,121,27.3,-3276.8,-17,0.04,0.09,3.728,21,34.000,65535.000,255,0.002240,0.000320,100,11,100,65535,1,1105,-1.04,-0.86,-0.19,-0.07,0.19,0.33,28.6,0,254,0,12,37.3,414,421,495
23/09/2019 09:43:11.410,122,27.3,-3276.8,-18,0.04,0.10,3.738,23,33.000,65535.000,255,0.002260,0.000300,100,11,100,65535,1,1106,-1.03,-0.87,-0.18,-0.03,0.16,0.37,28.6,0,254,0,12,37.3,415,420,495
23/09/2019 09:43:12.410,122,27.3,-3276.8,-18,0.05,0.12,3.748,24,33.000,65535.000,255,0.002260,0.000300,100,11,100,65535,1,1107,-1.04,-0.85,-0.21,-0.06,0.19,0.34,28.6,0,254,0,12,37.3,416,421,494
23/09/2019 09:43:13.410,121,27.3,-3276.8,-17,0.06,0.10,3.758,26,31.000,65535.000,255,0.002280,0.000300,100,11,100,65535,1,1108,-1.03,-0.85,-0.20,-0.06,0.16,0.37,28.6,0,254,0,12,37.3,415,421,496
23/09/2019 09:43:14.410,121,27.3,-3276.8,-16,0.05,0.10,3.760,26,33.000,65535.000,255,0.002280,0.000320,100,11,100,65535,1,1109,-1.04,-0.86,-0.18,-0.06,0.16,0.36,28.6,0,254,0,12,37.3,416,420,495
23/09/2019 09:43:15.410,121,27.3,-3276.8,-16,0.05,0.13,3.761,26,32.000,65535.000,255,0.002240,0.000280,100,11,100,65535,1,1110,-1.04,-0.86,-0.21,-0.07,0.16,0.38,28.6,0,254,0,12,37.3,415,421,495
23/09/2019 09:43:16.410,121,27.3,-3276.8,-16,0.06,0.14,3.762,27,30.000,65535.000,255,0.002240,0.000280,100,11,100,65535,1,1111,-1.07,-0.86,-0.22,-0.08,0.15,0.38,28.6,0,254,0,12,37.3,415,421,495
23/09/2019 09:43:17.410,121,27.3,-3276.8,-16,0.06,0.12,3.763,27,31.000,65535.000,255,0.002280,0.000300,100,11,100,65535,1,1112,-1.02,-0.84,-0.19,-0.03,0.16,0.39,28.6,0,254,0,12,37.3,415,420,495
23/09/2019 09:43:18.410,121,27.3,-3276.8,-17,0.05,0.12,3.764,27,31.000,65535.000,255,0.002280,0.000300,100,11,100,65535,1,1113,-1.04,-0.87,-0.18,-0.02,0.16,0.34,28.6,0,254,0,12,37.3,415,421,495
23/09/2019 09:43:19.410,121,27.3,-3276.8,-17,0.05,0.10,3.759,26,31.000,65535.000,255,0.002260,0.000280,100,11,100,65535,1,1114,-1.01,-0.86,-0.20,-0.06,0.19,0.38,28.6,0,254,0,12,37.3,415,420,496
23/09/2019 09:43:20.410,122,27.4,-3276.8,-16,0.06,0.13,3.742,23,31.000,65535.000,255,0.002260,0.000300,100,10,100,65535,1,1115,-1.03,-0.86,-0.25,-0.07,0.18,0.36,28.6,0,254,0,12,37.3,415,420,494
23/09/2019 09:43:21.410,123,27.4,-3276.8,-17,0.05,0.15,3.724,20,31.000,65535.000,255,0.002280,0.000320,100,10,100,65535,1,1116,-1.03,-0.86,-0.31,0.04,0.18,0.37,28.6,0,254,0,12,37.3,415,422,494
23/09/2019 09:43:22.410,123,27.6,-3276.8,-18,0.06,0.15,3.722,20,28.000,65535.000,255,0.002280,0.000320,100,10,100,65535,1,1117,-1.04,-0.86,-0.30,-0.06,0.18,0.40,28.6,0,254,0,12,37.3,417,422,500
23/09/2019 09:43:23.410,123,27.6,-3276.8,-18,0.05,0.10,3.732,22,27.000,65535.000,255,0.002320,0.000280,100,10,100,65535,1,1118,-1.03,-0.84,-0.21,-0.08,0.19,0.36,28.6,0,254,0,12,37.3,405,403,469
23/09/2019 09:43:24.410,123,28.0,-3276.8,-18,0.05,0.12,3.742,23,28.000,65535.000,255,0.002320,0.000320,100,10,100,65535,1,1119,-1.03,-0.86,-0.22,-0.03,0.16,0.37,28.6,0,254,0,12,37.3,415,399,475
23/09/2019 09:43:25.410,123,28.0,-3276.8,-18,0.07,0.13,3.752,25,29.000,65535.000,255,0.002360,0.000320,100,10,100,65535,1,1120,-1.04,-0.86,-0.21,-0.03,0.16,0.38,28.6,0,254,0,12,37.3,416,420,496
23/09/2019 09:43:26.410,123,28.6,-3276.8,-18,0.05,0.13,3.758,26,30.000,65535.000,255,0.002360,0.000320,100,10,100,65535,1,1121,-1.02,-0.84,-0.22,-0.07,0.18,0.38,28.6,0,254,0,12,37.3,429,432,500
23/09/2019 09:43:27.410,123,28.6,-3276.8,-18,0.07,0.13,3.760,26,28.000,65535.000,255,0.002440,0.000300,100,10,100,65535,1,1122,-1.06,-0.85,-0.22,-0.06,0.18,0.39,28.6,0,254,0,12,37.3,418,423,497
23/09/2019 09:43:28.410,125,29.0,-3276.8,-18,0.05,0.09,3.762,27,30.000,65535.000,255,0.002440,0.000260,100,10,100,65535,1,1123,-1.02,-0.86,-0.21,-0.04,0.16,0.34,28.6,0,254,0,12,37.3,415,420,495
23/09/2019 09:43:29.410,126,29.0,-3276.8,-18,0.05,0.13,3.763,27,31.000,65535.000,255,0.002360,0.000280,100,10,100,65535,1,1124,-1.02,-0.86,-0.16,-0.04,0.18,0.42,28.6,0,254,0,12,37.3,414,420,494
23/09/2019 09:43:30.410,127,29.3,-3276.8,-18,0.05,0.10,3.764,27,35.000,65535.000,255,0.002360,0.000320,100,10,100,65535,1,1125,-1.10,-0.86,-0.20,-0.08,0.18,0.36,28.6,0,254,0,12,37.3,415,420,495
23/09/2019 09:43:31.410,127,29.3,-3276.8,-18,0.07,0.13,3.764,27,37.000,65535.000,255,0.002220,0.000320,100,10,100,65535,1,1126,-1.04,-0.80,-0.26,-0.04,0.16,0.38,28.6,0,254,0,12,37.3,415,420,495
23/09/2019 09:43:32.410,126,29.4,-3276.8,-18,0.06,0.10,3.755,25,36.000,65535.000,255,0.002220,0.000440,100,10,100,65535,1,1127,-1.04,-0.85,-0.21,-0.04,0.20,0.34,28.6,0,254,0,12,37.3,415,421,495
23/09/2019 09:43:33.410,126,29.4,-3276.8,-18,0.05,0.10,3.735,22,36.000,65535.000,255,0.002340,0.000380,100,10,100,65535,1,1128,-1.02,-0.86,-0.21,-0.08,0.18,0.38,28.6,0,254,0,12,37.3,415,420,495
23/09/2019 09:43:34.410,125,29.7,-3276.8,-18,0.05,0.13,3.724,20,35.000,65535.000,255,0.002340,0.000320,100,10,100,65535,1,1129,-1.04,-0.86,-0.22,-0.08,0.15,0.34,28.6,0,254,0,12,37.4,415,421,495
23/09/2019 09:43:35.410,125,29.7,-3276.8,-18,0.05,0.12,3.727,21,36.000,65535.000,255,0.002340,0.000320,100,10,100,65535,1,1130,-1.02,-0.85,-0.18,-0.03,0.18,0.37,28.6,0,254,0,12,37.4,415,420,494
23/09/2019 09:43:36.410,123,30.0,-3276.8,-18,0.06,0.13,3.737,22,37.000,65535.000,255,0.002340,0.000320,100,10,100,65535,1,1131,-1.04,-0.80,-0.21,-0.03,0.16,0.37,28.6,0,254,0,12,37.4,415,420,496
23/09/2019 09:43:37.410,122,30.0,-3276.8,-18,0.06,0.12,3.742,23,35.000,65535.000,255,0.002360,0.000300,100,10,100,65535,1,1132,-1.02,-0.84,-0.19,-0.07,0.18,0.39,28.6,0,254,0,12,37.4,414,420,494
23/09/2019 09:43:38.410,121,30.1,-3276.8,-18,0.07,0.20,3.733,22,34.000,65535.000,255,0.002360,0.000300,100,10,100,65535,1,1133,-1.06,-0.86,-0.28,-0.04,0.15,0.44,28.6,0,254,0,12,37.4,415,420,496
23/09/2019 09:43:39.410,121,30.1,-3276.8,-18,0.06,0.14,3.723,20,35.000,65535.000,255,0.002280,0.000320,100,10,100,65535,1,1134,-1.03,-0.85,-0.24,-0.08,0.16,0.38,28.6,0,254,0,12,37.4,414,420,496
23/09/2019 09:43:40.410,121,30.1,-3276.8,-18,0.06,0.10,3.714,19,34.000,65535.000,255,0.002280,0.000340,100,10,100,65535,1,1135,-1.02,-0.84,-0.22,-0.09,0.16,0.37,28.6,0,254,0,12,37.4,415,421,494
23/09/2019 09:43:41.410,123,30.1,-3276.8,-18,0.07,0.15,3.710,18,33.000,65535.000,255,0.002320,0.000340,100,10,100,65535,1,1136,-1.06,-0.78,-0.21,-0.07,0.16,0.38,28.6,0,254,0,12,37.4,414,420,495
23/09/2019 09:43:42.410,123,30.1,-3276.8,-18,0.06,0.12,3.710,18,32.000,65535.000,255,0.002320,0.000320,100,10,100,65535,1,1137,-1.04,-0.84,-0.20,-0.07,0.16,0.38,28.6,0,254,0,12,37.4,415,420,496
23/09/2019 09:43:43.410,124,30.1,-3276.8,-18,0.05,0.10,3.720,20,32.000,65535.000,255,0.002280,0.000300,100,10,100,65535,1,1138,-1.02,-0.86,-0.19,-0.04,0.16,0.36,28.6,0,254,0,12,37.4,414,421,495
23/09/2019 09:43:44.410,123,30.3,-3276.8,-18,0.07,0.14,3.728,21,31.000,65535.000,255,0.002280,0.000300,100,10,100,65535,1,1139,-1.02,-0.83,-0.24,-0.04,0.16,0.37,28.7,0,254,0,12,37.4,410,417,476
23/09/2019 09:43:45.410,123,30.3,-3276.8,-18,0.07,0.16,3.721,20,30.000,65535.000,255,0.002220,0.000320,100,10,100,65535,1,1140,-1.04,-0.85,-0.24,-0.06,0.16,0.44,28.7,0,254,0,12,37.4,398,414,494
23/09/2019 09:43:46.410,123,30.6,-3276.8,-18,0.06,0.20,3.711,18,28.000,65535.000,255,0.002220,0.000300,100,10,100,65535,1,1141,-1.04,-0.83,-0.22,-0.06,0.16,0.46,28.7,0,254,0,12,37.4,415,421,495
23/09/2019 09:43:47.410,122,30.6,-3276.8,-18,0.06,0.15,3.706,17,28.000,65535.000,255,0.002320,0.000280,100,10,100,65535,1,1142,-1.03,-0.81,-0.19,-0.07,0.16,0.40,28.7,0,254,0,12,37.4,414,421,494
23/09/2019 09:43:48.410,122,30.9,-3276.8,-18,0.06,0.12,3.715,19,30.000,65535.000,255,0.002320,0.000320,100,10,100,65535,1,1143,-1.04,-0.85,-0.21,-0.09,0.16,0.40,28.7,0,254,0,12,37.4,431,430,505
23/09/2019 09:43:49.410,122,30.9,-3276.8,-18,0.06,0.15,3.725,20,29.000,65535.000,255,0.002400,0.000340,100,10,100,65535,1,1144,-1.06,-0.81,-0.24,0.02,0.19,0.39,28.7,0,254,0,12,37.4,417,423,496
23/09/2019 09:43:50.410,121,31.2,-3276.8,-18,0.05,0.10,3.735,22,28.000,65535.000,255,0.002400,0.000300,100,10,100,65535,1,1145,-1.02,-0.85,-0.19,-0.07,0.19,0.38,28.7,0,254,0,12,37.4,416,421,496
23/09/2019 09:43:51.410,122,31.2,-3276.8,-18,0.06,0.14,3.745,24,28.000,65535.000,255,0.002360,0.000280,100,10,100,65535,1,1146,-1.03,-0.85,-0.22,-0.07,0.19,0.42,28.7,0,254,0,12,37.4,415,420,495
23/09/2019 09:43:52.410,122,31.3,-3276.8,-18,0.05,0.12,3.755,25,28.000,65535.000,255,0.002360,0.000280,100,10,100,65535,1,1147,-1.04,-0.84,-0.18,-0.06,0.16,0.36,28.7,0,254,0,12,37.4,415,420,494
23/09/2019 09:43:53.410,122,31.3,-3276.8,-18,0.05,0.12,3.759,26,27.000,65535.000,255,0.002320,0.000280,100,10,100,65535,1,1148,-1.02,-0.85,-0.20,-0.06,0.15,0.39,28.7,0,254,0,12,37.4,414,421,496
23/09/2019 09:43:54.410,121,31.2,-3276.8,-18,0.06,0.12,3.760,26,27.000,65535.000,255,0.002320,0.000280,100,10,100,65535,1,1149,-1.02,-0.84,-0.21,-0.06,0.18,0.37,28.7,0,254,0,12,37.4,415,420,495
23/09/2019 09:43:55.410,122,31.2,-3276.8,-18,0.05,0.10,3.762,27,27.000,65535.000,255,0.002320,0.000260,100,10,100,65535,1,1150,-1.02,-0.85,-0.21,-0.04,0.20,0.34,28.7,0,254,0,12,37.4,415,420,495
23/09/2019 09:43:56.410,121,31.2,-3276.8,-17,0.05,0.12,3.763,27,26.000,65535.000,255,0.002320,0.000260,100,10,100,65535,1,1151,-1.03,-0.84,-0.19,-0.02,0.20,0.36,28.7,0,254,0,12,37.4,415,420,495
23/09/2019 09:43:57.410,121,31.2,-3276.8,-18,0.05,0.09,3.759,26,26.000,65535.000,255,0.002320,0.000280,100,10,100,65535,1,1152,-1.03,-0.86,-0.22,-0.06,0.19,0.36,28.7,0,254,0,12,37.4,415,420,495
23/09/2019 09:43:58.410,123,30.9,-3276.8,-18,0.06,0.13,3.744,24,27.000,65535.000,255,0.002320,0.000300,100,10,100,65535,1,1153,-1.02,-0.85,-0.21,-0.06,0.16,0.42,28.7,0,254,0,12,37.4,415,421,496
23/09/2019 09:43:59.410,122,30.9,-3276.8,-18,0.06,0.12,3.726,21,28.000,65535.000,255,0.002300,0.000280,100,10,100,65535,1,1154,-1.04,-0.83,-0.18,-0.06,0.18,0.38,28.7,0,254,0,12,37.4,415,420,495
23/09/2019 09:44:00.410,123,30.8,-3276.8,-18,0.05,0.10,3.722,20,28.000,65535.000,255,0.002300,0.000300,100,10,100,65535,1,1155,-1.02,-0.85,-0.19,-0.07,0.19,0.37,28.7,0,254,0,12,37.4,414,420,495
23/09/2019 09:44:01.410,122,30.8,-3276.8,-18,0.07,0.18,3.730,21,31.000,65535.000,255,0.002280,0.000260,100,10,100,65535,1,1156,-1.03,-0.86,-0.25,-0.04,0.18,0.43,28.7,0,254,0,12,37.4,415,420,494
23/09/2019 09:44:02.410,122,31.0,-3276.8,-18,0.05,0.15,3.740,23,32.000,65535.000,255,0.002280,0.000260,100,10,100,65535,1,1157,-1.02,-0.85,-0.25,-0.07,0.16,0.39,28.7,0,254,0,12,37.4,414,420,494
23/09/2019 09:44:03.410,121,31.0,-3276.8,-18,0.06,0.14,3.750,25,30.000,65535.000,255,0.002240,0.000260,100,10,100,65535,1,1158,-1.03,-0.84,-0.21,-0.06,0.16,0.42,28.7,0,254,0,12,37.4,414,420,495
23/09/2019 09:44:04.410,122,30.9,-3276.8,-18,0.06,0.14,3.758,26,30.000,65535.000,255,0.002240,0.000300,100,10,100,65535,1,1159,-1.02,-0.83,-0.22,-0.04,0.20,0.40,28.7,0,254,0,12,37.4,415,420,495
23/09/2019 09:44:05.410,121,30.9,-3276.8,-18,0.06,0.13,3.760,26,31.000,65535.000,255,0.002300,0.000280,100,10,100,65535,1,1160,-1.03,-0.86,-0.18,-0.03,0.16,0.40,28.7,0,254,0,12,37.4,414,420,495
23/09/2019 09:44:06.410,122,31.0,-3276.8,-18,0.04,0.14,3.760,26,32.000,65535.000,255,0.002300,0.000260,100,10,100,65535,1,1161,-1.04,-0.84,-0.19,0.02,0.16,0.34,28.7,0,254,0,12,37.4,414,419,495
23/09/2019 09:44:07.410,121,31.0,-3276.8,-18,0.05,0.10,3.762,27,33.000,65535.000,255,0.002320,0.000300,100,10,100,65535,1,1162,-1.02,-0.84,-0.16,-0.06,0.19,0.36,28.7,0,254,0,12,37.4,415,419,495
23/09/2019 09:44:08.410,122,30.9,-3276.8,-18,0.06,0.12,3.762,27,33.000,65535.000,255,0.002320,0.000320,100,10,100,65535,1,1163,-1.02,-0.86,-0.22,-0.03,0.18,0.42,28.7,0,254,0,12,37.4,415,420,495
23/09/2019 09:44:09.410,122,30.9,-3276.8,-18,0.06,0.12,3.763,27,32.000,65535.000,255,0.002100,0.000300,100,10,100,65535,1,1164,-1.03,-0.85,-0.20,-0.04,0.16,0.38,28.7,0,254,0,12,37.4,415,419,495
23/09/2019 09:44:10.410,124,30.6,-3276.8,-18,0.06,0.15,3.757,26,30.000,65535.000,255,0.002100,0.000280,100,10,100,65535,1,1165,-1.02,-0.86,-0.20,-0.02,0.16,0.38,28.7,0,254,0,12,37.4,415,421,495
23/09/2019 09:44:11.410,124,30.6,-3276.8,-18,0.06,0.12,3.739,23,30.000,65535.000,255,0.001900,0.000260,100,10,100,65535,1,1166,-1.03,-0.85,-0.20,-0.02,0.16,0.39,28.7,0,254,0,12,37.4,418,427,496
23/09/2019 09:44:12.410,125,30.6,-3276.8,-18,0.07,0.18,3.723,20,30.000,65535.000,255,0.001900,0.000260,100,10,100,65535,1,1167,-1.04,-0.81,-0.21,-0.01,0.16,0.44,28.7,0,254,0,12,37.4,413,419,491
23/09/2019 09:44:13.410,124,30.6,-3276.8,-18,0.06,0.14,3.723,20,29.000,65535.000,255,0.001820,0.000280,100,10,100,65535,1,1168,-1.03,-0.86,-0.21,-0.06,0.20,0.40,28.7,0,254,0,12,37.4,404,405,478
23/09/2019 09:44:14.410,126,30.5,-3276.8,-18,0.08,0.22,3.733,22,29.000,65535.000,255,0.001820,0.000280,100,10,100,65535,1,1169,-1.07,-0.79,-0.20,-0.01,0.03,0.42,28.7,0,254,0,12,37.4,415,420,495
23/09/2019 09:44:15.410,124,30.5,-3276.8,-17,0.06,0.10,3.743,23,31.000,65535.000,255,0.001720,0.000340,100,10,100,65535,1,1170,-1.04,-0.85,-0.22,-0.06,0.20,0.37,28.7,0,254,0,12,37.4,415,421,495
23/09/2019 09:44:16.410,125,30.6,-3276.8,-18,0.06,0.14,3.753,25,31.000,65535.000,255,0.001720,0.000320,100,10,100,65535,1,1171,-1.02,-0.84,-0.15,-0.03,0.16,0.42,28.7,0,254,0,12,37.4,434,432,500
23/09/2019 09:44:17.410,123,30.6,-3276.8,-18,0.07,0.14,3.759,26,30.000,65535.000,255,0.002200,0.000320,100,10,100,65535,1,1172,-1.03,-0.86,-0.22,-0.07,0.14,0.38,28.7,0,254,0,12,37.4,418,424,497
23/09/2019 09:44:18.410,120,30.6,-3276.8,-17,0.06,0.13,3.760,26,30.000,65535.000,255,0.002200,0.000300,100,10,100,65535,1,1173,-1.03,-0.86,-0.16,-0.02,0.16,0.39,28.7,0,254,0,12,37.4,414,421,496
23/09/2019 09:44:19.410,120,30.6,-3276.8,-17,0.06,0.14,3.762,27,29.000,65535.000,255,0.002420,0.000300,100,10,100,65535,1,1174,-1.03,-0.84,-0.22,-0.02,0.16,0.42,28.7,0,254,0,12,37.4,414,420,495
23/09/2019 09:44:20.410,120,30.6,-3276.8,-17,0.06,0.14,3.762,27,28.000,65535.000,255,0.002420,0.000300,100,10,100,65535,1,1175,-1.03,-0.84,-0.22,-0.02,0.16,0.42,28.7,0,254,0,12,37.4,415,420,495
23/09/2019 09:44:21.410,120,30.6,-3276.8,-17,0.07,0.13,3.763,27,28.000,65535.000,255,0.002340,0.000280,100,10,100,65535,1,1176,-1.02,-0.85,-0.20,-0.07,0.16,0.39,28.7,0,254,0,12,37.4,415,421,496
23/09/2019 09:44:22.410,120,30.6,-3276.8,-17,0.05,0.15,3.764,27,28.000,65535.000,255,0.002340,0.000280,100,10,100,65535,1,1177,-1.04,-0.85,-0.24,-0.01,0.20,0.40,28.7,0,254,0,12,37.4,415,420,494
23/09/2019 09:44:23.410,121,30.6,-3276.8,-17,0.07,0.16,3.754,25,28.000,65535.000,255,0.002280,0.000280,100,9,100,65535,1,1178,-1.02,-0.85,-0.18,-0.02,0.16,0.44,28.7,0,254,0,12,37.4,415,420,495
23/09/2019 09:44:24.410,120,30.6,-3276.8,-17,0.06,0.12,3.734,22,29.000,65535.000,255,0.002280,0.000280,100,9,100,65535,1,1179,-1.06,-0.85,-0.18,-0.01,0.16,0.39,28.7,0,254,0,12,37.4,415,420,495
23/09/2019 09:44:25.410,121,30.6,-3276.8,-16,0.06,0.12,3.723,20,30.000,65535.000,255,0.002380,0.000320,100,9,100,65535,1,1180,-1.06,-0.83,-0.18,-0.04,0.18,0.34,28.7,0,254,0,12,37.4,415,420,495
23/09/2019 09:44:26.410,121,30.9,-3276.8,-15,0.06,0.13,3.726,21,30.000,65535.000,255,0.002380,0.000380,100,9,100,65535,1,1181,-1.03,-0.86,-0.18,-0.02,0.18,0.38,28.7,0,254,0,12,37.4,415,419,495
23/09/2019 09:44:27.410,122,30.9,-3276.8,-17,0.08,0.20,3.735,22,29.000,65535.000,255,0.002260,0.000340,100,9,100,65535,1,1182,-1.04,-0.84,-0.18,-0.02,0.15,0.46,28.7,0,254,0,12,37.4,414,421,496
23/09/2019 09:44:28.410,123,31.4,-3276.8,-17,0.06,0.14,3.745,24,30.000,65535.000,255,0.002260,0.000480,100,9,100,65535,1,1183,-1.04,-0.86,-0.22,-0.10,0.16,0.38,28.7,0,254,0,12,37.4,415,420,495
23/09/2019 09:44:29.410,123,31.4,-3276.8,-16,0.07,0.13,3.755,25,29.000,65535.000,255,0.002060,0.000460,98,9,100,65535,1,1184,-1.02,-0.86,-0.22,-0.08,0.16,0.38,28.7,0,254,0,12,37.4,415,420,495
23/09/2019 09:44:30.410,122,31.6,-3276.8,-16,0.06,0.20,3.758,26,30.000,65535.000,255,0.002060,0.000420,97,9,100,65535,1,1185,-1.02,-0.84,-0.21,-0.03,0.16,0.45,28.7,0,254,0,12,37.4,414,420,495
23/09/2019 09:44:31.410,122,31.6,-3276.8,-17,0.06,0.12,3.760,26,30.000,65535.000,255,0.001940,0.000440,95,9,100,65535,1,1186,-1.02,-0.86,-0.19,-0.06,0.16,0.38,28.7,0,254,0,12,37.4,415,420,495
23/09/2019 09:44:32.410,122,31.8,-3276.8,-17,0.05,0.14,3.761,26,30.000,65535.000,255,0.001940,0.000480,94,9,100,65535,1,1187,-1.04,-0.85,-0.19,-0.02,0.18,0.42,28.7,0,254,0,12,37.4,415,421,495
23/09/2019 09:44:33.410,121,31.8,-3276.8,-18,0.05,0.12,3.762,27,29.000,65535.000,255,0.001940,0.000400,92,9,100,65535,1,1188,-1.03,-0.86,-0.20,-0.02,0.16,0.37,28.7,0,254,0,12,37.4,416,420,494
23/09/2019 09:44:34.410,121,32.1,-3276.8,-18,0.06,0.10,3.762,27,28.000,65535.000,255,0.001940,0.000360,93,9,100,65535,1,1189,-1.03,-0.86,-0.18,-0.04,0.19,0.36,28.7,0,254,0,12,37.4,415,421,495
23/09/2019 09:44:35.410,121,32.1,-3276.8,-18,0.07,0.13,3.761,26,28.000,65535.000,255,0.002000,0.000340,94,9,100,65535,1,1190,-1.03,-0.81,-0.19,-0.03,0.18,0.40,28.7,0,254,0,12,37.4,415,421,495
23/09/2019 09:44:36.410,123,32.5,-3276.8,-17,0.05,0.16,3.747,24,29.000,65535.000,255,0.002000,0.000340,95,9,100,65535,1,1191,-1.06,-0.84,-0.18,0.06,0.16,0.45,28.7,0,254,0,12,37.4,408,414,482
23/09/2019 09:44:37.410,123,32.5,-3276.8,-16,0.05,0.12,3.724,20,29.000,65535.000,255,0.002000,0.000300,96,9,100,65535,1,1192,-1.03,-0.86,-0.15,-0.02,0.18,0.34,28.9,0,254,0,12,37.4,399,410,466
23/09/2019 09:44:38.410,124,32.6,-3276.8,-15,0.06,0.12,3.704,17,29.000,65535.000,255,0.002000,0.000320,96,9,100,65535,1,1193,-1.02,-0.86,-0.16,-0.01,0.16,0.37,28.9,0,254,0,12,37.4,414,420,495
23/09/2019 09:44:39.410,124,32.6,-3276.8,-16,0.06,0.14,3.698,16,29.000,65535.000,255,0.002020,0.000280,97,9,100,65535,1,1194,-1.04,-0.84,-0.22,-0.02,0.18,0.37,28.9,0,254,0,12,37.4,414,419,494
23/09/2019 09:44:40.410,123,33.0,-3276.8,-17,0.05,0.10,3.698,16,28.000,65535.000,255,0.002020,0.000300,97,8,100,65535,1,1195,-1.03,-0.86,-0.21,0.00,0.16,0.36,28.9,0,254,0,12,37.4,428,433,505
23/09/2019 09:44:41.410,124,33.0,-3276.8,-17,0.06,0.15,3.698,16,31.000,65535.000,255,0.002120,0.000280,97,8,100,65535,1,1196,-1.04,-0.84,-0.20,-0.02,0.16,0.42,28.9,0,254,0,12,37.4,417,421,496
23/09/2019 09:44:42.410,123,33.2,-3276.8,-17,0.06,0.10,3.701,16,31.000,65535.000,255,0.002120,0.000260,98,9,100,65535,1,1197,-1.02,-0.85,-0.20,-0.04,0.16,0.37,28.9,0,254,0,12,37.4,414,420,495
23/09/2019 09:44:43.410,120,33.2,-3276.8,-17,0.06,0.10,3.711,18,31.000,65535.000,255,0.002200,0.000260,98,9,100,65535,1,1198,-1.04,-0.85,-0.19,-0.02,0.18,0.37,28.9,0,254,0,12,37.4,414,420,494
23/09/2019 09:44:44.410,121,33.4,-3276.8,-16,0.07,0.16,3.721,20,30.000,65535.000,255,0.002200,0.000320,98,9,100,65535,1,1199,-1.03,-0.86,-0.22,0.02,0.18,0.39,28.9,0,254,0,12,37.4,415,420,495
23/09/2019 09:44:45.410,121,33.4,-3276.8,-16,0.06,0.10,3.731,21,30.000,65535.000,255,0.002080,0.000360,99,9,100,65535,1,1200,-1.03,-0.86,-0.19,-0.04,0.16,0.37,28.9,0,254,0,12,37.4,415,420,494
23/09/2019 09:44:46.410,120,33.5,-3276.8,-16,0.05,0.25,3.741,23,29.000,65535.000,255,0.002080,0.000320,99,9,100,65535,1,1201,-1.04,-0.84,-0.22,-0.04,0.18,0.51,28.9,0,254,0,12,37.4,416,421,495
23/09/2019 09:44:47.410,120,33.5,-3276.8,-17,0.07,0.13,3.751,25,28.000,65535.000,255,0.002240,0.000320,99,9,100,65535,1,1202,-1.04,-0.85,-0.19,-0.01,0.16,0.38,28.9,0,254,0,12,37.4,415,420,496
23/09/2019 09:44:48.410,119,33.4,-3276.8,-17,0.06,0.16,3.751,25,27.000,65535.000,255,0.002240,0.000280,99,9,100,65535,1,1203,-1.06,-0.83,-0.18,-0.02,0.16,0.43,28.9,0,254,0,12,37.4,415,420,494
23/09/2019 09:44:49.410,119,33.4,-3276.8,-16,0.06,0.10,3.738,23,26.000,65535.000,255,0.002200,0.000260,99,9,100,65535,1,1204,-1.02,-0.86,-0.19,-0.01,0.16,0.37,28.9,0,254,0,12,37.4,415,420,495
23/09/2019 09:44:50.410,119,33.3,-3276.8,-17,0.06,0.13,3.723,20,25.000,65535.000,255,0.002200,0.000260,99,9,100,65535,1,1205,-1.03,-0.80,-0.19,0.00,0.16,0.36,28.9,0,254,0,12,37.4,415,420,495
23/09/2019 09:44:51.410,119,33.3,-3276.8,-17,0.06,0.14,3.720,20,27.000,65535.000,255,0.002260,0.000300,99,9,100,65535,1,1206,-1.04,-0.85,-0.16,-0.03,0.15,0.38,28.9,0,254,0,12,37.4,415,421,494
23/09/2019 09:44:52.410,119,33.1,-3276.8,-16,0.06,0.10,3.728,21,27.000,65535.000,255,0.002260,0.000320,99,9,100,65535,1,1207,-1.03,-0.86,-0.15,-0.02,0.18,0.36,28.9,0,254,0,12,37.4,415,420,494
23/09/2019 09:44:53.410,119,33.1,-3276.8,-17,0.06,0.13,3.738,23,27.000,65535.000,255,0.002400,0.000320,100,9,100,65535,1,1208,-1.03,-0.83,-0.22,-0.04,0.20,0.39,28.9,0,254,0,12,37.4,415,420,495
23/09/2019 09:44:54.410,118,32.8,-3276.8,-17,0.07,0.10,3.748,24,27.000,65535.000,255,0.002400,0.000340,100,9,100,65535,1,1209,-1.03,-0.86,-0.16,-0.04,0.18,0.34,28.9,0,254,0,12,37.4,415,419,494
23/09/2019 09:44:55.410,120,32.8,-3276.8,-17,0.06,0.21,3.757,26,28.000,65535.000,255,0.002360,0.000320,100,9,100,65535,1,1210,-1.08,-0.75,-0.24,-0.02,0.08,0.44,28.9,0,254,0,12,37.4,415,420,495
23/09/2019 09:44:56.410,119,32.8,-3276.8,-15,0.06,0.12,3.759,26,33.000,65535.000,255,0.002360,0.000340,100,10,100,65535,1,1211,-1.03,-0.86,-0.14,-0.01,0.18,0.34,28.9,0,254,0,12,37.4,415,420,494
23/09/2019 09:44:57.410,119,32.8,-3276.8,-15,0.05,0.12,3.760,26,36.000,65535.000,255,0.002340,0.000340,100,10,100,65535,1,1212,-1.03,-0.85,-0.18,0.00,0.16,0.34,28.9,0,254,0,12,37.4,415,421,495
23/09/2019 09:44:58.410,118,32.6,-3276.8,-15,0.05,0.08,3.760,26,33.000,65535.000,255,0.002340,0.000420,100,10,100,65535,1,1213,-1.03,-0.86,-0.14,-0.01,0.19,0.33,28.9,0,254,0,12,37.4,426,421,495
23/09/2019 09:44:59.410,118,32.6,-3276.8,-15,0.06,0.20,3.760,26,31.000,65535.000,255,0.002320,0.000420,100,10,100,65535,1,1214,-1.06,-0.83,-0.18,0.03,0.16,0.45,28.9,0,254,0,12,37.4,409,419,493
23/09/2019 09:45:00.410,119,32.5,-3276.8,-15,0.07,0.13,3.761,26,30.000,65535.000,255,0.002320,0.000360,100,10,100,65535,1,1215,-1.03,-0.85,-0.19,-0.01,0.16,0.39,28.9,0,215,0,12,37.4,408,407,482
23/09/2019 09:45:01.410,117,32.5,-3276.8,-15,0.05,0.13,3.754,25,30.000,65535.000,255,0.002220,0.000300,100,10,100,65535,1,1216,-1.03,-0.85,-0.15,-0.02,0.16,0.34,28.9,0,254,0,12,37.4,414,421,495
23/09/2019 09:45:02.410,116,32.5,-3276.8,-16,0.05,0.09,3.735,22,29.000,65535.000,255,0.002220,0.000300,100,10,100,65535,1,1217,-1.02,-0.86,-0.16,-0.04,0.18,0.34,28.9,0,254,0,12,37.4,425,428,503
23/09/2019 09:45:03.410,114,32.5,-3276.8,-17,0.05,0.08,3.722,20,28.000,65535.000,255,0.002260,0.000260,100,11,100,65535,1,1218,-1.02,-0.86,-0.19,-0.07,0.20,0.33,28.9,0,254,0,12,37.4,420,429,499
23/09/2019 09:45:04.410,114,32.4,-3276.8,-17,0.05,0.10,3.724,20,27.000,65535.000,255,0.002260,0.000260,100,11,100,65535,1,1219,-1.01,-0.84,-0.21,-0.07,0.16,0.34,28.9,0,254,0,12,37.4,416,421,495
23/09/2019 09:45:05.410,113,32.4,-3276.8,-16,0.05,0.10,3.734,22,26.000,65535.000,255,0.002300,0.000260,100,12,100,65535,1,1220,-1.04,-0.85,-0.24,-0.04,0.19,0.36,28.9,0,254,0,12,37.4,414,420,495
23/09/2019 09:45:06.410,114,32.5,-3276.8,-17,0.05,0.12,3.744,24,26.000,65535.000,255,0.002300,0.000240,100,12,100,65535,1,1221,-1.03,-0.83,-0.19,-0.04,0.18,0.37,28.9,0,254,0,12,37.4,414,421,494
23/09/2019 09:45:07.410,113,32.5,-3276.8,-17,0.05,0.12,3.753,25,26.000,65535.000,255,0.002320,0.000280,100,13,100,65535,1,1222,-1.01,-0.86,-0.22,-0.04,0.21,0.34,28.9,0,254,0,12,37.4,415,421,495
23/09/2019 09:45:08.410,113,32.4,-3276.8,-17,0.07,0.13,3.758,26,26.000,65535.000,255,0.002320,0.000320,100,13,100,65535,1,1223,-1.04,-0.83,-0.19,-0.02,0.16,0.38,28.9,0,254,0,12,37.4,415,419,495
23/09/2019 09:45:09.410,113,32.4,-3276.8,-16,0.05,0.12,3.760,26,26.000,65535.000,255,0.002340,0.000300,100,13,100,65535,1,1224,-1.04,-0.87,-0.22,-0.07,0.16,0.34,28.9,0,254,0,12,37.4,415,420,495
23/09/2019 09:45:10.410,114,32.2,-3276.8,-18,0.06,0.16,3.760,26,25.000,65535.000,255,0.002340,0.000300,100,13,100,65535,1,1225,-1.13,-0.75,-0.20,-0.09,0.19,0.37,28.9,0,254,0,12,37.4,414,420,495
23/09/2019 09:45:11.410,115,32.2,-3276.8,-17,0.05,0.10,3.762,27,29.000,65535.000,255,0.002460,0.000280,100,14,100,65535,1,1226,-1.02,-0.86,-0.18,-0.07,0.18,0.37,28.9,0,254,0,12,37.4,415,420,495
23/09/2019 09:45:12.410,112,31.9,-3276.8,-17,0.05,0.10,3.762,27,29.000,65535.000,255,0.002460,0.000260,100,14,100,65535,1,1227,-1.02,-0.84,-0.18,-0.07,0.18,0.33,28.9,0,254,0,12,37.4,415,420,496
23/09/2019 09:45:13.410,114,31.9,-3276.8,-17,0.04,0.10,3.762,27,29.000,65535.000,255,0.002560,0.000240,100,14,100,65535,1,1228,-1.01,-0.86,-0.18,-0.07,0.18,0.33,28.9,0,254,0,12,37.4,415,420,495
23/09/2019 09:45:14.410,114,31.4,-3276.8,-16,0.05,0.12,3.751,25,29.000,65535.000,255,0.002560,0.000320,100,15,100,65535,1,1229,-1.02,-0.83,-0.20,-0.02,0.19,0.37,28.9,0,254,0,12,37.4,414,419,495
23/09/2019 09:45:15.410,115,31.4,-3276.8,-18,0.07,0.18,3.731,21,30.000,65535.000,255,0.002460,0.000300,100,15,100,65535,1,1230,-1.02,-0.85,-0.20,-0.07,0.16,0.43,28.9,0,254,0,12,37.4,415,420,495
23/09/2019 09:45:16.410,116,31.0,-3276.8,-18,0.06,0.19,3.722,20,29.000,65535.000,255,0.002460,0.000280,100,15,100,65535,1,1231,-1.02,-0.84,-0.27,-0.07,0.16,0.39,28.9,0,254,0,12,37.4,414,420,495
23/09/2019 09:45:17.410,117,31.0,-3276.8,-18,0.06,0.13,3.727,21,30.000,65535.000,255,0.002500,0.000320,100,15,100,65535,1,1232,-1.02,-0.86,-0.24,-0.03,0.18,0.36,28.9,0,254,0,12,37.4,415,420,494
23/09/2019 09:45:18.410,118,30.8,-3276.8,-16,0.06,0.13,3.737,22,32.000,65535.000,255,0.002500,0.000300,100,15,100,65535,1,1233,-1.06,-0.84,-0.19,-0.04,0.18,0.34,28.9,0,254,0,12,37.4,415,420,495
23/09/2019 09:45:19.410,117,30.8,-3276.8,-17,0.05,0.12,3.747,24,30.000,65535.000,255,0.002360,0.000320,100,15,100,65535,1,1234,-1.04,-0.86,-0.20,-0.06,0.16,0.38,28.9,0,254,0,12,37.4,415,420,495
23/09/2019 09:45:20.410,118,30.8,-3276.8,-18,0.06,0.13,3.756,26,31.000,65535.000,255,0.002360,0.000340,100,15,100,65535,1,1235,-1.04,-0.86,-0.20,-0.08,0.16,0.39,28.9,0,254,0,12,37.4,416,420,495
23/09/2019 09:45:21.410,119,30.8,-3276.8,-18,0.05,0.10,3.759,26,30.000,65535.000,255,0.002360,0.000320,100,15,100,65535,1,1236,-1.02,-0.84,-0.19,-0.06,0.19,0.34,28.9,0,254,0,12,37.4,422,416,510
23/09/2019 09:45:22.410,119,31.2,-3276.8,-18,0.06,0.10,3.760,26,30.000,65535.000,255,0.002360,0.000320,100,15,100,65535,1,1237,-1.02,-0.86,-0.22,-0.04,0.15,0.34,28.9,0,254,0,12,37.4,413,415,490
23/09/2019 09:45:23.410,122,31.2,-3276.8,-17,0.06,0.13,3.761,26,29.000,65535.000,255,0.002220,0.000320,100,15,100,65535,1,1238,-1.03,-0.86,-0.20,-0.04,0.16,0.39,28.9,0,254,0,12,37.4,405,405,484
23/09/2019 09:45:24.410,121,31.6,-3276.8,-17,0.06,0.13,3.762,27,28.000,65535.000,255,0.002220,0.000320,100,15,100,65535,1,1239,-1.07,-0.83,-0.22,-0.02,0.16,0.37,28.9,0,254,0,12,37.4,414,421,495
23/09/2019 09:45:25.410,123,31.6,-3276.8,-17,0.06,0.13,3.763,27,29.000,65535.000,255,0.002020,0.000300,100,14,100,65535,1,1240,-1.04,-0.83,-0.22,-0.07,0.16,0.38,28.9,0,254,0,12,37.4,414,419,494
23/09/2019 09:45:26.410,125,31.9,-3276.8,-17,0.07,0.13,3.760,26,28.000,65535.000,255,0.002020,0.000340,100,15,100,65535,1,1241,-1.03,-0.80,-0.21,-0.04,0.18,0.38,28.9,0,254,0,12,37.4,426,428,496
23/09/2019 09:45:27.410,126,31.9,-3276.8,-17,0.05,0.12,3.746,24,27.000,65535.000,255,0.002560,0.000300,100,14,100,65535,1,1242,-1.01,-0.85,-0.15,-0.01,0.18,0.34,29.0,0,254,0,12,37.4,421,438,510
23/09/2019 09:45:28.410,127,32.2,-3276.8,-17,0.07,0.16,3.728,21,28.000,65535.000,255,0.002560,0.000260,100,15,100,65535,1,1243,-1.00,-0.86,-0.22,0.04,0.12,0.40,29.0,0,254,0,12,37.4,418,423,497
23/09/2019 09:45:29.410,127,32.2,-3276.8,-18,0.07,0.12,3.722,20,27.000,65535.000,255,0.002460,0.000260,100,15,100,65535,1,1244,-1.03,-0.86,-0.22,-0.07,0.16,0.39,29.0,0,254,0,12,37.4,414,419,496
23/09/2019 09:45:30.410,127,32.3,-3276.8,-18,0.07,0.21,3.730,21,26.000,65535.000,255,0.002460,0.000280,100,15,100,65535,1,1245,-1.03,-0.85,-0.30,0.01,0.13,0.46,29.0,0,254,0,12,37.4,415,419,495
23/09/2019 09:45:31.410,127,32.3,-3276.8,-18,0.05,0.13,3.740,23,23.000,65535.000,255,0.002260,0.000300,100,15,100,65535,1,1246,-1.02,-0.85,-0.21,-0.02,0.18,0.33,29.0,0,254,0,12,37.4,415,420,496
23/09/2019 09:45:32.410,128,32.3,-3276.8,-18,0.05,0.15,3.750,25,24.000,65535.000,255,0.002260,0.000280,100,15,100,65535,1,1247,-1.03,-0.78,-0.21,-0.04,0.16,0.38,29.0,0,254,0,12,37.4,414,421,495
23/09/2019 09:45:33.410,128,32.3,-3276.8,-18,0.05,0.13,3.757,26,26.000,65535.000,255,0.002220,0.000280,100,15,100,65535,1,1248,-1.03,-0.85,-0.21,-0.06,0.18,0.32,29.0,0,254,0,12,37.4,414,421,495
23/09/2019 09:45:34.410,128,32.4,-3276.8,-17,0.05,0.10,3.759,26,26.000,65535.000,255,0.002220,0.000240,100,15,100,65535,1,1249,-1.03,-0.86,-0.22,-0.02,0.18,0.36,29.0,0,254,0,12,37.4,414,420,494
23/09/2019 09:45:35.410,127,32.4,-3276.8,-17,0.06,0.14,3.760,26,26.000,65535.000,255,0.002300,0.000260,100,15,100,65535,1,1250,-1.02,-0.86,-0.24,0.00,0.16,0.34,29.0,0,254,0,12,37.4,415,420,494
23/09/2019 09:45:36.410,126,32.4,-3276.8,-17,0.05,0.10,3.761,26,26.000,65535.000,255,0.002300,0.000240,100,15,100,65535,1,1251,-1.03,-0.86,-0.19,-0.03,0.18,0.37,29.0,0,254,0,12,37.4,415,421,495
23/09/2019 09:45:37.410,125,32.4,-3276.8,-17,0.07,0.16,3.758,26,27.000,65535.000,255,0.002300,0.000260,100,15,100,65535,1,1252,-1.04,-0.81,-0.21,-0.03,0.16,0.43,29.0,0,254,0,12,37.4,414,421,495
23/09/2019 09:45:38.410,123,32.1,-3276.8,-17,0.06,0.13,3.748,24,28.000,65535.000,255,0.002300,0.000260,100,15,100,65535,1,1253,-1.02,-0.84,-0.19,-0.07,0.16,0.38,29.0,0,254,0,12,37.4,415,419,495
23/09/2019 09:45:39.410,124,32.1,-3276.8,-17,0.05,0.14,3.728,21,29.000,65535.000,255,0.002340,0.000280,100,15,100,65535,1,1254,-1.00,-0.86,-0.20,-0.07,0.16,0.40,29.0,0,254,0,12,37.4,415,420,495
23/09/2019 09:45:40.410,123,31.8,-3276.8,-17,0.05,0.10,3.701,16,30.000,65535.000,255,0.002340,0.000280,100,15,100,65535,1,1255,-1.04,-0.86,-0.21,-0.03,0.16,0.36,29.0,0,254,0,12,37.4,415,420,494
23/09/2019 09:45:41.410,124,31.8,-3276.8,-17,0.06,0.20,3.680,13,29.000,65535.000,255,0.002340,0.000260,100,15,100,65535,1,1256,-1.04,-0.72,-0.20,0.03,0.16,0.39,29.1,0,254,0,12,37.4,415,420,494
23/09/2019 09:45:42.410,124,31.6,-3276.8,-17,0.06,0.10,3.678,13,29.000,65535.000,255,0.002340,0.000260,100,15,100,65535,1,1257,-1.04,-0.84,-0.18,-0.03,0.19,0.37,29.1,0,254,0,12,37.4,414,420,495
23/09/2019 09:45:43.410,125,31.6,-3276.8,-17,0.05,0.10,3.692,15,28.000,65535.000,255,0.002260,0.000300,100,15,100,65535,1,1258,-1.03,-0.86,-0.18,-0.04,0.16,0.38,29.1,0,254,0,12,37.4,414,421,494
23/09/2019 09:45:44.410,124,31.5,-3276.8,-17,0.07,0.20,3.710,18,27.000,65535.000,255,0.002260,0.000320,100,15,100,65535,1,1259,-1.04,-0.85,-0.25,-0.02,0.16,0.43,29.1,0,254,0,12,37.4,414,420,495
23/09/2019 09:45:45.410,125,31.5,-3276.8,-16,0.05,0.10,3.722,20,27.000,65535.000,255,0.002440,0.000280,100,15,100,65535,1,1260,-1.04,-0.86,-0.25,-0.06,0.16,0.33,29.1,0,254,0,12,37.4,425,418,507
23/09/2019 09:45:46.410,125,31.5,-3276.8,-16,0.07,0.13,3.732,22,26.000,65535.000,255,0.002440,0.000300,100,15,100,65535,1,1261,-1.06,-0.84,-0.21,-0.03,0.16,0.38,29.1,0,254,0,12,37.4,411,418,489
23/09/2019 09:45:47.410,127,31.5,-3276.8,-16,0.05,0.12,3.742,23,29.000,65535.000,255,0.002480,0.000280,100,15,100,65535,1,1262,-1.03,-0.86,-0.20,-0.06,0.18,0.36,29.1,0,254,0,12,37.4,410,399,489
23/09/2019 09:45:48.410,128,31.3,-3276.8,-16,0.05,0.13,3.752,25,29.000,65535.000,255,0.002480,0.000340,100,15,100,65535,1,1263,-1.03,-0.85,-0.19,0.02,0.16,0.33,29.1,0,254,0,12,37.4,416,420,495
23/09/2019 09:45:49.410,128,31.3,-3276.8,-17,0.07,0.13,3.759,26,29.000,65535.000,255,0.002380,0.000340,100,16,100,65535,1,1264,-1.01,-0.84,-0.16,-0.04,0.15,0.42,29.1,0,254,0,12,37.4,422,429,496
23/09/2019 09:45:50.410,129,31.1,-3276.8,-17,0.05,0.12,3.759,26,31.000,65535.000,255,0.002380,0.000360,100,16,100,65535,1,1265,-1.03,-0.85,-0.22,0.04,0.19,0.34,29.1,0,254,0,12,37.4,427,430,502
23/09/2019 09:45:51.410,129,31.1,-3276.8,-17,0.05,0.13,3.760,26,34.000,65535.000,255,0.002380,0.000360,100,16,100,65535,1,1266,-1.02,-0.87,-0.18,-0.06,0.18,0.39,29.1,0,254,0,12,37.4,418,422,497
23/09/2019 09:45:52.410,131,30.8,-3276.8,-16,0.05,0.10,3.751,25,34.000,65535.000,255,0.002380,0.000380,100,16,100,65535,1,1267,-1.03,-0.86,-0.14,-0.03,0.18,0.38,29.1,0,254,0,12,37.4,415,421,495
23/09/2019 09:45:53.410,130,30.8,-3276.8,-15,0.05,0.10,3.732,22,33.000,65535.000,255,0.002400,0.000420,100,16,100,65535,1,1268,-1.04,-0.87,-0.18,-0.01,0.18,0.34,29.1,0,254,0,12,37.4,414,420,495
23/09/2019 09:45:54.410,130,30.3,-3276.8,-15,0.06,0.12,3.720,20,32.000,65535.000,255,0.002400,0.000400,100,16,100,65535,1,1269,-1.02,-0.86,-0.19,-0.04,0.16,0.39,29.1,0,254,0,12,37.4,415,421,496
23/09/2019 09:45:55.410,129,30.3,-3276.8,-15,0.06,0.10,3.723,20,32.000,65535.000,255,0.002280,0.000380,100,17,100,65535,1,1270,-1.04,-0.86,-0.15,-0.02,0.16,0.34,29.1,0,254,0,12,37.4,415,420,495
23/09/2019 09:45:56.410,130,30.0,-3276.8,-15,0.05,0.10,3.733,22,31.000,65535.000,255,0.002280,0.000380,100,17,100,65535,1,1271,-1.03,-0.83,-0.14,-0.01,0.16,0.36,29.1,0,254,0,12,37.4,414,420,495
23/09/2019 09:45:57.410,129,30.0,-3276.8,-15,0.06,0.14,3.743,23,31.000,65535.000,255,0.002220,0.000380,100,17,100,65535,1,1272,-1.06,-0.84,-0.18,-0.01,0.16,0.40,29.1,0,254,0,12,37.4,415,420,495
23/09/2019 09:45:58.410,129,30.0,-3276.8,-15,0.07,0.13,3.753,25,31.000,65535.000,255,0.002220,0.000400,100,17,100,65535,1,1273,-1.04,-0.84,-0.19,-0.02,0.18,0.37,29.1,0,254,0,12,37.4,414,419,494
23/09/2019 09:45:59.410,128,30.0,-3276.8,-16,0.05,0.16,3.758,26,31.000,65535.000,255,0.002280,0.000340,100,17,100,65535,1,1274,-1.04,-0.84,-0.20,-0.06,0.16,0.40,29.1,0,254,0,12,37.4,414,420,494
23/09/2019 09:46:00.410,127,29.9,-3276.8,-16,0.05,0.07,3.759,26,33.000,65535.000,255,0.002280,0.000320,100,17,100,65535,1,1275,-1.01,-0.87,-0.16,-0.06,0.19,0.31,29.1,0,254,0,12,37.4,414,420,494
23/09/2019 09:46:01.410,123,29.9,-3276.8,-15,0.04,0.07,3.760,26,31.000,65535.000,255,0.002240,0.000420,100,17,100,65535,1,1276,-1.01,-0.87,-0.16,-0.06,0.19,0.31,29.1,0,254,0,12,37.4,414,421,495
23/09/2019 09:46:02.410,121,29.9,-3276.8,-15,0.03,0.12,3.761,26,29.000,65535.000,255,0.002240,0.000440,99,17,100,65535,1,1277,-1.13,-0.89,-0.19,-0.04,0.18,0.26,29.1,0,254,0,12,37.4,415,420,495
23/09/2019 09:46:03.410,120,29.9,-3276.8,-14,0.04,0.07,3.761,26,28.000,65535.000,255,0.002460,0.000580,99,17,100,65535,1,1278,-1.01,-0.90,-0.16,-0.03,0.16,0.28,29.1,0,254,0,12,37.4,415,421,494
23/09/2019 09:46:04.410,119,29.6,-3276.8,-14,0.06,0.13,3.760,26,40.000,65535.000,255,0.002460,0.000680,95,17,100,65535,1,1279,-1.06,-0.85,-0.16,-0.02,0.10,0.32,29.1,0,254,0,12,37.4,415,420,495
23/09/2019 09:46:05.410,118,29.6,-3276.8,-14,0.03,0.12,3.747,24,40.000,65535.000,255,0.002200,0.000560,91,17,100,65535,1,1280,-1.03,-0.87,-0.25,-0.03,0.15,0.30,29.1,0,254,0,12,37.4,415,420,495
23/09/2019 09:46:06.410,119,29.6,-3276.8,-12,0.05,0.06,3.730,21,39.000,65535.000,255,0.002200,0.000620,88,17,100,65535,1,1281,-1.02,-0.90,-0.18,-0.06,0.16,0.24,29.1,0,254,0,12,37.4,415,419,495
23/09/2019 09:46:07.410,122,29.6,-3276.8,-11,0.12,0.38,3.721,20,36.000,65535.000,255,0.002000,0.000540,85,17,100,65535,1,1282,-1.13,-0.65,-0.27,-0.04,-0.15,0.24,29.1,0,254,0,12,37.4,414,420,496
23/09/2019 09:46:08.410,124,29.6,-3276.8,-11,0.03,0.16,3.728,21,37.000,65535.000,255,0.002000,0.000420,84,17,100,65535,1,1283,-1.10,-0.90,-0.22,-0.08,0.02,0.18,29.1,0,254,-8,12,37.4,416,414,488
23/09/2019 09:46:09.410,122,29.6,-3276.8,-12,0.03,0.08,3.738,23,38.000,65535.000,255,0.001900,0.000340,85,17,100,65535,1,1284,-1.02,-0.92,-0.21,-0.09,0.14,0.21,29.1,0,254,-1,12,37.4,412,417,477
23/09/2019 09:46:10.410,122,29.7,-3276.8,-13,0.02,0.07,3.748,24,44.000,65535.000,255,0.001900,0.000300,87,17,100,65535,1,1285,-1.02,-0.90,-0.21,-0.12,0.16,0.21,29.1,0,254,-9,12,37.4,402,402,487
23/09/2019 09:46:11.410,118,29.7,-3276.8,-13,0.01,0.04,3.756,26,44.000,65535.000,255,0.001800,0.000300,88,17,100,65535,1,1286,-1.02,-0.90,-0.20,-0.12,0.16,0.20,29.1,0,254,0,12,37.4,415,420,493
23/09/2019 09:46:12.410,119,29.8,-3276.8,-14,0.02,0.07,3.759,26,45.000,65535.000,255,0.001800,0.000280,90,17,100,65535,1,1287,-1.02,-0.91,-0.24,-0.14,0.15,0.22,29.1,0,254,-3,12,37.4,424,434,497
23/09/2019 09:46:13.410,117,29.8,-3276.8,-14,0.02,0.06,3.759,26,44.000,65535.000,255,0.002280,0.000320,91,17,100,65535,1,1288,-1.01,-0.92,-0.21,-0.13,0.15,0.20,29.1,0,254,0,12,37.4,418,425,496
23/09/2019 09:46:14.410,119,29.7,-3276.8,-14,0.02,0.12,3.760,26,48.000,65535.000,255,0.002280,0.000280,92,17,100,65535,1,1289,-1.01,-0.78,-0.22,-0.15,0.16,0.22,29.1,0,254,-3,12,37.4,416,421,496
23/09/2019 09:46:15.410,117,29.7,-3276.8,-14,0.02,0.09,3.761,26,47.000,65535.000,255,0.002140,0.000240,93,18,100,65535,1,1290,-1.13,-0.91,-0.22,-0.13,0.16,0.22,29.1,0,254,0,12,37.4,414,421,494
23/09/2019 09:46:16.410,114,29.4,-3276.8,-15,0.02,0.07,3.762,27,53.000,65535.000,255,0.002140,0.000240,94,18,100,65535,1,1291,-1.04,-0.90,-0.21,-0.12,0.15,0.19,29.1,0,254,-5,12,37.4,415,421,495
23/09/2019 09:46:17.410,115,29.4,-3276.8,-14,0.02,0.09,3.758,26,50.000,65535.000,255,0.001960,0.000200,95,18,100,65535,1,1292,-1.03,-0.92,-0.27,-0.13,0.16,0.22,29.1,0,254,0,12,37.4,415,420,495
23/09/2019 09:46:18.410,114,29.1,-3276.8,-14,0.02,0.04,3.743,23,51.000,65535.000,255,0.001960,0.000200,96,18,100,65535,1,1293,-1.02,-0.92,-0.24,-0.13,0.15,0.19,29.1,0,254,0,12,37.4,415,420,495
23/09/2019 09:46:19.410,114,29.1,-3276.8,-14,0.01,0.04,3.727,21,50.000,65535.000,255,0.001880,0.000220,96,19,100,65535,1,1294,-1.02,-0.92,-0.24,-0.14,0.15,0.21,29.1,0,254,0,12,37.4,415,421,495
23/09/2019 09:46:20.410,112,29.0,-3276.8,-15,0.01,0.03,3.722,20,48.000,65535.000,255,0.001880,0.000180,97,19,100,65535,1,1295,-1.02,-0.93,-0.22,-0.14,0.16,0.20,29.1,0,254,0,12,37.4,415,420,495
23/09/2019 09:46:21.410,107,29.0,-3276.8,-14,0.01,0.03,3.730,21,48.000,65535.000,255,0.002000,0.000140,97,20,100,65535,1,1296,-1.01,-0.92,-0.22,-0.14,0.16,0.19,29.1,0,254,-8,12,37.4,415,420,495
23/09/2019 09:46:22.410,102,26.4,-3276.8,-14,0.02,0.08,3.740,23,48.000,65535.000,255,0.002000,0.000160,97,22,100,65535,1,1297,-1.03,-0.89,-0.22,-0.14,0.16,0.20,29.1,0,254,-4,12,37.4,415,420,495
23/09/2019 09:46:23.410,102,26.4,-3276.8,-14,0.01,0.07,3.750,25,44.000,65535.000,255,0.002080,0.000160,98,23,100,65535,1,1298,-1.03,-0.91,-0.24,-0.15,0.16,0.20,29.1,0,254,0,12,37.4,414,421,495
23/09/2019 09:46:24.410,103,24.4,-3276.8,-14,0.01,0.04,3.757,26,42.000,65535.000,255,0.002080,0.000180,98,24,100,65535,1,1299,-1.02,-0.92,-0.22,-0.14,0.15,0.19,29.1,0,254,0,12,37.4,415,420,495
23/09/2019 09:46:25.410,108,24.4,-3276.8,-14,0.01,0.03,3.759,26,44.000,65535.000,255,0.002200,0.000180,98,24,100,65535,1,1300,-1.02,-0.93,-0.22,-0.14,0.15,0.20,29.1,0,254,0,12,37.4,415,421,496
23/09/2019 09:46:26.410,110,22.9,-3276.8,-14,0.01,0.03,3.760,26,45.000,65535.000,255,0.002200,0.000180,99,24,100,65535,1,1301,-1.01,-0.93,-0.22,-0.14,0.16,0.20,29.1,0,254,0,12,37.4,414,420,494
23/09/2019 09:46:27.410,111,22.9,-3276.8,-14,0.01,0.06,3.760,26,45.000,65535.000,255,0.002220,0.000140,99,25,100,65535,1,1302,-1.02,-0.91,-0.22,-0.15,0.15,0.19,29.1,0,254,0,12,37.4,415,421,495
23/09/2019 09:46:28.410,109,21.8,-3276.8,-14,0.01,0.03,3.760,26,46.000,65535.000,255,0.002220,0.000140,99,25,100,65535,1,1303,-1.01,-0.93,-0.24,-0.13,0.15,0.19,29.1,0,254,0,12,37.4,414,421,495
23/09/2019 09:46:29.410,109,21.8,-3276.8,-15,0.02,0.04,3.762,27,49.000,65535.000,255,0.002020,0.000120,99,25,100,65535,1,1304,-1.01,-0.95,-0.24,-0.14,0.16,0.20,29.1,0,254,0,12,37.4,414,420,495
23/09/2019 09:46:30.410,108,20.8,-3276.8,-15,0.01,0.04,3.756,26,49.000,65535.000,255,0.002020,0.000140,99,26,100,65535,1,1305,-1.02,-0.92,-0.24,-0.14,0.15,0.20,29.1,0,254,0,12,37.4,414,420,495
23/09/2019 09:46:31.410,102,20.8,-3276.8,-14,0.02,0.03,3.737,22,49.000,65535.000,255,0.002020,0.000140,99,28,100,65535,1,1306,-1.01,-0.93,-0.22,-0.14,0.15,0.21,29.1,0,254,0,12,37.4,414,428,491
23/09/2019 09:46:32.410,99,20.2,-3276.8,-14,0.02,0.06,3.723,20,51.000,65535.000,255,0.002020,0.000160,99,28,100,65535,1,1307,-1.04,-0.92,-0.22,-0.13,0.15,0.20,29.1,0,254,0,12,37.4,402,413,469
23/09/2019 09:46:33.410,103,20.2,-3276.8,-15,0.02,0.06,3.723,20,56.000,65535.000,255,0.002260,0.000200,99,29,100,65535,1,1308,-1.02,-0.91,-0.22,-0.13,0.16,0.21,29.1,0,254,0,12,37.4,383,387,489
23/09/2019 09:46:34.410,106,20.0,-3276.8,-15,0.03,0.06,3.733,22,53.000,65535.000,255,0.002260,0.000180,100,29,100,65535,1,1309,-1.02,-0.91,-0.24,-0.14,0.15,0.22,29.1,0,254,0,12,37.5,414,420,495
23/09/2019 09:46:35.410,106,20.0,-3276.8,-15,0.01,0.07,3.743,23,54.000,65535.000,255,0.002320,0.000160,100,30,100,65535,1,1310,-1.02,-0.91,-0.26,-0.10,0.14,0.20,29.1,0,254,0,12,37.5,424,433,503
23/09/2019 09:46:36.410,103,19.8,-3276.8,-15,0.01,0.03,3.753,25,53.000,65535.000,255,0.002320,0.000180,100,31,100,65535,1,1311,-1.01,-0.92,-0.22,-0.14,0.15,0.20,29.2,0,254,0,12,37.5,423,424,501
23/09/2019 09:46:37.410,105,19.8,-3276.8,-15,0.02,0.06,3.751,25,58.000,65535.000,255,0.002160,0.000160,100,31,100,65535,1,1312,-1.01,-0.89,-0.24,-0.15,0.16,0.22,29.2,0,254,0,12,37.5,416,420,496
23/09/2019 09:46:38.410,104,19.6,-3276.8,-15,0.01,0.06,3.741,23,59.000,65535.000,255,0.002160,0.000140,100,32,100,65535,1,1313,-1.01,-0.91,-0.24,-0.14,0.16,0.24,29.2,0,254,0,12,37.5,414,421,494
23/09/2019 09:46:39.410,100,19.6,-3276.8,-15,0.01,0.04,3.731,21,61.000,65535.000,255,0.002160,0.000140,100,34,100,65535,1,1314,-1.02,-0.93,-0.22,-0.14,0.16,0.20,29.2,0,254,0,12,37.5,415,420,495
23/09/2019 09:46:40.410,95,19.3,-3276.8,-14,0.01,0.04,3.721,20,63.000,65535.000,255,0.002160,0.000120,100,37,100,65535,1,1315,-1.02,-0.93,-0.25,-0.15,0.14,0.19,29.2,0,254,0,12,37.5,415,420,495
23/09/2019 09:46:41.410,94,19.3,-3276.8,-15,0.01,0.04,3.712,18,63.000,65535.000,255,0.002200,0.000120,100,37,100,65535,1,1316,-1.00,-0.91,-0.24,-0.15,0.15,0.20,29.2,0,254,0,12,37.5,415,420,495
23/09/2019 09:46:42.410,95,18.9,-3276.8,-14,0.02,0.06,3.713,18,59.000,65535.000,255,0.002200,0.000120,100,38,100,65535,1,1317,-1.02,-0.93,-0.24,-0.12,0.15,0.20,29.2,0,254,0,12,37.5,415,420,495
23/09/2019 09:46:43.410,95,18.9,-3276.8,-14,0.01,0.04,3.709,18,57.000,65535.000,255,0.002180,0.000120,100,39,100,65535,1,1318,-1.00,-0.93,-0.22,-0.13,0.16,0.19,29.2,0,254,0,12,37.5,415,421,495
23/09/2019 09:46:44.410,93,18.6,-3276.8,-15,0.02,0.06,3.699,16,55.000,65535.000,255,0.002180,0.000140,100,41,100,65535,1,1319,-1.02,-0.93,-0.25,-0.14,0.15,0.22,29.2,0,254,0,12,37.5,415,420,494
23/09/2019 09:46:45.410,95,18.6,-3276.8,-15,0.02,0.04,3.693,15,54.000,65535.000,255,0.002160,0.000160,100,42,100,65535,1,1320,-1.01,-0.92,-0.24,-0.15,0.15,0.20,29.2,0,254,0,12,37.5,415,420,495
23/09/2019 09:46:46.410,97,17.0,-3276.8,-15,0.01,0.03,3.703,17,52.000,65535.000,255,0.002160,0.000140,100,42,100,65535,1,1321,-1.01,-0.91,-0.22,-0.15,0.15,0.19,29.2,0,254,0,12,37.5,415,420,495
23/09/2019 09:46:47.410,96,17.0,-3276.8,-14,0.01,0.06,3.714,19,51.000,65535.000,255,0.002120,0.000160,100,43,100,65535,1,1322,-1.02,-0.93,-0.22,-0.13,0.15,0.20,29.2,0,254,0,12,37.5,415,421,494
23/09/2019 09:46:48.410,97,15.6,-3276.8,-15,0.02,0.04,3.724,20,52.000,65535.000,255,0.002120,0.000120,100,44,100,65535,1,1323,-1.02,-0.92,-0.24,-0.15,0.16,0.21,29.2,0,254,0,12,37.5,415,420,495
23/09/2019 09:46:49.410,98,15.6,-3276.8,-15,0.01,0.04,3.734,22,47.000,65535.000,255,0.002180,0.000100,100,44,100,65535,1,1324,-1.01,-0.92,-0.22,-0.15,0.16,0.20,29.2,0,254,0,12,37.5,415,420,495
23/09/2019 09:46:50.410,95,14.7,-3276.8,-15,0.01,0.04,3.744,24,46.000,65535.000,255,0.002180,0.000120,100,46,100,65535,1,1325,-1.03,-0.92,-0.25,-0.16,0.16,0.20,29.2,0,254,0,12,37.5,414,421,494
23/09/2019 09:46:51.410,96,14.7,-3276.8,-15,0.02,0.04,3.754,25,52.000,65535.000,255,0.002180,0.000100,100,46,100,65535,1,1326,-1.00,-0.91,-0.25,-0.16,0.16,0.20,29.2,0,254,0,12,37.5,415,420,495
23/09/2019 09:46:52.410,97,14.1,-3276.8,-15,0.01,0.06,3.758,26,49.000,65535.000,255,0.002180,0.000100,100,46,100,65535,1,1327,-1.00,-0.92,-0.25,-0.14,0.16,0.20,29.2,0,254,0,12,37.5,415,420,496
23/09/2019 09:46:53.410,98,14.1,-3276.8,-15,0.01,0.03,3.759,26,51.000,65535.000,255,0.002160,0.000100,100,47,100,65535,1,1328,-1.01,-0.91,-0.24,-0.18,0.16,0.20,29.2,0,254,0,12,37.5,426,426,491
23/09/2019 09:46:54.410,97,13.6,-3276.8,-15,0.01,0.03,3.760,26,50.000,65535.000,255,0.002160,0.000100,100,48,100,65535,1,1329,-1.01,-0.92,-0.25,-0.16,0.15,0.20,29.2,0,254,0,12,37.5,411,408,486
23/09/2019 09:46:55.410,98,13.6,-3276.8,-15,0.01,0.03,3.758,26,52.000,65535.000,255,0.002120,0.000080,100,48,100,65535,1,1330,-1.01,-0.92,-0.24,-0.16,0.16,0.20,29.2,0,254,0,12,37.5,405,404,476
23/09/2019 09:46:56.410,98,13.5,-3276.8,-15,0.01,0.04,3.745,24,47.000,65535.000,255,0.002120,0.000080,100,48,100,65535,1,1331,-1.00,-0.92,-0.25,-0.15,0.16,0.19,29.2,0,254,0,12,37.5,399,405,480
23/09/2019 09:46:57.410,95,13.5,-3276.8,-15,0.01,0.03,3.728,21,46.000,65535.000,255,0.002120,0.000080,100,50,100,65535,1,1332,-1.01,-0.92,-0.22,-0.16,0.15,0.19,29.2,0,254,0,12,37.5,414,421,495
23/09/2019 09:46:58.410,92,13.3,-3276.8,-15,0.01,0.04,3.721,20,45.000,65535.000,255,0.002120,0.000060,100,50,100,65535,1,1333,-1.02,-0.91,-0.24,-0.16,0.15,0.20,29.2,0,254,0,12,37.5,415,420,495
23/09/2019 09:46:59.410,96,13.3,-3276.8,-15,0.01,0.03,3.728,21,55.000,65535.000,255,0.002140,0.000080,100,51,100,65535,1,1334,-1.00,-0.92,-0.25,-0.16,0.16,0.21,29.2,0,254,0,12,37.5,425,430,507
23/09/2019 09:47:00.410,98,13.2,-3276.8,-15,0.01,0.03,3.738,23,52.000,65535.000,255,0.002140,0.000080,100,51,100,65535,1,1335,-1.01,-0.92,-0.24,-0.15,0.16,0.21,29.2,0,254,0,12,37.5,419,424,495
23/09/2019 09:47:01.410,97,13.2,-3276.8,-15,0.01,0.03,3.748,24,54.000,65535.000,255,0.002140,0.000100,100,52,100,65535,1,1336,-1.01,-0.92,-0.22,-0.15,0.15,0.19,29.2,0,254,0,12,37.5,415,420,495
23/09/2019 09:47:02.410,93,13.4,-3276.8,-15,0.01,0.04,3.756,26,59.000,65535.000,255,0.002140,0.000100,100,54,100,65535,1,1337,-1.02,-0.93,-0.24,-0.15,0.15,0.20,29.2,0,254,0,12,37.5,414,420,495
23/09/2019 09:47:03.410,91,13.4,-3276.8,-15,0.01,0.03,3.758,26,60.000,65535.000,255,0.002200,0.000140,100,55,100,65535,1,1338,-1.01,-0.93,-0.26,-0.18,0.16,0.21,29.2,0,254,0,12,37.5,415,420,493
23/09/2019 09:47:04.410,93,13.5,-3276.8,-16,0.02,0.06,3.759,26,70.000,65535.000,255,0.002200,0.000120,100,56,100,65535,1,1339,-1.01,-0.91,-0.25,-0.16,0.16,0.22,29.2,0,254,0,12,37.5,415,420,495
23/09/2019 09:47:05.410,92,13.5,-3276.8,-15,0.01,0.03,3.759,26,64.000,65535.000,255,0.002200,0.000080,100,56,100,65535,1,1340,-1.00,-0.92,-0.24,-0.16,0.16,0.21,29.2,0,254,0,12,37.5,416,420,495
23/09/2019 09:47:06.410,89,13.7,-3276.8,-15,0.02,0.04,3.760,26,66.000,65535.000,255,0.002200,0.000100,100,58,100,65535,1,1341,-1.02,-0.92,-0.26,-0.16,0.15,0.20,29.2,0,254,0,12,37.5,414,420,495
23/09/2019 09:47:07.410,86,13.7,-3276.8,-15,0.01,0.04,3.761,26,66.000,65535.000,255,0.002240,0.000100,100,59,100,65535,1,1342,-1.01,-0.92,-0.25,-0.15,0.16,0.20,29.2,0,254,0,12,37.5,415,420,494
23/09/2019 09:47:08.410,86,13.8,-3276.8,-15,0.01,0.04,3.757,26,64.000,65535.000,255,0.002240,0.000100,100,60,100,65535,1,1343,-1.01,-0.92,-0.25,-0.15,0.16,0.21,29.2,0,254,0,12,37.5,414,420,495
23/09/2019 09:47:09.410,86,13.8,-3276.8,-15,0.01,0.04,3.740,23,65.000,65535.000,255,0.002240,0.000120,100,62,100,65535,1,1344,-1.01,-0.91,-0.24,-0.16,0.15,0.22,29.3,0,254,0,12,37.5,415,421,495
23/09/2019 09:47:10.410,84,13.6,-3276.8,-15,0.02,0.06,3.725,20,60.000,65535.000,255,0.002240,0.000120,100,63,100,65535,1,1345,-1.03,-0.92,-0.25,-0.14,0.15,0.21,29.3,0,254,0,12,37.5,415,421,494
23/09/2019 09:47:11.410,85,13.6,-3276.8,-15,0.01,0.03,3.722,20,56.000,65535.000,255,0.002160,0.000120,100,64,100,65535,1,1346,-1.01,-0.92,-0.24,-0.16,0.16,0.20,29.3,0,254,0,12,37.5,416,420,496
23/09/2019 09:47:12.410,87,13.5,-3276.8,-15,0.01,0.06,3.730,21,52.000,65535.000,255,0.002160,0.000140,100,64,100,65535,1,1347,-1.01,-0.92,-0.24,-0.14,0.15,0.20,29.3,0,254,0,12,37.5,414,420,495
23/09/2019 09:47:13.410,89,13.5,-3276.8,-15,0.02,0.06,3.740,23,54.000,65535.000,255,0.002160,0.000140,100,65,100,65535,1,1348,-1.01,-0.91,-0.25,-0.16,0.16,0.22,29.3,0,254,0,12,37.5,414,421,495
23/09/2019 09:47:14.410,94,13.3,-3276.8,-16,0.02,0.04,3.750,25,59.000,65535.000,255,0.002160,0.000120,100,65,100,65535,1,1349,-1.00,-0.91,-0.25,-0.16,0.16,0.22,29.3,0,254,0,12,37.5,415,420,495
23/09/2019 09:47:15.410,93,13.3,-3276.8,-16,0.01,0.04,3.757,26,54.000,65535.000,255,0.002200,0.000100,100,66,100,65535,1,1350,-1.01,-0.93,-0.25,-0.14,0.16,0.20,29.3,0,254,0,12,37.5,415,420,494
23/09/2019 09:47:16.410,90,13.2,-3276.8,-15,0.01,0.03,3.759,26,54.000,65535.000,255,0.002200,0.000080,100,67,100,65535,1,1351,-1.01,-0.92,-0.24,-0.15,0.15,0.20,29.3,0,254,0,12,37.5,400,417,482
23/09/2019 09:47:17.410,86,13.2,-3276.8,-15,0.01,0.04,3.759,26,52.000,65535.000,255,0.002160,0.000120,100,69,100,65535,1,1352,-1.02,-0.93,-0.25,-0.16,0.15,0.19,29.4,0,254,0,12,37.5,405,416,471
23/09/2019 09:47:18.410,83,13.4,-3276.8,-15,0.01,0.03,3.760,26,47.000,65535.000,255,0.002160,0.000140,100,70,100,65535,1,1353,-1.01,-0.92,-0.24,-0.16,0.15,0.20,29.4,0,254,0,12,37.5,415,421,494
23/09/2019 09:47:19.410,82,13.4,-3276.8,-15,0.01,0.03,3.761,26,46.000,65535.000,255,0.002160,0.000120,100,71,100,65535,1,1354,-1.01,-0.93,-0.25,-0.15,0.15,0.19,29.4,0,254,-9,12,37.5,415,420,495
23/09/2019 09:47:20.410,81,13.5,-3276.8,-15,0.02,0.04,3.762,27,49.000,65535.000,255,0.002160,0.000160,100,73,100,65535,1,1355,-1.01,-0.91,-0.25,-0.15,0.16,0.22,29.4,0,254,0,12,37.5,430,431,504
23/09/2019 09:47:21.410,86,13.5,-3276.8,-15,0.03,0.07,3.755,25,48.000,65535.000,255,0.002200,0.000220,100,73,100,65535,1,1356,-1.02,-0.92,-0.22,-0.12,0.16,0.20,29.4,0,254,0,12,37.5,417,422,496
23/09/2019 09:47:22.410,92,13.4,-3276.8,-14,0.03,0.07,3.735,22,46.000,65535.000,255,0.002200,0.000300,100,73,100,65535,1,1357,-1.02,-0.93,-0.18,-0.09,0.16,0.20,29.4,0,254,0,12,37.5,415,421,495
23/09/2019 09:47:23.410,97,13.4,-3276.8,-13,0.03,0.07,3.721,20,52.000,65535.000,255,0.002080,0.000660,100,73,100,65535,1,1358,-1.02,-0.90,-0.21,-0.09,0.16,0.24,29.4,0,254,0,12,37.5,415,420,494
23/09/2019 09:47:24.410,96,13.4,-3276.8,-13,0.03,0.07,3.724,20,51.000,65535.000,255,0.002080,0.000580,95,73,100,65535,1,1359,-1.06,-0.90,-0.20,-0.10,0.15,0.22,29.4,0,254,0,12,37.5,416,420,495
23/09/2019 09:47:25.410,95,13.4,-3276.8,-13,0.02,0.20,3.734,22,48.000,65535.000,255,0.002020,0.000560,90,73,100,65535,1,1360,-1.18,-0.85,-0.20,-0.09,0.07,0.30,29.4,0,254,-6,12,37.5,415,421,496
23/09/2019 09:47:26.410,93,13.5,-3276.8,-13,0.04,0.08,3.744,24,50.000,65535.000,255,0.002020,0.000420,90,73,100,65535,1,1361,-1.03,-0.87,-0.18,-0.10,0.15,0.25,29.4,0,254,0,12,37.5,414,420,494
23/09/2019 09:47:27.410,92,13.5,-3276.8,-13,0.01,0.04,3.753,25,46.000,65535.000,255,0.001940,0.000300,91,74,100,65535,1,1362,-1.02,-0.93,-0.19,-0.12,0.16,0.20,29.4,0,254,0,12,37.5,414,421,494
23/09/2019 09:47:28.410,90,13.6,-3276.8,-13,0.02,0.04,3.758,26,41.000,65535.000,255,0.001940,0.000280,92,75,100,65535,1,1363,-1.00,-0.92,-0.20,-0.13,0.16,0.21,29.4,0,254,0,12,37.5,414,420,495
23/09/2019 09:47:29.410,90,13.6,-3276.8,-14,0.02,0.04,3.759,26,42.000,65535.000,255,0.001920,0.000240,93,75,100,65535,1,1364,-1.02,-0.91,-0.20,-0.13,0.16,0.22,29.4,0,254,-4,12,37.5,415,420,495
23/09/2019 09:47:30.410,90,13.8,-3276.8,-15,0.02,0.04,3.759,26,40.000,65535.000,255,0.001920,0.000220,94,76,100,65535,1,1365,-1.01,-0.92,-0.21,-0.12,0.16,0.24,29.4,0,254,0,12,37.5,415,421,494
23/09/2019 09:47:31.410,88,13.8,-3276.8,-15,0.01,0.03,3.760,26,35.000,65535.000,255,0.001800,0.000200,95,76,100,65535,1,1366,-1.01,-0.92,-0.21,-0.12,0.16,0.20,29.4,0,254,0,12,37.5,415,420,495
23/09/2019 09:47:32.410,85,14.1,-3276.8,-15,0.01,0.03,3.760,26,34.000,65535.000,255,0.001800,0.000200,96,77,100,65535,1,1367,-1.01,-0.92,-0.20,-0.13,0.16,0.21,29.4,0,254,0,12,37.5,415,421,494
23/09/2019 09:47:33.410,87,14.1,-3276.8,-15,0.01,0.04,3.760,26,33.000,65535.000,255,0.002140,0.000200,96,77,100,65535,1,1368,-1.00,-0.93,-0.21,-0.12,0.16,0.21,29.4,0,254,0,12,37.5,415,420,494
23/09/2019 09:47:34.410,89,14.3,-3276.8,-15,0.01,0.04,3.749,24,31.000,65535.000,255,0.002140,0.000160,97,78,100,65535,1,1369,-1.00,-0.93,-0.19,-0.12,0.16,0.20,29.4,0,254,0,12,37.5,415,420,495
23/09/2019 09:47:35.410,89,14.3,-3276.8,-13,0.02,0.04,3.731,21,30.000,65535.000,255,0.002040,0.000160,97,79,100,65535,1,1370,-1.01,-0.91,-0.19,-0.12,0.15,0.20,29.4,0,254,0,12,37.5,423,428,503
23/09/2019 09:47:36.410,86,14.5,-3276.8,-14,0.02,0.08,3.722,20,29.000,65535.000,255,0.002040,0.000200,97,79,100,65535,1,1371,-1.12,-0.91,-0.21,-0.14,0.16,0.21,29.4,0,254,0,12,37.5,405,412,491
23/09/2019 09:47:37.410,89,14.5,-3276.8,-14,0.01,0.10,3.718,19,31.000,65535.000,255,0.002040,0.000220,98,80,100,65535,1,1372,-1.03,-0.90,-0.26,-0.09,0.15,0.22,29.4,0,254,0,12,37.5,416,420,495
23/09/2019 09:47:38.410,89,13.4,-3276.8,-14,0.02,0.04,3.714,19,33.000,65535.000,255,0.002040,0.000180,98,80,100,65535,1,1373,-1.02,-0.92,-0.20,-0.12,0.16,0.21,29.4,0,254,0,12,37.5,415,421,494
23/09/2019 09:47:39.410,86,13.4,-3276.8,-13,0.02,0.06,3.712,18,41.000,65535.000,255,0.002240,0.000180,98,81,100,65535,1,1374,-1.01,-0.90,-0.20,-0.08,0.15,0.22,29.4,0,254,0,12,37.5,424,434,504
23/09/2019 09:47:40.410,87,12.3,-3276.8,-13,0.03,0.08,3.711,18,40.000,65535.000,255,0.002240,0.000240,99,81,100,65535,1,1375,-1.03,-0.90,-0.19,-0.08,0.16,0.27,29.4,0,254,0,12,37.5,419,427,499
23/09/2019 09:47:41.410,91,12.3,-3276.8,-13,0.02,0.04,3.710,18,41.000,65535.000,255,0.002420,0.000260,99,81,100,65535,1,1376,-1.00,-0.92,-0.15,-0.09,0.16,0.22,29.4,0,254,0,12,37.5,415,422,495
23/09/2019 09:47:42.410,92,11.7,-3276.8,-13,0.01,0.04,3.714,19,39.000,65535.000,255,0.002420,0.000240,99,81,100,65535,1,1377,-1.00,-0.92,-0.15,-0.09,0.16,0.22,29.4,0,254,0,12,37.5,415,421,494
23/09/2019 09:47:43.410,88,11.7,-3276.8,-13,0.01,0.04,3.724,20,37.000,65535.000,255,0.002380,0.000220,99,82,100,65535,1,1378,-1.02,-0.92,-0.16,-0.08,0.16,0.21,29.4,0,254,0,12,37.5,414,420,494
23/09/2019 09:47:44.410,87,11.2,-3276.8,-13,0.01,0.03,3.734,22,35.000,65535.000,255,0.002380,0.000240,99,83,100,65535,1,1379,-1.01,-0.92,-0.16,-0.10,0.16,0.21,29.4,0,254,0,12,37.5,415,419,494
23/09/2019 09:47:45.410,90,11.2,-3276.8,-14,0.02,0.04,3.744,24,37.000,65535.000,255,0.002340,0.000220,99,83,100,65535,1,1380,-1.00,-0.92,-0.16,-0.09,0.16,0.22,29.4,0,254,0,12,37.5,415,420,495
23/09/2019 09:47:46.410,89,10.8,-3276.8,-14,0.01,0.04,3.749,24,34.000,65535.000,255,0.002340,0.000200,99,83,100,65535,1,1381,-1.01,-0.91,-0.16,-0.09,0.16,0.24,29.4,0,254,0,12,37.5,415,419,495
23/09/2019 09:47:47.410,85,10.8,-3276.8,-13,0.01,0.03,3.738,23,30.000,65535.000,255,0.002380,0.000180,99,84,100,65535,1,1382,-1.00,-0.90,-0.19,-0.10,0.16,0.22,29.4,0,254,0,12,37.5,415,420,495
23/09/2019 09:47:48.410,80,10.4,-3276.8,-13,0.01,0.03,3.725,20,27.000,65535.000,255,0.002380,0.000160,100,85,100,65535,1,1383,-1.00,-0.92,-0.16,-0.10,0.16,0.22,29.4,0,254,0,12,37.5,414,420,494
23/09/2019 09:47:49.410,77,10.4,-3276.8,-14,0.02,0.10,3.719,19,25.000,65535.000,255,0.002260,0.000180,100,87,100,65535,1,1384,-1.01,-0.92,-0.31,-0.10,0.16,0.22,29.4,0,254,0,12,37.5,415,420,495
23/09/2019 09:47:50.410,81,10.1,-3276.8,-14,0.02,0.04,3.727,21,29.000,65535.000,255,0.002260,0.000180,100,87,100,65535,1,1385,-1.01,-0.91,-0.16,-0.09,0.16,0.25,29.4,0,254,0,12,37.5,415,420,495
23/09/2019 09:47:51.410,85,10.1,-3276.8,-14,0.02,0.10,3.737,22,30.000,65535.000,255,0.002200,0.000180,100,87,100,65535,1,1386,-1.00,-0.91,-0.18,0.03,0.19,0.26,29.4,0,254,0,12,37.5,415,421,495
23/09/2019 09:47:52.410,86,9.4,-3276.8,-14,0.01,0.04,3.747,24,28.000,65535.000,255,0.002200,0.000160,100,88,100,65535,1,1387,-1.01,-0.90,-0.16,-0.09,0.16,0.25,29.4,0,254,0,12,37.5,415,420,494
23/09/2019 09:47:53.410,85,9.4,-3276.8,-14,0.01,0.03,3.755,25,28.000,65535.000,255,0.002300,0.000140,100,89,100,65535,1,1388,-0.98,-0.92,-0.16,-0.12,0.16,0.24,29.4,0,254,0,12,37.5,415,420,495
23/09/2019 09:47:54.410,83,8.7,-3276.8,-14,0.01,0.03,3.758,26,30.000,65535.000,255,0.002300,0.000140,100,89,100,65535,1,1389,-1.00,-0.92,-0.18,-0.10,0.16,0.22,29.4,0,254,0,12,37.5,415,420,495
23/09/2019 09:47:55.410,81,8.7,-3276.8,-14,0.02,0.03,3.759,26,34.000,65535.000,255,0.002320,0.000160,100,90,100,65535,1,1390,-1.00,-0.92,-0.18,-0.12,0.16,0.24,29.4,0,254,0,12,37.5,409,422,482
23/09/2019 09:47:56.410,82,8.2,-3276.8,-14,0.02,0.04,3.759,26,33.000,65535.000,255,0.002320,0.000160,100,90,100,65535,1,1391,-1.01,-0.90,-0.19,-0.10,0.16,0.21,29.4,0,254,0,12,37.5,407,404,490
23/09/2019 09:47:57.410,89,8.2,-3276.8,-14,0.02,0.04,3.759,26,39.000,65535.000,255,0.002260,0.000220,100,90,100,65535,1,1392,-1.00,-0.92,-0.19,-0.12,0.16,0.24,29.4,0,254,0,12,37.5,415,420,494
23/09/2019 09:47:58.410,94,7.7,-3276.8,-15,0.02,0.09,3.759,26,40.000,65535.000,255,0.002260,0.000220,100,90,100,65535,1,1393,-0.98,-0.91,-0.31,-0.10,0.18,0.26,29.4,0,254,0,12,37.5,415,420,495
23/09/2019 09:47:59.410,94,7.7,-3276.8,-14,0.02,0.03,3.754,25,37.000,65535.000,255,0.002220,0.000180,100,90,100,65535,1,1394,-1.00,-0.91,-0.18,-0.10,0.16,0.25,29.5,0,254,0,12,37.5,424,432,500
23/09/2019 09:48:00.410,90,7.5,-3276.8,-14,0.01,0.03,3.737,22,33.000,65535.000,255,0.002220,0.000160,100,91,100,65535,1,1395,-1.00,-0.92,-0.16,-0.10,0.18,0.24,29.5,0,254,0,12,37.5,416,420,495
23/09/2019 09:48:01.410,86,7.5,-3276.8,-14,0.01,0.03,3.723,20,31.000,65535.000,255,0.002200,0.000140,100,91,100,65535,1,1396,-1.00,-0.92,-0.18,-0.12,0.18,0.24,29.5,0,254,0,12,37.5,414,420,494
23/09/2019 09:48:02.410,82,7.4,-3276.8,-14,0.01,0.03,3.722,20,31.000,65535.000,255,0.002200,0.000120,100,92,100,65535,1,1397,-1.00,-0.92,-0.19,-0.09,0.16,0.21,29.5,0,254,0,12,37.5,416,420,495
23/09/2019 09:48:03.410,79,7.4,-3276.8,-15,0.01,0.03,3.732,22,31.000,65535.000,255,0.002220,0.000100,100,93,100,65535,1,1398,-1.00,-0.92,-0.19,-0.12,0.16,0.22,29.5,0,254,0,12,37.5,415,420,495
23/09/2019 09:48:04.410,78,7.2,-3276.8,-15,0.01,0.04,3.742,23,30.000,65535.000,255,0.002220,0.000120,100,94,100,65535,1,1399,-1.00,-0.90,-0.20,-0.12,0.16,0.24,29.5,0,254,0,12,37.5,414,420,494
23/09/2019 09:48:05.410,82,7.2,-3276.8,-15,0.02,0.03,3.752,25,33.000,65535.000,255,0.002320,0.000160,100,94,100,65535,1,1400,-1.00,-0.91,-0.19,-0.12,0.16,0.24,29.5,0,254,0,12,37.5,414,419,495
23/09/2019 09:48:06.410,86,7.1,-3276.8,-15,0.01,0.06,3.755,25,32.000,65535.000,255,0.002320,0.000140,100,94,100,65535,1,1401,-1.00,-0.90,-0.19,-0.13,0.18,0.26,29.5,0,254,0,12,37.5,415,420,494
23/09/2019 09:48:07.410,91,7.1,-3276.8,-14,0.02,0.04,3.758,26,28.000,65535.000,255,0.002340,0.000140,100,94,100,65535,1,1402,-1.00,-0.90,-0.19,-0.10,0.18,0.24,29.5,0,254,0,12,37.5,414,420,495
23/09/2019 09:48:08.410,89,7.3,-3276.8,-15,0.01,0.03,3.759,26,27.000,65535.000,255,0.002340,0.000140,100,95,100,65535,1,1403,-0.98,-0.91,-0.20,-0.12,0.16,0.22,29.5,0,254,0,12,37.5,414,420,495
23/09/2019 09:48:09.410,85,7.3,-3276.8,-15,0.01,0.03,3.760,26,29.000,65535.000,255,0.002220,0.000200,100,95,100,65535,1,1404,-1.01,-0.91,-0.19,-0.12,0.16,0.24,29.5,0,254,0,12,37.5,415,420,495
23/09/2019 09:48:10.410,84,7.5,-3276.8,-15,0.01,0.03,3.761,26,28.000,65535.000,255,0.002220,0.000220,100,95,100,65535,1,1405,-1.00,-0.93,-0.19,-0.12,0.16,0.22,29.5,0,254,0,12,37.5,414,420,493
23/09/2019 09:48:11.410,90,7.5,-3276.8,-15,0.02,0.06,3.761,26,32.000,65535.000,255,0.002200,0.000200,100,95,100,65535,1,1406,-1.00,-0.91,-0.18,-0.10,0.18,0.25,29.5,0,254,0,12,37.5,415,420,494
23/09/2019 09:48:12.410,93,7.3,-3276.8,-15,0.02,0.04,3.752,25,32.000,65535.000,255,0.002200,0.000180,100,95,100,65535,1,1407,-0.98,-0.91,-0.18,-0.10,0.18,0.24,29.5,0,254,0,12,37.5,415,420,494
23/09/2019 09:48:13.410,94,7.3,-3276.8,-14,0.02,0.04,3.734,22,29.000,65535.000,255,0.002200,0.000140,100,95,100,65535,1,1408,-1.01,-0.91,-0.18,-0.09,0.16,0.25,29.5,0,254,0,12,37.5,415,419,495
23/09/2019 09:48:14.410,89,7.5,-3276.8,-14,0.01,0.04,3.722,20,27.000,65535.000,255,0.002200,0.000160,100,96,100,65535,1,1409,-1.00,-0.91,-0.19,-0.09,0.18,0.22,29.5,0,254,0,12,37.5,414,420,494
23/09/2019 09:48:15.410,84,7.5,-3276.8,-14,0.01,0.04,3.725,20,26.000,65535.000,255,0.002220,0.000140,100,96,100,65535,1,1410,-1.01,-0.91,-0.18,-0.12,0.18,0.25,29.5,0,254,0,12,37.5,415,420,495
23/09/2019 09:48:16.410,82,7.6,-3276.8,-15,0.01,0.03,3.735,22,28.000,65535.000,255,0.002220,0.000160,100,97,100,65535,1,1411,-1.00,-0.91,-0.19,-0.12,0.16,0.24,29.5,0,254,0,12,37.5,419,418,484
23/09/2019 09:48:17.410,82,7.6,-3276.8,-15,0.01,0.03,3.745,24,27.000,65535.000,255,0.002160,0.000220,100,97,100,65535,1,1412,-1.01,-0.92,-0.20,-0.13,0.16,0.22,29.5,0,254,0,12,37.5,413,418,476
23/09/2019 09:48:18.410,87,7.8,-3276.8,-15,0.02,0.04,3.755,25,27.000,65535.000,255,0.002160,0.000220,100,97,100,65535,1,1413,-0.98,-0.91,-0.19,-0.12,0.16,0.24,29.5,0,254,0,12,37.5,406,415,483
23/09/2019 09:48:19.410,92,7.8,-3276.8,-14,0.01,0.06,3.758,26,24.000,65535.000,255,0.002220,0.000180,100,97,100,65535,1,1414,-1.01,-0.89,-0.19,-0.10,0.16,0.24,29.5,0,254,0,12,37.5,415,420,494
23/09/2019 09:48:20.410,93,7.9,-3276.8,-14,0.01,0.04,3.759,26,22.000,65535.000,255,0.002220,0.000140,100,97,100,65535,1,1415,-1.01,-0.91,-0.19,-0.09,0.18,0.24,29.5,0,254,0,12,37.5,416,420,503
23/09/2019 09:48:21.410,88,7.9,-3276.8,-15,0.01,0.07,3.760,26,21.000,65535.000,255,0.002240,0.000160,100,98,100,65535,1,1416,-1.03,-0.92,-0.19,-0.12,0.16,0.24,29.5,0,254,0,12,37.5,427,429,503
23/09/2019 09:48:22.410,83,8.0,-3276.8,-15,0.01,0.03,3.761,26,21.000,65535.000,255,0.002240,0.000280,100,98,100,65535,1,1417,-1.00,-0.92,-0.20,-0.13,0.16,0.22,29.5,0,254,0,12,37.5,416,423,496
23/09/2019 09:48:23.410,83,8.0,-3276.8,-15,0.02,0.06,3.761,26,24.000,65535.000,255,0.002200,0.000260,100,98,100,65535,1,1418,-1.01,-0.90,-0.22,-0.12,0.16,0.24,29.5,0,254,0,12,37.5,415,420,494
23/09/2019 09:48:24.410,87,8.1,-3276.8,-15,0.02,0.06,3.760,26,31.000,65535.000,255,0.002200,0.000200,100,98,100,65535,1,1419,-1.00,-0.91,-0.20,-0.10,0.19,0.26,29.5,0,254,0,12,37.5,415,420,495
23/09/2019 09:48:25.410,89,8.1,-3276.8,-15,0.02,0.04,3.747,24,33.000,65535.000,255,0.002300,0.000160,100,98,100,65535,1,1420,-1.01,-0.91,-0.19,-0.12,0.18,0.25,29.5,0,254,0,12,37.5,415,419,494
23/09/2019 09:48:26.410,88,8.2,-3276.8,-15,0.01,0.03,3.730,21,30.000,65535.000,255,0.002300,0.000160,100,99,100,65535,1,1421,-1.00,-0.91,-0.19,-0.12,0.16,0.25,29.5,0,254,0,12,37.5,415,421,494
23/09/2019 09:48:27.410,83,8.2,-3276.8,-15,0.01,0.03,3.722,20,28.000,65535.000,255,0.002280,0.000200,100,99,100,65535,1,1422,-1.00,-0.92,-0.19,-0.12,0.16,0.24,29.5,0,254,0,12,37.5,415,420,494
23/09/2019 09:48:28.410,79,8.3,-3276.8,-15,0.02,0.12,3.727,21,32.000,65535.000,255,0.002280,0.000320,100,100,100,65535,1,1423,-1.00,-0.77,-0.21,-0.14,0.16,0.22,29.5,0,254,0,12,37.5,414,420,495
23/09/2019 09:48:29.410,79,8.3,-3276.8,-15,0.02,0.04,3.737,22,32.000,65535.000,255,0.002260,0.000280,100,100,100,65535,1,1424,-1.01,-0.92,-0.22,-0.13,0.16,0.22,29.5,0,254,0,12,37.5,414,420,495
23/09/2019 09:48:30.410,83,8.6,-3276.8,-15,0.02,0.04,3.747,24,31.000,65535.000,255,0.002260,0.000260,100,100,100,65535,1,1425,-1.02,-0.91,-0.22,-0.13,0.16,0.21,29.5,0,254,0,12,37.5,414,421,495
23/09/2019 09:48:31.410,86,8.6,-3276.8,-15,0.03,0.09,3.756,26,40.000,65535.000,255,0.002240,0.000280,100,100,100,65535,1,1426,-1.04,-0.87,-0.27,-0.12,0.16,0.24,29.5,0,254,0,12,37.5,414,419,494
23/09/2019 09:48:32.410,93,9.0,-3276.8,-15,0.02,0.04,3.758,26,38.000,65535.000,255,0.002240,0.000240,100,100,100,65535,1,1427,-1.01,-0.92,-0.21,-0.12,0.16,0.21,29.5,0,254,0,12,37.5,415,421,495
23/09/2019 09:48:33.410,99,9.0,-3276.8,-15,0.02,0.06,3.760,26,36.000,65535.000,255,0.002180,0.000200,100,99,100,65535,1,1428,-1.01,-0.91,-0.24,-0.15,0.16,0.20,29.5,0,254,-1,12,37.5,415,420,495
23/09/2019 09:48:34.410,99,9.4,-3276.8,-15,0.01,0.03,3.760,26,33.000,65535.000,255,0.002180,0.000160,100,99,100,65535,1,1429,-1.01,-0.92,-0.22,-0.15,0.16,0.21,29.5,0,254,0,12,37.5,414,420,495
23/09/2019 09:48:35.410,96,9.4,-3276.8,-15,0.01,0.04,3.761,26,31.000,65535.000,255,0.002100,0.000140,100,99,100,65535,1,1430,-1.02,-0.90,-0.24,-0.14,0.16,0.20,29.5,0,254,0,12,37.5,415,420,495
23/09/2019 09:48:36.410,93,9.8,-3276.8,-15,0.02,0.06,3.761,26,29.000,65535.000,255,0.002100,0.000100,100,99,100,65535,1,1431,-1.00,-0.91,-0.26,-0.15,0.16,0.21,29.5,0,254,0,12,37.5,415,421,495
23/09/2019 09:48:37.410,90,9.8,-3276.8,-15,0.02,0.04,3.749,24,27.000,65535.000,255,0.002040,0.000120,100,99,100,65535,1,1432,-1.02,-0.92,-0.25,-0.18,0.15,0.22,29.5,0,254,0,12,37.5,415,420,495
23/09/2019 09:48:38.410,92,10.1,-3276.8,-17,0.03,0.07,3.720,20,35.000,65535.000,255,0.002040,0.000120,100,99,100,65535,1,1433,-1.01,-0.90,-0.24,-0.15,0.16,0.26,29.5,0,254,0,12,37.5,415,420,494
23/09/2019 09:48:39.410,94,10.1,-3276.8,-16,0.02,0.06,3.694,15,44.000,65535.000,255,0.002080,0.000100,100,98,100,65535,1,1434,-1.01,-0.91,-0.24,-0.14,0.19,0.25,29.5,0,254,0,12,37.5,414,420,495
23/09/2019 09:48:40.410,94,10.3,-3276.8,-16,0.02,0.04,3.682,13,43.000,65535.000,255,0.002080,0.000080,100,98,100,65535,1,1435,-1.00,-0.91,-0.22,-0.14,0.16,0.22,29.5,0,254,0,12,37.5,412,417,479
23/09/2019 09:48:41.410,90,10.3,-3276.8,-15,0.02,0.03,3.682,13,47.000,65535.000,255,0.002100,0.000080,100,98,100,65535,1,1436,-1.00,-0.93,-0.22,-0.15,0.16,0.22,29.5,0,254,0,12,37.5,414,420,496
23/09/2019 09:48:42.410,85,10.4,-3276.8,-15,0.01,0.03,3.691,15,48.000,65535.000,255,0.002100,0.000080,100,98,100,65535,1,1437,-1.01,-0.91,-0.22,-0.15,0.16,0.20,29.5,0,254,-1,12,37.5,418,424,503
23/09/2019 09:48:43.410,82,10.4,-3276.8,-15,0.01,0.03,3.709,18,47.000,65535.000,255,0.002140,0.000060,100,98,100,65535,1,1438,-1.01,-0.91,-0.22,-0.15,0.16,0.20,29.5,0,254,0,12,37.5,419,428,496
23/09/2019 09:48:44.410,84,10.6,-3276.8,-15,0.01,0.04,3.721,20,46.000,65535.000,255,0.002140,0.000080,100,98,100,65535,1,1439,-1.01,-0.91,-0.25,-0.15,0.16,0.21,29.5,0,254,0,12,37.5,415,420,495
23/09/2019 09:48:45.410,90,10.6,-3276.8,-15,0.02,0.06,3.731,21,52.000,65535.000,255,0.002180,0.000080,100,97,100,65535,1,1440,-1.00,-0.90,-0.24,-0.16,0.18,0.25,29.5,0,254,0,12,37.5,415,420,495
23/09/2019 09:48:46.410,93,9.5,-3276.8,-15,0.02,0.04,3.741,23,48.000,65535.000,255,0.002180,0.000100,100,97,100,65535,1,1441,-1.02,-0.92,-0.24,-0.14,0.16,0.22,29.6,0,254,0,12,37.5,415,421,494
23/09/2019 09:48:47.410,92,9.5,-3276.8,-15,0.02,0.06,3.751,25,45.000,65535.000,255,0.002040,0.000100,100,96,100,65535,1,1442,-1.01,-0.92,-0.22,-0.14,0.16,0.22,29.6,0,254,0,12,37.5,415,418,494
23/09/2019 09:48:48.410,88,8.9,-3276.8,-15,0.01,0.03,3.758,26,46.000,65535.000,255,0.002040,0.000080,100,96,100,65535,1,1443,-1.01,-0.92,-0.22,-0.15,0.16,0.20,29.6,0,254,0,12,37.5,414,420,495
23/09/2019 09:48:49.410,84,8.9,-3276.8,-15,0.01,0.04,3.759,26,48.000,65535.000,255,0.001980,0.000100,100,96,100,65535,1,1444,-1.01,-0.92,-0.24,-0.16,0.16,0.20,29.6,0,0,0,12,37.5,414,420,495
23/09/2019 09:48:50.410,83,8.3,-3276.8,-15,0.01,0.04,3.753,25,48.000,65535.000,255,0.001980,0.000120,100,96,100,65535,1,1445,-1.01,-0.92,-0.25,-0.15,0.16,0.20,29.6,0,254,0,12,37.5,415,420,495
23/09/2019 09:48:51.410,86,8.3,-3276.8,-15,0.01,0.04,3.735,22,52.000,65535.000,255,0.002020,0.000180,100,95,100,65535,1,1446,-1.02,-0.92,-0.22,-0.14,0.16,0.22,29.6,0,254,0,12,37.5,415,420,495
23/09/2019 09:48:52.410,91,7.8,-3276.8,-15,0.02,0.06,3.722,20,64.000,65535.000,255,0.002020,0.000160,100,95,100,65535,1,1447,-0.98,-0.90,-0.22,-0.15,0.16,0.24,29.6,0,254,0,12,37.5,414,419,495
23/09/2019 09:48:53.410,96,7.8,-3276.8,-15,0.01,0.03,3.722,20,59.000,65535.000,255,0.002160,0.000140,100,95,100,65535,1,1448,-1.02,-0.92,-0.22,-0.15,0.16,0.22,29.6,0,254,0,12,37.5,414,420,494
23/09/2019 09:48:54.410,95,7.6,-3276.8,-15,0.01,0.04,3.732,22,57.000,65535.000,255,0.002160,0.000140,100,94,100,65535,1,1449,-1.01,-0.92,-0.25,-0.14,0.16,0.21,29.6,0,254,0,12,37.5,415,420,494
23/09/2019 09:48:55.410,92,7.6,-3276.8,-15,0.01,0.04,3.742,23,57.000,65535.000,255,0.002160,0.000120,100,94,100,65535,1,1450,-1.01,-0.92,-0.22,-0.13,0.16,0.20,29.6,0,254,0,12,37.5,415,420,495
23/09/2019 09:48:56.410,88,7.4,-3276.8,-15,0.01,0.03,3.751,25,59.000,65535.000,255,0.002160,0.000080,100,94,100,65535,1,1451,-1.01,-0.93,-0.24,-0.15,0.16,0.20,29.6,0,254,0,12,37.5,415,419,494
23/09/2019 09:48:57.410,84,7.4,-3276.8,-15,0.01,0.04,3.757,26,60.000,65535.000,255,0.001980,0.000080,100,94,100,65535,1,1452,-1.01,-0.91,-0.24,-0.13,0.15,0.20,29.6,0,254,0,12,37.5,415,420,495
23/09/2019 09:48:58.410,87,7.3,-3276.8,-15,0.02,0.06,3.758,26,60.000,65535.000,255,0.001980,0.000120,100,94,100,65535,1,1453,-1.02,-0.92,-0.21,-0.12,0.16,0.24,29.6,0,254,0,12,37.5,413,417,493
23/09/2019 09:48:59.410,91,7.3,-3276.8,-15,0.02,0.06,3.759,26,63.000,65535.000,255,0.001980,0.000320,100,93,100,65535,1,1454,-1.01,-0.93,-0.22,-0.12,0.16,0.22,29.6,0,254,0,12,37.5,416,431,507
23/09/2019 09:49:00.410,94,7.2,-3276.8,-15,0.02,0.04,3.759,26,70.000,65535.000,255,0.001980,0.000500,96,93,100,65535,1,1455,-1.02,-0.92,-0.20,-0.13,0.16,0.22,29.6,0,254,0,12,37.5,409,414,491
23/09/2019 09:49:01.410,94,7.2,-3276.8,-15,0.02,0.04,3.760,26,76.000,65535.000,255,0.001900,0.000800,89,93,100,65535,1,1456,-1.01,-0.92,-0.20,-0.12,0.16,0.22,29.6,0,254,0,12,37.5,401,408,472
23/09/2019 09:49:02.410,94,7.1,-3276.8,-15,0.03,0.08,3.761,26,68.000,65535.000,255,0.001900,0.000660,83,93,100,65535,1,1457,-1.04,-0.89,-0.22,-0.12,0.14,0.27,29.6,0,254,0,12,37.5,414,420,495
23/09/2019 09:49:03.410,93,7.1,-3276.8,-15,0.02,0.08,3.750,25,72.000,65535.000,255,0.001840,0.000440,80,93,100,65535,1,1458,-1.03,-0.86,-0.21,-0.10,0.16,0.21,29.6,0,254,0,12,37.5,415,420,494
23/09/2019 09:49:04.410,94,7.0,-3276.8,-15,0.01,0.04,3.732,22,79.000,65535.000,255,0.001840,0.000340,82,92,100,65535,1,1459,-1.00,-0.91,-0.20,-0.13,0.16,0.21,29.6,0,254,0,12,37.5,414,420,494
23/09/2019 09:49:05.410,97,7.0,-3276.8,-14,0.02,0.04,3.721,20,74.000,65535.000,255,0.001780,0.000280,84,91,100,65535,1,1460,-1.00,-0.91,-0.19,-0.12,0.15,0.20,29.6,0,254,0,12,37.5,421,430,499
23/09/2019 09:49:06.410,95,6.8,-3276.8,-13,0.01,0.03,3.724,20,68.000,65535.000,255,0.001780,0.000200,86,91,100,65535,1,1461,-1.01,-0.92,-0.19,-0.12,0.16,0.21,29.6,0,254,0,12,37.5,420,424,498
23/09/2019 09:49:07.410,92,6.8,-3276.8,-13,0.01,0.03,3.734,22,61.000,65535.000,255,0.001640,0.000120,88,91,100,65535,1,1462,-1.01,-0.93,-0.21,-0.13,0.16,0.20,29.6,0,254,0,12,37.5,415,420,495
23/09/2019 09:49:08.410,88,6.6,-3276.8,-14,0.01,0.04,3.744,24,55.000,65535.000,255,0.001640,0.000120,90,91,100,65535,1,1463,-1.02,-0.92,-0.21,-0.14,0.15,0.22,29.6,0,254,0,12,37.5,414,420,495
23/09/2019 09:49:09.410,88,6.6,-3276.8,-15,0.02,0.06,3.753,25,51.000,65535.000,255,0.002020,0.000180,91,91,100,65535,1,1464,-1.00,-0.91,-0.21,-0.13,0.16,0.24,29.6,0,254,0,12,37.5,415,420,495
23/09/2019 09:49:10.410,93,6.4,-3276.8,-15,0.01,0.03,3.758,26,53.000,65535.000,255,0.002020,0.000160,92,90,100,65535,1,1465,-1.01,-0.91,-0.21,-0.13,0.16,0.21,29.6,0,254,0,12,37.5,415,420,495
23/09/2019 09:49:11.410,96,6.4,-3276.8,-14,0.01,0.04,3.759,26,48.000,65535.000,255,0.002120,0.000160,93,89,100,65535,1,1466,-1.01,-0.92,-0.20,-0.10,0.16,0.22,29.6,0,254,0,12,37.5,414,420,495
23/09/2019 09:49:12.410,95,6.5,-3276.8,-14,0.02,0.04,3.759,26,44.000,65535.000,255,0.002120,0.000140,94,88,100,65535,1,1467,-1.01,-0.92,-0.19,-0.10,0.16,0.22,29.6,0,254,0,12,37.5,415,421,495
23/09/2019 09:49:13.410,91,6.5,-3276.8,-13,0.02,0.04,3.760,26,39.000,65535.000,255,0.002040,0.000120,95,87,100,65535,1,1468,-1.01,-0.92,-0.20,-0.10,0.15,0.20,29.6,0,254,0,12,37.5,414,420,495
23/09/2019 09:49:14.410,89,5.8,-3276.8,-14,0.02,0.06,3.760,26,37.000,65535.000,255,0.002040,0.000120,95,87,100,65535,1,1469,-1.01,-0.92,-0.22,-0.15,0.16,0.21,29.6,0,254,0,12,37.5,414,421,495
23/09/2019 09:49:15.410,89,5.8,-3276.8,-14,0.02,0.06,3.758,26,39.000,65535.000,255,0.002080,0.000140,96,86,100,65535,1,1470,-1.00,-0.92,-0.22,-0.14,0.16,0.21,29.6,0,254,0,12,37.5,415,420,494
23/09/2019 09:49:16.410,93,5.2,-3276.8,-15,0.01,0.04,3.745,24,42.000,65535.000,255,0.002080,0.000140,97,85,100,65535,1,1471,-1.01,-0.90,-0.24,-0.15,0.16,0.21,29.6,0,254,0,12,37.5,414,420,494
23/09/2019 09:49:17.410,95,5.2,-3276.8,-15,0.01,0.03,3.728,21,38.000,65535.000,255,0.002160,0.000120,97,84,100,65535,1,1472,-1.00,-0.92,-0.22,-0.14,0.16,0.21,29.6,0,254,0,12,37.5,415,420,495
23/09/2019 09:49:18.410,92,5.0,-3276.8,-15,0.01,0.04,3.721,20,36.000,65535.000,255,0.002160,0.000100,97,83,100,65535,1,1473,-1.01,-0.90,-0.21,-0.14,0.16,0.20,29.6,0,254,0,12,37.5,414,419,494
23/09/2019 09:49:19.410,87,5.0,-3276.8,-15,0.01,0.03,3.729,21,38.000,65535.000,255,0.002000,0.000100,98,83,100,65535,1,1474,-1.01,-0.93,-0.24,-0.14,0.15,0.19,29.6,0,254,0,12,37.5,414,421,494
23/09/2019 09:49:20.410,84,4.8,-3276.8,-15,0.01,0.04,3.739,23,36.000,65535.000,255,0.002000,0.000100,98,82,100,65535,1,1475,-1.01,-0.93,-0.24,-0.15,0.16,0.21,29.6,0,254,0,12,37.5,415,419,494
23/09/2019 09:49:21.410,86,4.8,-3276.8,-15,0.02,0.04,3.748,24,41.000,65535.000,255,0.001920,0.000100,98,81,100,65535,1,1476,-1.02,-0.92,-0.24,-0.15,0.16,0.22,29.6,0,254,-9,12,37.5,415,420,494
23/09/2019 09:49:22.410,90,4.6,-3276.8,-15,0.01,0.04,3.756,26,40.000,65535.000,255,0.001920,0.000080,98,81,100,65535,1,1477,-1.00,-0.92,-0.22,-0.14,0.16,0.20,29.6,0,254,0,12,37.5,415,420,495
23/09/2019 09:49:23.410,92,4.6,-3276.8,-15,0.02,0.04,3.758,26,35.000,65535.000,255,0.001980,0.000080,99,79,100,65535,1,1478,-1.00,-0.92,-0.22,-0.14,0.16,0.20,29.6,0,254,0,12,37.5,415,419,494
23/09/2019 09:49:24.410,88,4.8,-3276.8,-15,0.01,0.07,3.759,26,34.000,65535.000,255,0.001980,0.000060,99,79,100,65535,1,1479,-1.00,-0.91,-0.31,-0.12,0.16,0.21,29.6,0,254,0,12,37.5,414,420,494
23/09/2019 09:49:25.410,84,4.8,-3276.8,-15,0.01,0.04,3.760,26,33.000,65535.000,255,0.001960,0.000060,99,79,100,65535,1,1480,-1.01,-0.92,-0.21,-0.14,0.16,0.20,29.6,0,254,0,12,37.5,415,420,494
23/09/2019 09:49:26.410,82,4.9,-3276.8,-15,0.01,0.03,3.760,26,33.000,65535.000,255,0.001960,0.000100,99,78,100,65535,1,1481,-1.01,-0.92,-0.22,-0.15,0.16,0.20,29.6,0,254,0,12,37.5,415,420,495
23/09/2019 09:49:27.410,82,4.9,-3276.8,-15,0.01,0.06,3.760,26,34.000,65535.000,255,0.001860,0.000080,99,77,100,65535,1,1482,-1.02,-0.92,-0.24,-0.15,0.15,0.20,29.6,0,254,0,12,37.5,415,421,495
23/09/2019 09:49:28.410,83,5.0,-3276.8,-15,0.01,0.03,3.756,26,33.000,65535.000,255,0.001860,0.000100,99,76,100,65535,1,1483,-1.01,-0.93,-0.24,-0.16,0.16,0.20,29.6,0,254,0,12,37.5,425,432,503
23/09/2019 09:49:29.410,90,5.0,-3276.8,-15,0.02,0.03,3.740,23,43.000,65535.000,255,0.001940,0.000100,99,76,100,65535,1,1484,-1.01,-0.92,-0.22,-0.15,0.16,0.20,29.6,0,254,0,12,37.5,404,421,481
23/09/2019 09:49:30.410,95,5.1,-3276.8,-15,0.01,0.06,3.725,20,48.000,65535.000,255,0.001940,0.000080,100,75,100,65535,1,1485,-1.00,-0.90,-0.24,-0.14,0.16,0.22,29.6,0,254,0,12,37.5,397,406,477
23/09/2019 09:49:31.410,94,5.1,-3276.8,-15,0.01,0.04,3.722,20,44.000,65535.000,255,0.002060,0.000060,100,75,100,65535,1,1486,-1.01,-0.93,-0.22,-0.14,0.16,0.21,29.6,0,254,-1,12,37.5,414,420,495
23/09/2019 09:49:32.410,91,5.5,-3276.8,-15,0.01,0.04,3.731,21,41.000,65535.000,255,0.002060,0.000060,100,74,100,65535,1,1487,-1.02,-0.91,-0.22,-0.14,0.16,0.21,29.6,0,254,0,12,37.5,415,420,494
23/09/2019 09:49:33.410,87,5.5,-3276.8,-15,0.01,0.03,3.741,23,41.000,65535.000,255,0.002060,0.000040,100,74,100,65535,1,1488,-1.02,-0.91,-0.21,-0.14,0.16,0.20,29.6,0,254,0,12,37.5,430,427,505
23/09/2019 09:49:34.410,83,5.8,-3276.8,-15,0.02,0.04,3.751,25,40.000,65535.000,255,0.002060,0.000060,100,74,100,65535,1,1489,-1.01,-0.90,-0.22,-0.14,0.16,0.21,29.6,0,254,0,12,37.5,421,428,498
23/09/2019 09:49:35.410,80,5.8,-3276.8,-15,0.02,0.04,3.756,26,41.000,65535.000,255,0.001960,0.000060,100,73,100,65535,1,1490,-1.01,-0.92,-0.24,-0.15,0.16,0.20,29.6,0,254,0,12,37.5,415,421,494
23/09/2019 09:49:36.410,81,6.2,-3276.8,-15,0.01,0.04,3.758,26,39.000,65535.000,255,0.001960,0.000060,100,72,100,65535,1,1491,-1.02,-0.91,-0.24,-0.14,0.15,0.20,29.6,0,254,0,12,37.5,414,420,495
23/09/2019 09:49:37.410,83,6.2,-3276.8,-15,0.01,0.04,3.750,25,38.000,65535.000,255,0.001880,0.000080,100,72,100,65535,1,1492,-1.01,-0.91,-0.22,-0.15,0.16,0.20,29.6,0,254,0,12,37.5,415,420,494
23/09/2019 09:49:38.410,87,6.1,-3276.8,-15,0.02,0.03,3.740,23,42.000,65535.000,255,0.001880,0.000080,100,71,100,65535,1,1493,-1.01,-0.92,-0.24,-0.15,0.16,0.21,29.6,0,254,-2,12,37.5,415,420,495
23/09/2019 09:49:39.410,92,6.1,-3276.8,-15,0.01,0.06,3.730,21,38.000,65535.000,255,0.001960,0.000080,100,69,100,65535,1,1494,-1.02,-0.91,-0.22,-0.14,0.16,0.21,29.6,0,254,0,12,37.5,414,420,495
23/09/2019 09:49:40.410,91,6.4,-3276.8,-15,0.01,0.04,3.720,20,33.000,65535.000,255,0.001960,0.000080,100,69,100,65535,1,1495,-1.02,-0.92,-0.21,-0.13,0.16,0.20,29.6,0,254,0,12,37.5,415,421,495
23/09/2019 09:49:41.410,87,6.4,-3276.8,-15,0.01,0.04,3.702,17,30.000,65535.000,255,0.002060,0.000060,100,69,100,65535,1,1496,-1.01,-0.92,-0.24,-0.14,0.16,0.21,29.6,0,254,0,12,37.5,415,420,495
23/09/2019 09:49:42.410,84,6.7,-3276.8,-15,0.01,0.03,3.690,15,28.000,65535.000,255,0.002060,0.000060,100,68,100,65535,1,1497,-1.01,-0.92,-0.21,-0.14,0.15,0.21,29.6,0,254,0,12,37.5,415,420,495
23/09/2019 09:49:43.410,84,6.7,-3276.8,-15,0.01,0.06,3.683,13,27.000,65535.000,255,0.001960,0.000080,100,67,100,65535,1,1498,-1.02,-0.91,-0.24,-0.15,0.15,0.20,29.6,0,254,0,12,37.5,416,420,495
23/09/2019 09:49:44.410,85,6.6,-3276.8,-15,0.01,0.03,3.692,15,33.000,65535.000,255,0.001960,0.000100,100,66,100,65535,1,1499,-1.02,-0.91,-0.22,-0.15,0.15,0.20,29.6,0,254,0,12,37.5,415,421,493
23/09/2019 09:49:45.410,91,6.6,-3276.8,-15,0.02,0.04,3.709,18,47.000,65535.000,255,0.002040,0.000080,100,66,100,65535,1,1500,-1.00,-0.92,-0.22,-0.13,0.16,0.25,29.6,0,254,-1,12,37.5,415,419,496
23/09/2019 09:49:46.410,95,6.6,-3276.8,-15,0.01,0.06,3.721,20,51.000,65535.000,255,0.002040,0.000060,100,65,100,65535,1,1501,-1.01,-0.91,-0.21,-0.14,0.16,0.22,29.6,0,254,0,12,37.5,415,421,495
23/09/2019 09:49:47.410,92,6.6,-3276.8,-15,0.01,0.04,3.731,21,46.000,65535.000,255,0.002100,0.000060,100,64,100,65535,1,1502,-1.00,-0.90,-0.20,-0.12,0.16,0.20,29.6,0,254,-1,12,37.5,414,421,495
23/09/2019 09:49:48.410,87,6.8,-3276.8,-14,0.01,0.03,3.741,23,44.000,65535.000,255,0.002100,0.000040,100,64,100,65535,1,1503,-1.01,-0.92,-0.21,-0.13,0.15,0.21,29.6,0,254,0,12,37.5,414,420,495
23/09/2019 09:49:49.410,83,6.8,-3276.8,-14,0.01,0.03,3.751,25,43.000,65535.000,255,0.002040,0.000060,100,65,100,65535,1,1504,-1.01,-0.92,-0.21,-0.13,0.16,0.21,29.6,0,254,0,12,37.5,415,420,496
23/09/2019 09:49:50.410,79,7.0,-3276.8,-15,0.01,0.04,3.757,26,44.000,65535.000,255,0.002040,0.000060,100,65,100,65535,1,1505,-1.01,-0.92,-0.22,-0.13,0.16,0.20,29.6,0,254,0,12,37.5,415,420,496
23/09/2019 09:49:51.410,77,7.0,-3276.8,-15,0.02,0.03,3.759,26,46.000,65535.000,255,0.002040,0.000040,100,65,100,65535,1,1506,-1.01,-0.92,-0.22,-0.15,0.16,0.20,29.6,0,254,0,12,37.5,415,420,494
23/09/2019 09:49:52.410,77,6.9,-3276.8,-15,0.01,0.04,3.759,26,47.000,65535.000,255,0.002040,0.000060,100,64,100,65535,1,1507,-1.01,-0.92,-0.24,-0.15,0.16,0.20,29.6,0,0,0,12,37.5,414,421,495
23/09/2019 09:49:53.410,82,6.9,-3276.8,-15,0.02,0.04,3.760,26,53.000,65535.000,255,0.002020,0.000060,100,64,100,65535,1,1508,-1.00,-0.91,-0.22,-0.14,0.16,0.21,29.6,0,254,0,12,37.5,426,429,494
23/09/2019 09:49:54.410,87,7.1,-3276.8,-15,0.01,0.03,3.748,24,49.000,65535.000,255,0.002020,0.000060,100,63,100,65535,1,1509,-1.01,-0.92,-0.22,-0.14,0.16,0.21,29.6,0,254,0,12,37.5,408,412,488
23/09/2019 09:49:55.410,88,7.1,-3276.8,-15,0.01,0.03,3.730,21,48.000,65535.000,255,0.002000,0.000060,100,63,100,65535,1,1510,-1.01,-0.92,-0.22,-0.14,0.16,0.20,29.6,0,254,0,12,37.5,399,404,480
23/09/2019 09:49:56.410,85,7.3,-3276.8,-15,0.01,0.03,3.722,20,48.000,65535.000,255,0.002000,0.000060,100,63,100,65535,1,1511,-1.00,-0.93,-0.21,-0.14,0.15,0.21,29.6,0,254,0,12,37.5,415,412,468
23/09/2019 09:49:57.410,81,7.3,-3276.8,-15,0.02,0.03,3.726,21,50.000,65535.000,255,0.001960,0.000060,100,63,100,65535,1,1512,-1.01,-0.92,-0.22,-0.14,0.15,0.20,29.6,0,254,0,12,37.5,415,420,495
23/09/2019 09:49:58.410,81,7.5,-3276.8,-15,0.01,0.06,3.736,22,48.000,65535.000,255,0.001960,0.000060,100,63,100,65535,1,1513,-1.02,-0.93,-0.25,-0.15,0.15,0.20,29.6,0,254,0,12,37.5,414,420,496
23/09/2019 09:49:59.410,87,7.5,-3276.8,-15,0.02,0.04,3.746,24,57.000,65535.000,255,0.001960,0.000060,100,63,100,65535,1,1514,-1.01,-0.92,-0.25,-0.14,0.16,0.21,29.6,0,254,0,12,37.5,422,430,501
23/09/2019 09:50:00.410,92,7.3,-3276.8,-15,0.02,0.04,3.754,25,62.000,65535.000,255,0.001960,0.000060,100,63,100,65535,1,1515,-0.98,-0.92,-0.22,-0.15,0.16,0.24,29.6,0,254,0,12,37.5,418,425,497
23/09/2019 09:50:01.410,93,7.3,-3276.8,-15,0.01,0.03,3.757,26,54.000,65535.000,255,0.002060,0.000060,100,62,100,65535,1,1516,-1.01,-0.92,-0.24,-0.15,0.16,0.22,29.6,0,254,0,12,37.5,415,420,495
23/09/2019 09:50:02.410,91,7.5,-3276.8,-15,0.02,0.04,3.758,26,52.000,65535.000,255,0.002060,0.000060,100,61,100,65535,1,1517,-1.01,-0.91,-0.22,-0.14,0.15,0.21,29.6,0,254,0,12,37.5,414,420,495
23/09/2019 09:50:03.410,88,7.5,-3276.8,-15,0.01,0.03,3.758,26,51.000,65535.000,255,0.001980,0.000060,100,61,100,65535,1,1518,-1.01,-0.93,-0.22,-0.14,0.16,0.20,29.6,0,254,0,12,37.5,415,420,494
23/09/2019 09:50:04.410,84,7.6,-3276.8,-15,0.01,0.03,3.759,26,50.000,65535.000,255,0.001980,0.000060,100,61,100,65535,1,1519,-1.02,-0.92,-0.24,-0.16,0.16,0.21,29.6,0,254,0,12,37.5,414,420,496
23/09/2019 09:50:05.410,81,7.6,-3276.8,-15,0.01,0.03,3.759,26,50.000,65535.000,255,0.001860,0.000060,100,61,100,65535,1,1520,-1.01,-0.93,-0.25,-0.15,0.16,0.20,29.6,0,254,0,12,37.5,415,420,494
23/09/2019 09:50:06.410,82,7.8,-3276.8,-15,0.02,0.06,3.756,26,52.000,65535.000,255,0.001860,0.000080,100,60,100,65535,1,1521,-1.02,-0.91,-0.25,-0.13,0.16,0.20,29.6,0,254,0,12,37.5,415,419,494
23/09/2019 09:50:07.410,86,7.8,-3276.8,-15,0.02,0.04,3.742,23,55.000,65535.000,255,0.001960,0.000060,100,60,100,65535,1,1522,-1.01,-0.91,-0.22,-0.14,0.16,0.21,29.6,0,254,0,12,37.5,414,420,495
23/09/2019 09:50:08.410,90,7.6,-3276.8,-15,0.01,0.03,3.727,21,50.000,65535.000,255,0.001960,0.000060,100,59,100,65535,1,1523,-1.00,-0.92,-0.21,-0.14,0.16,0.21,29.6,0,254,0,12,37.5,414,420,495
23/09/2019 09:50:09.410,92,7.6,-3276.8,-15,0.01,0.03,3.722,20,46.000,65535.000,255,0.002060,0.000060,100,59,100,65535,1,1524,-1.00,-0.92,-0.22,-0.14,0.16,0.21,29.6,0,254,0,12,37.5,415,420,494
23/09/2019 09:50:10.410,89,7.7,-3276.8,-15,0.01,0.04,3.729,21,44.000,65535.000,255,0.002060,0.000060,100,59,100,65535,1,1525,-1.02,-0.92,-0.24,-0.14,0.16,0.20,29.6,0,254,0,12,37.5,415,420,495
23/09/2019 09:50:11.410,87,7.7,-3276.8,-15,0.02,0.06,3.739,23,49.000,65535.000,255,0.001980,0.000100,100,59,100,65535,1,1526,-1.01,-0.91,-0.22,-0.12,0.16,0.20,29.6,0,254,0,12,37.5,415,420,495
23/09/2019 09:50:12.410,91,7.9,-3276.8,-13,0.04,0.10,3.748,24,67.000,65535.000,255,0.001980,0.000140,100,58,100,65535,1,1527,-1.03,-0.90,-0.19,-0.06,0.14,0.22,29.6,0,254,0,12,37.5,415,422,494
23/09/2019 09:50:13.410,96,7.9,-3276.8,-13,0.02,0.07,3.755,25,86.000,65535.000,255,0.001860,0.000200,100,58,100,65535,1,1528,-1.03,-0.89,-0.22,-0.12,0.15,0.22,29.6,0,254,0,12,37.5,415,420,495
23/09/2019 09:50:14.410,100,8.0,-3276.8,-13,0.03,0.08,3.758,26,85.000,65535.000,255,0.001860,0.000180,100,58,100,65535,1,1529,-1.03,-0.89,-0.24,-0.12,0.15,0.24,29.6,0,254,0,12,37.5,414,420,494
23/09/2019 09:50:15.410,101,8.0,-3276.8,-15,0.03,0.08,3.758,26,80.000,65535.000,255,0.001780,0.000180,100,58,100,65535,1,1530,-1.03,-0.87,-0.24,-0.12,0.16,0.22,29.6,0,254,0,12,37.5,415,419,494
23/09/2019 09:50:16.410,100,8.1,-3276.8,-13,0.04,0.12,3.759,26,71.000,65535.000,255,0.001780,0.000220,100,58,100,65535,1,1531,-1.06,-0.86,-0.22,-0.08,0.10,0.30,29.6,0,254,0,12,37.5,414,420,494
23/09/2019 09:50:17.410,103,8.1,-3276.8,-13,0.02,0.04,3.760,26,75.000,65535.000,255,0.001960,0.000180,100,58,100,65535,1,1532,-1.02,-0.91,-0.21,-0.10,0.14,0.20,29.6,0,254,0,12,37.5,415,419,494
23/09/2019 09:50:18.410,106,8.2,-3276.8,-13,0.01,0.03,3.760,26,84.000,65535.000,255,0.001960,0.000160,100,59,100,65535,1,1533,-1.01,-0.92,-0.20,-0.12,0.16,0.21,29.6,0,254,0,12,37.5,414,419,494
23/09/2019 09:50:19.410,105,8.2,-3276.8,-13,0.02,0.04,3.754,25,76.000,65535.000,255,0.001780,0.000140,100,59,100,65535,1,1534,-1.01,-0.91,-0.18,-0.10,0.14,0.21,29.6,0,254,0,12,37.5,414,420,494
23/09/2019 09:50:20.410,102,7.9,-3276.8,-12,0.02,0.07,3.738,23,67.000,65535.000,255,0.001780,0.000120,100,59,100,65535,1,1535,-1.04,-0.92,-0.18,-0.08,0.15,0.20,29.6,0,254,0,12,37.5,415,421,494
23/09/2019 09:50:21.410,98,7.9,-3276.8,-13,0.01,0.04,3.724,20,63.000,65535.000,255,0.002080,0.000100,100,59,100,65535,1,1536,-1.03,-0.91,-0.18,-0.10,0.16,0.19,29.6,0,254,0,12,37.5,404,418,481
23/09/2019 09:50:22.410,92,7.7,-3276.8,-13,0.01,0.03,3.722,20,59.000,65535.000,255,0.002080,0.000080,100,59,100,65535,1,1537,-1.02,-0.93,-0.19,-0.12,0.15,0.19,29.6,0,254,0,12,37.5,405,404,474
23/09/2019 09:50:23.410,90,7.7,-3276.8,-13,0.02,0.06,3.732,22,53.000,65535.000,255,0.001940,0.000100,100,59,100,65535,1,1538,-1.02,-0.92,-0.19,-0.12,0.16,0.20,29.6,0,254,0,12,37.5,401,400,469
23/09/2019 09:50:24.410,91,7.5,-3276.8,-13,0.01,0.03,3.742,23,52.000,65535.000,255,0.001940,0.000080,100,58,100,65535,1,1539,-1.01,-0.93,-0.20,-0.12,0.16,0.19,29.6,0,254,0,12,37.5,415,420,494
23/09/2019 09:50:25.410,92,7.5,-3276.8,-13,0.01,0.03,3.751,25,48.000,65535.000,255,0.001960,0.000100,100,59,100,65535,1,1540,-1.01,-0.93,-0.20,-0.12,0.16,0.19,29.6,0,254,0,12,37.5,429,433,501
23/09/2019 09:50:26.410,92,7.5,-3276.8,-13,0.02,0.06,3.757,26,45.000,65535.000,255,0.001960,0.000120,100,58,100,65535,1,1541,-1.02,-0.92,-0.22,-0.12,0.16,0.20,29.6,0,254,0,12,37.5,417,424,497
23/09/2019 09:50:27.410,91,7.5,-3276.8,-13,0.02,0.04,3.758,26,44.000,65535.000,255,0.002040,0.000120,100,58,100,65535,1,1542,-1.02,-0.92,-0.22,-0.12,0.16,0.20,29.6,0,254,0,12,37.5,414,420,495
23/09/2019 09:50:28.410,92,6.7,-3276.8,-13,0.01,0.04,3.759,26,41.000,65535.000,255,0.002040,0.000100,100,58,100,65535,1,1543,-1.01,-0.93,-0.20,-0.10,0.15,0.24,29.6,0,254,0,12,37.5,415,420,496
23/09/2019 09:50:29.410,94,6.7,-3276.8,-13,0.01,0.04,3.759,26,36.000,65535.000,255,0.001920,0.000080,100,58,100,65535,1,1544,-1.01,-0.90,-0.22,-0.13,0.16,0.20,29.6,0,254,0,12,37.5,415,420,495
23/09/2019 09:50:30.410,94,6.4,-3276.8,-14,0.01,0.03,3.759,26,33.000,65535.000,255,0.001920,0.000060,100,58,100,65535,1,1545,-1.01,-0.93,-0.21,-0.14,0.15,0.19,29.6,0,254,0,12,37.5,416,420,495
23/09/2019 09:50:31.410,93,6.4,-3276.8,-14,0.01,0.04,3.759,26,32.000,65535.000,255,0.001820,0.000080,100,58,100,65535,1,1546,-1.02,-0.91,-0.21,-0.12,0.16,0.20,29.6,0,254,0,12,37.5,415,420,495
23/09/2019 09:50:32.410,95,6.0,-3276.8,-14,0.02,0.04,3.751,25,35.000,65535.000,255,0.001820,0.000100,100,58,100,65535,1,1547,-1.01,-0.92,-0.22,-0.12,0.15,0.21,29.6,0,254,0,12,37.5,415,421,494
23/09/2019 09:50:33.410,98,6.0,-3276.8,-14,0.01,0.03,3.733,22,32.000,65535.000,255,0.001840,0.000120,100,58,100,65535,1,1548,-1.02,-0.92,-0.21,-0.13,0.15,0.21,29.6,0,254,0,12,37.5,414,420,494
23/09/2019 09:50:34.410,98,5.7,-3276.8,-14,0.01,0.04,3.722,20,29.000,65535.000,255,0.001840,0.000140,100,58,100,65535,1,1549,-1.01,-0.91,-0.21,-0.13,0.16,0.21,29.6,0,254,0,12,37.5,415,420,494
23/09/2019 09:50:35.410,94,5.7,-3276.8,-14,0.03,0.07,3.725,20,37.000,65535.000,255,0.001860,0.000280,100,58,100,65535,1,1550,-1.03,-0.90,-0.21,-0.12,0.14,0.22,29.6,0,254,0,12,37.5,415,420,494
23/09/2019 09:50:36.410,91,5.7,-3276.8,-14,0.02,0.06,3.733,22,35.000,65535.000,255,0.001860,0.000260,100,58,100,65535,1,1551,-1.02,-0.90,-0.21,-0.12,0.16,0.20,29.6,0,254,0,12,37.5,415,420,495
23/09/2019 09:50:37.410,89,5.7,-3276.8,-14,0.01,0.03,3.729,21,36.000,65535.000,255,0.001860,0.000180,100,58,100,65535,1,1552,-1.01,-0.93,-0.21,-0.13,0.16,0.21,29.6,0,254,0,12,37.5,414,420,495
23/09/2019 09:50:38.410,86,5.8,-3276.8,-14,0.01,0.04,3.720,20,33.000,65535.000,255,0.001860,0.000200,100,57,100,65535,1,1553,-1.01,-0.91,-0.20,-0.12,0.16,0.22,29.6,0,254,0,12,37.5,414,420,495
23/09/2019 09:50:39.410,84,5.8,-3276.8,-14,0.02,0.06,3.713,18,31.000,65535.000,255,0.001940,0.000180,100,57,100,65535,1,1554,-1.01,-0.91,-0.22,-0.09,0.15,0.21,29.6,0,254,0,12,37.5,415,420,495
23/09/2019 09:50:40.410,86,5.8,-3276.8,-14,0.02,0.06,3.711,18,30.000,65535.000,255,0.001940,0.000160,100,57,100,65535,1,1555,-1.01,-0.90,-0.21,-0.12,0.16,0.20,29.6,0,254,0,12,37.5,415,421,495
23/09/2019 09:50:41.410,87,5.8,-3276.8,-14,0.01,0.03,3.710,18,27.000,65535.000,255,0.001940,0.000120,100,57,100,65535,1,1556,-1.01,-0.93,-0.21,-0.14,0.16,0.20,29.6,0,254,0,12,37.5,408,416,486
23/09/2019 09:50:42.410,88,5.9,-3276.8,-14,0.01,0.04,3.718,19,24.000,65535.000,255,0.001940,0.000200,100,57,100,65535,1,1557,-1.02,-0.92,-0.20,-0.12,0.16,0.21,29.6,0,254,0,12,37.5,394,403,478
23/09/2019 09:50:43.410,88,5.9,-3276.8,-14,0.01,0.04,3.728,21,24.000,65535.000,255,0.001840,0.000200,100,57,100,65535,1,1558,-1.02,-0.92,-0.21,-0.13,0.15,0.20,29.6,0,254,0,12,37.5,414,420,495
23/09/2019 09:50:44.410,89,6.0,-3276.8,-14,0.02,0.08,3.736,22,23.000,65535.000,255,0.001840,0.000180,100,57,100,65535,1,1559,-1.13,-0.92,-0.24,-0.15,0.15,0.20,29.6,0,254,0,12,37.5,415,419,496
23/09/2019 09:50:45.410,91,6.0,-3276.8,-15,0.01,0.03,3.729,21,25.000,65535.000,255,0.001840,0.000160,100,57,100,65535,1,1560,-1.01,-0.93,-0.22,-0.14,0.15,0.21,29.6,0,254,0,12,37.5,432,434,498
23/09/2019 09:50:46.410,93,6.1,-3276.8,-14,0.02,0.04,3.719,19,23.000,65535.000,255,0.001840,0.000140,100,57,100,65535,1,1561,-1.02,-0.91,-0.21,-0.13,0.16,0.20,29.6,0,254,0,12,37.5,415,421,496
23/09/2019 09:50:47.410,92,6.1,-3276.8,-14,0.01,0.03,3.713,18,22.000,65535.000,255,0.001820,0.000120,100,57,100,65535,1,1562,-1.01,-0.91,-0.20,-0.13,0.16,0.21,29.6,0,254,0,12,37.5,415,420,494
23/09/2019 09:50:48.410,89,5.8,-3276.8,-14,0.01,0.03,3.721,20,23.000,65535.000,255,0.001820,0.000120,100,57,100,65535,1,1563,-1.02,-0.92,-0.22,-0.13,0.15,0.21,29.6,0,254,0,12,37.5,415,420,495
23/09/2019 09:50:49.410,87,5.8,-3276.8,-14,0.02,0.04,3.731,21,33.000,65535.000,255,0.001920,0.000300,100,57,100,65535,1,1564,-1.02,-0.92,-0.24,-0.12,0.16,0.21,29.6,0,254,0,12,37.5,415,420,495
23/09/2019 09:50:50.410,85,5.8,-3276.8,-14,0.02,0.06,3.741,23,31.000,65535.000,255,0.001920,0.000240,100,57,100,65535,1,1565,-1.02,-0.92,-0.22,-0.13,0.16,0.21,29.6,0,254,0,12,37.5,414,420,494
23/09/2019 09:50:51.410,86,5.8,-3276.8,-14,0.02,0.06,3.750,25,27.000,65535.000,255,0.001860,0.000180,100,57,100,65535,1,1566,-1.02,-0.92,-0.20,-0.12,0.16,0.21,29.6,0,254,0,12,37.5,414,419,495
23/09/2019 09:50:52.410,87,5.8,-3276.8,-14,0.03,0.07,3.756,26,26.000,65535.000,255,0.001860,0.000400,100,57,100,65535,1,1567,-1.03,-0.89,-0.19,-0.08,0.16,0.24,29.6,0,254,0,12,37.5,415,421,496
23/09/2019 09:50:53.410,87,5.8,-3276.8,-14,0.02,0.07,3.757,26,26.000,65535.000,255,0.001760,0.000380,99,57,100,65535,1,1568,-1.02,-0.90,-0.21,-0.09,0.16,0.25,29.6,0,254,0,12,37.5,415,419,494
23/09/2019 09:50:54.410,88,5.8,-3276.8,-14,0.03,0.08,3.757,26,46.000,65535.000,255,0.001760,0.000360,98,57,100,65535,1,1569,-1.02,-0.90,-0.20,-0.08,0.15,0.26,29.6,0,254,0,12,37.5,414,419,494
23/09/2019 09:50:55.410,90,5.8,-3276.8,-14,0.02,0.07,3.758,26,41.000,65535.000,255,0.001660,0.000340,98,57,100,65535,1,1570,-1.04,-0.90,-0.20,-0.12,0.16,0.22,29.6,0,254,0,12,37.5,414,419,494
23/09/2019 09:50:56.410,100,5.9,-3276.8,-14,0.03,0.10,3.759,26,38.000,65535.000,255,0.001660,0.000280,98,57,100,65535,1,1571,-1.02,-0.91,-0.27,-0.13,0.16,0.24,29.6,512,254,0,12,37.5,415,421,494
23/09/2019 09:50:57.410,104,5.9,-3276.8,-15,0.03,0.07,3.755,25,36.000,65535.000,255,0.001540,0.000220,98,57,100,65535,1,1572,-1.01,-0.92,-0.24,-0.15,0.16,0.22,29.6,512,254,0,12,37.5,415,420,495
23/09/2019 09:50:58.410,101,5.9,-3276.8,-15,0.01,0.04,3.741,23,32.000,65535.000,255,0.001540,0.000160,98,57,100,65535,1,1573,-1.01,-0.92,-0.22,-0.14,0.15,0.22,29.6,512,254,0,12,37.5,414,421,495
23/09/2019 09:50:59.410,98,5.9,-3276.8,-15,0.02,0.04,3.726,21,28.000,65535.000,255,0.001920,0.000120,99,57,100,65535,1,1574,-1.00,-0.93,-0.26,-0.15,0.16,0.20,29.6,512,254,0,12,37.5,415,421,494
23/09/2019 09:51:00.410,94,6.0,-3276.8,-15,0.02,0.04,3.720,20,26.000,65535.000,255,0.001920,0.000120,99,57,100,65535,1,1575,-1.01,-0.91,-0.26,-0.16,0.16,0.20,29.6,512,254,0,12,37.5,416,421,495
23/09/2019 09:51:01.410,90,6.0,-3276.8,-16,0.02,0.04,3.728,21,27.000,65535.000,255,0.002080,0.000100,99,57,100,65535,1,1576,-1.01,-0.92,-0.24,-0.15,0.16,0.21,29.6,512,254,0,12,37.5,424,428,504
23/09/2019 09:51:02.410,89,6.3,-3276.8,-15,0.01,0.06,3.738,23,24.000,65535.000,255,0.002080,0.000080,99,57,100,65535,1,1577,-1.01,-0.92,-0.25,-0.13,0.16,0.21,29.6,512,254,0,12,37.5,413,413,484
23/09/2019 09:51:03.410,87,6.3,-3276.8,-15,0.03,0.13,3.748,24,22.000,65535.000,255,0.002060,0.000140,99,57,100,65535,1,1578,-1.04,-0.89,-0.25,-0.10,0.09,0.28,29.6,512,254,0,12,37.5,397,402,480
23/09/2019 09:51:04.410,88,6.5,-3276.8,-15,0.02,0.13,3.754,25,23.000,65535.000,255,0.002060,0.000140,99,57,100,65535,1,1579,-1.04,-0.89,-0.25,-0.10,0.09,0.28,29.6,512,254,0,12,37.5,416,421,486
23/09/2019 09:51:05.410,91,6.5,-3276.8,-15,0.01,0.06,3.757,26,22.000,65535.000,255,0.001980,0.000100,99,57,100,65535,1,1580,-1.02,-0.92,-0.22,-0.13,0.15,0.20,29.6,512,254,0,12,37.5,413,420,494
23/09/2019 09:51:06.410,92,6.8,-3276.8,-15,0.01,0.04,3.758,26,20.000,65535.000,255,0.001980,0.000080,100,57,100,65535,1,1581,-1.02,-0.92,-0.22,-0.13,0.16,0.20,29.6,512,254,0,12,37.5,431,434,495
23/09/2019 09:51:07.410,91,6.8,-3276.8,-15,0.01,0.04,3.759,26,18.000,65535.000,255,0.001860,0.000080,100,57,100,65535,1,1582,-1.02,-0.92,-0.22,-0.15,0.16,0.20,29.6,512,254,0,12,37.5,417,428,497
23/09/2019 09:51:08.410,92,7.1,-3276.8,-15,0.01,0.04,3.760,26,21.000,65535.000,255,0.001860,0.000080,100,57,100,65535,1,1583,-1.00,-0.92,-0.22,-0.13,0.15,0.21,29.6,512,254,0,12,37.5,415,421,494
23/09/2019 09:51:09.410,90,7.1,-3276.8,-15,0.01,0.04,3.760,26,22.000,65535.000,255,0.001960,0.000080,100,57,100,65535,1,1584,-1.01,-0.93,-0.22,-0.13,0.16,0.21,29.6,512,254,0,12,37.5,414,419,495
23/09/2019 09:51:10.410,86,7.5,-3276.8,-15,0.01,0.04,3.754,25,20.000,65535.000,255,0.001960,0.000060,100,57,100,65535,1,1585,-1.01,-0.93,-0.22,-0.15,0.16,0.21,29.6,512,254,0,12,37.5,415,420,493
23/09/2019 09:51:11.410,81,7.5,-3276.8,-15,0.01,0.04,3.737,22,19.000,65535.000,255,0.001960,0.000060,100,57,100,65535,1,1586,-1.02,-0.91,-0.21,-0.14,0.16,0.22,29.6,512,254,0,12,37.5,415,421,495
23/09/2019 09:51:12.410,79,7.1,-3276.8,-15,0.01,0.03,3.723,20,17.000,65535.000,255,0.001960,0.000060,100,57,100,65535,1,1587,-1.01,-0.92,-0.22,-0.14,0.16,0.21,29.6,512,254,0,12,37.5,414,419,495
23/09/2019 09:51:13.410,78,7.1,-3276.8,-15,0.01,0.04,3.723,20,16.000,65535.000,255,0.001880,0.000060,100,57,100,65535,1,1588,-1.02,-0.92,-0.21,-0.13,0.16,0.20,29.6,512,254,0,12,37.5,414,420,495
23/09/2019 09:51:14.410,78,6.7,-3276.8,-15,0.01,0.03,3.733,22,15.000,65535.000,255,0.001880,0.000060,100,57,100,65535,1,1589,-1.00,-0.91,-0.22,-0.14,0.16,0.21,29.6,512,254,0,12,37.5,416,420,494
23/09/2019 09:51:15.410,81,6.7,-3276.8,-15,0.02,0.04,3.743,23,18.000,65535.000,255,0.001980,0.000080,100,57,100,65535,1,1590,-1.01,-0.93,-0.22,-0.14,0.16,0.22,29.6,512,254,0,12,37.5,415,420,494
23/09/2019 09:51:16.410,83,6.6,-3276.8,-15,0.02,0.06,3.753,25,19.000,65535.000,255,0.001980,0.000100,100,57,100,65535,1,1591,-1.02,-0.92,-0.22,-0.13,0.15,0.21,29.6,512,254,0,12,37.5,415,420,494
23/09/2019 09:51:17.410,87,6.6,-3276.8,-15,0.02,0.04,3.756,26,20.000,65535.000,255,0.001940,0.000080,100,57,100,65535,1,1592,-1.02,-0.91,-0.24,-0.14,0.16,0.20,29.6,512,254,0,12,37.5,415,420,495
23/09/2019 09:51:18.410,90,6.5,-3276.8,-15,0.01,0.04,3.758,26,18.000,65535.000,255,0.001940,0.000080,100,57,100,65535,1,1593,-1.00,-0.92,-0.22,-0.14,0.16,0.21,29.6,512,254,0,12,37.5,415,420,495
23/09/2019 09:51:19.410,90,6.5,-3276.8,-15,0.01,0.04,3.760,26,16.000,65535.000,255,0.001940,0.000080,100,57,100,65535,1,1594,-1.01,-0.91,-0.22,-0.14,0.16,0.21,29.6,512,254,0,12,37.5,415,420,494
23/09/2019 09:51:20.410,87,6.5,-3276.8,-15,0.01,0.03,3.760,26,14.000,65535.000,255,0.001940,0.000060,100,57,100,65535,1,1595,-1.01,-0.91,-0.21,-0.14,0.16,0.21,29.6,512,254,0,12,37.5,415,420,495
23/09/2019 09:51:21.410,83,6.5,-3276.8,-15,0.02,0.03,3.760,26,13.000,65535.000,255,0.001960,0.000060,100,57,100,65535,1,1596,-1.01,-0.92,-0.22,-0.14,0.16,0.22,29.6,512,254,0,12,37.5,414,419,494
23/09/2019 09:51:22.410,83,6.5,-3276.8,-15,0.02,0.04,3.760,26,13.000,65535.000,255,0.001960,0.000100,100,57,100,65535,1,1597,-1.01,-0.91,-0.24,-0.13,0.16,0.21,29.6,512,254,0,12,37.5,415,421,495
23/09/2019 09:51:23.410,88,6.5,-3276.8,-15,0.02,0.07,3.750,25,15.000,65535.000,255,0.001940,0.000100,100,57,100,65535,1,1598,-1.02,-0.91,-0.25,-0.10,0.16,0.22,29.6,512,254,0,12,37.5,411,420,487
23/09/2019 09:51:24.410,91,7.0,-3276.8,-15,0.02,0.06,3.732,22,15.000,65535.000,255,0.001940,0.000100,100,57,100,65535,1,1599,-1.02,-0.92,-0.22,-0.13,0.16,0.20,29.6,512,254,0,12,37.5,393,405,480
23/09/2019 09:51:25.410,95,7.0,-3276.8,-14,0.02,0.07,3.722,20,14.000,65535.000,255,0.001980,0.000100,100,57,100,65535,1,1600,-1.03,-0.89,-0.22,-0.13,0.16,0.22,29.6,512,254,0,12,37.5,413,420,494
23/09/2019 09:51:26.410,92,7.8,-3276.8,-14,0.02,0.04,3.725,20,14.000,65535.000,255,0.001980,0.000120,100,57,100,65535,1,1601,-1.03,-0.92,-0.24,-0.13,0.16,0.21,29.6,512,254,0,12,37.5,414,420,494
23/09/2019 09:51:27.410,90,7.8,-3276.8,-14,0.01,0.03,3.735,22,17.000,65535.000,255,0.001880,0.000100,100,57,100,65535,1,1602,-1.01,-0.93,-0.20,-0.13,0.16,0.21,29.6,512,254,0,12,37.5,419,424,498
23/09/2019 09:51:28.410,87,9.1,-3276.8,-14,0.01,0.04,3.745,24,17.000,65535.000,255,0.001880,0.000120,100,57,100,65535,1,1603,-1.01,-0.93,-0.21,-0.12,0.16,0.20,29.6,512,254,0,12,37.5,414,420,495
23/09/2019 09:51:29.410,84,9.1,-3276.8,-15,0.02,0.07,3.754,25,17.000,65535.000,255,0.001760,0.000120,100,57,100,65535,1,1604,-1.02,-0.89,-0.22,-0.10,0.16,0.20,29.6,512,254,0,12,37.5,414,420,495
23/09/2019 09:51:30.410,82,10.3,-3276.8,-15,0.01,0.07,3.757,26,18.000,65535.000,255,0.001760,0.000100,100,57,100,65535,1,1605,-1.01,-0.92,-0.25,-0.16,0.16,0.20,29.6,512,254,0,12,37.5,415,421,494
23/09/2019 09:51:31.410,82,10.3,-3276.8,-15,0.01,0.04,3.758,26,17.000,65535.000,255,0.001760,0.000080,100,57,100,65535,1,1606,-1.01,-0.93,-0.21,-0.13,0.15,0.21,29.6,512,254,0,12,37.5,415,420,494
23/09/2019 09:51:32.410,82,11.1,-3276.8,-15,0.02,0.03,3.759,26,19.000,65535.000,255,0.001760,0.000080,100,57,100,65535,1,1607,-1.01,-0.92,-0.22,-0.14,0.16,0.21,29.6,512,254,0,12,37.5,415,420,494
23/09/2019 09:51:33.410,84,11.1,-3276.8,-15,0.01,0.03,3.759,26,22.000,65535.000,255,0.001840,0.000080,100,57,100,65535,1,1608,-1.01,-0.92,-0.24,-0.15,0.16,0.20,29.6,512,254,0,12,37.5,415,420,495
23/09/2019 09:51:34.410,84,12.1,-3276.8,-14,0.01,0.03,3.759,26,20.000,65535.000,255,0.001840,0.000080,100,57,100,65535,1,1609,-1.01,-0.93,-0.22,-0.15,0.16,0.21,29.6,512,254,0,12,37.5,415,420,495
23/09/2019 09:51:35.410,82,12.1,-3276.8,-15,0.01,0.07,3.758,26,19.000,65535.000,255,0.001820,0.000060,100,57,100,65535,1,1610,-1.10,-0.91,-0.24,-0.14,0.15,0.19,29.6,512,254,0,12,37.5,415,419,494
23/09/2019 09:51:36.410,81,13.0,-3276.8,-15,0.01,0.03,3.744,24,18.000,65535.000,255,0.001820,0.000060,100,57,100,65535,1,1611,-1.01,-0.93,-0.22,-0.14,0.16,0.21,29.6,512,254,0,12,37.5,415,420,495
23/09/2019 09:51:37.410,81,13.0,-3276.8,-15,0.01,0.03,3.714,19,17.000,65535.000,255,0.001800,0.000060,100,57,100,65535,1,1612,-1.01,-0.93,-0.24,-0.16,0.16,0.20,29.6,512,254,0,12,37.5,415,420,494
23/09/2019 09:51:38.410,86,13.8,-3276.8,-15,0.02,0.04,3.695,15,23.000,65535.000,255,0.001800,0.000060,100,57,100,65535,1,1613,-1.01,-0.92,-0.22,-0.14,0.16,0.20,29.6,512,254,0,12,37.5,415,421,495
23/09/2019 09:51:39.410,88,13.8,-3276.8,-15,0.01,0.03,3.692,15,22.000,65535.000,255,0.001900,0.000060,100,57,100,65535,1,1614,-1.01,-0.93,-0.24,-0.16,0.15,0.20,29.6,512,254,0,12,37.5,415,420,495
23/09/2019 09:51:40.410,86,14.8,-3276.8,-15,0.01,0.06,3.692,15,22.000,65535.000,255,0.001900,0.000060,100,57,100,65535,1,1615,-1.00,-0.92,-0.24,-0.13,0.16,0.20,29.6,512,254,0,12,37.5,414,420,495
23/09/2019 09:51:41.410,84,14.8,-3276.8,-15,0.01,0.03,3.693,15,21.000,65535.000,255,0.001840,0.000060,100,57,100,65535,1,1616,-1.01,-0.93,-0.24,-0.16,0.16,0.20,29.6,512,254,0,12,37.5,415,419,495
23/09/2019 09:51:42.410,81,16.0,-3276.8,-15,0.02,0.03,3.703,17,20.000,65535.000,255,0.001840,0.000060,100,57,100,65535,1,1617,-1.01,-0.92,-0.24,-0.15,0.16,0.20,29.6,512,254,0,12,37.5,414,420,494
23/09/2019 09:51:43.410,78,16.0,-3276.8,-15,0.01,0.04,3.714,19,20.000,65535.000,255,0.001780,0.000060,100,57,100,65535,1,1618,-1.02,-0.92,-0.24,-0.15,0.16,0.20,29.6,512,254,0,12,37.5,402,418,487
23/09/2019 09:51:44.410,78,16.5,-3276.8,-15,0.01,0.04,3.725,20,20.000,65535.000,255,0.001780,0.000060,100,57,100,65535,1,1619,-1.00,-0.91,-0.24,-0.16,0.16,0.21,29.6,512,254,0,12,37.5,396,407,486
23/09/2019 09:51:45.410,77,16.5,-3276.8,-15,0.01,0.04,3.735,22,20.000,65535.000,255,0.001820,0.000060,100,57,100,65535,1,1620,-1.00,-0.92,-0.25,-0.14,0.16,0.22,29.6,512,254,0,12,37.5,414,420,495
23/09/2019 09:51:46.410,76,16.9,-3276.8,-15,0.01,0.03,3.745,24,19.000,65535.000,255,0.001820,0.000060,100,57,100,65535,1,1621,-1.01,-0.92,-0.22,-0.16,0.16,0.19,29.6,512,254,0,12,37.5,415,419,494
23/09/2019 09:51:47.410,77,16.9,-3276.8,-15,0.01,0.03,3.755,25,18.000,65535.000,255,0.001800,0.000060,100,57,100,65535,1,1622,-1.01,-0.93,-0.25,-0.15,0.16,0.19,29.6,512,254,0,12,37.5,429,435,504
23/09/2019 09:51:48.410,79,17.0,-3276.8,-15,0.01,0.04,3.752,25,19.000,65535.000,255,0.001800,0.000060,100,57,100,65535,1,1623,-1.00,-0.92,-0.25,-0.15,0.15,0.21,29.6,512,254,0,12,37.5,417,424,496
23/09/2019 09:51:49.410,82,17.0,-3276.8,-15,0.01,0.03,3.737,22,19.000,65535.000,255,0.001760,0.000060,100,57,100,65535,1,1624,-1.00,-0.91,-0.24,-0.15,0.16,0.20,29.7,512,254,0,12,37.5,415,421,495
23/09/2019 09:51:50.410,81,17.4,-3276.8,-15,0.01,0.04,3.723,20,18.000,65535.000,255,0.001760,0.000060,100,57,100,65535,1,1625,-1.01,-0.93,-0.25,-0.15,0.15,0.20,29.7,512,254,0,12,37.5,414,420,494
23/09/2019 09:51:51.410,81,17.4,-3276.8,-15,0.03,0.10,3.721,20,27.000,65535.000,255,0.001820,0.000120,100,57,100,65535,1,1626,-1.02,-0.86,-0.24,-0.10,0.15,0.22,29.7,512,254,0,12,37.5,414,420,494
23/09/2019 09:51:52.410,80,18.1,-3276.8,-15,0.02,0.07,3.730,21,34.000,65535.000,255,0.001820,0.000120,100,57,100,65535,1,1627,-1.02,-0.89,-0.21,-0.10,0.14,0.21,29.7,512,254,0,12,37.5,415,420,495
23/09/2019 09:51:53.410,84,18.1,-3276.8,-15,0.02,0.06,3.740,23,41.000,65535.000,255,0.001800,0.000140,100,57,100,65535,1,1628,-1.01,-0.91,-0.22,-0.12,0.16,0.21,29.7,512,254,0,12,37.5,415,420,495
23/09/2019 09:51:54.410,85,18.8,-3276.8,-15,0.02,0.04,3.750,25,38.000,65535.000,255,0.001800,0.000140,100,57,100,65535,1,1629,-1.00,-0.92,-0.20,-0.13,0.16,0.24,29.7,512,254,0,12,37.5,411,417,493
23/09/2019 09:51:55.410,85,18.8,-3276.8,-14,0.03,0.08,3.754,25,34.000,65535.000,255,0.001760,0.000140,100,57,100,65535,1,1630,-1.02,-0.91,-0.20,-0.09,0.16,0.26,29.7,512,254,0,12,37.5,417,423,496
23/09/2019 09:51:56.410,85,19.5,-3276.8,-14,0.01,0.06,3.756,26,30.000,65535.000,255,0.001760,0.000120,100,57,100,65535,1,1631,-1.02,-0.91,-0.21,-0.10,0.15,0.21,29.7,512,254,0,12,37.5,415,421,495
23/09/2019 09:51:57.410,88,19.5,-3276.8,-14,0.01,0.04,3.758,26,31.000,65535.000,255,0.001800,0.000100,100,57,100,65535,1,1632,-1.00,-0.91,-0.20,-0.12,0.16,0.22,29.7,512,254,0,12,37.5,414,420,495
23/09/2019 09:51:58.410,90,20.2,-3276.8,-14,0.01,0.03,3.759,26,29.000,65535.000,255,0.001800,0.000080,100,57,100,65535,1,1633,-1.01,-0.92,-0.19,-0.13,0.16,0.20,29.7,512,254,0,12,37.5,414,420,495
23/09/2019 09:51:59.410,94,20.2,-3276.8,-14,0.01,0.03,3.759,26,26.000,65535.000,255,0.001780,0.000060,100,57,100,65535,1,1634,-1.00,-0.93,-0.19,-0.12,0.16,0.21,29.7,512,254,0,12,37.5,415,419,496
23/09/2019 09:52:00.410,95,20.7,-3276.8,-14,0.01,0.04,3.759,26,23.000,65535.000,255,0.001780,0.000060,100,57,100,65535,1,1635,-1.00,-0.92,-0.21,-0.12,0.16,0.21,29.7,512,254,0,12,37.5,415,420,495
23/09/2019 09:52:01.410,96,20.7,-3276.8,-14,0.01,0.03,3.752,25,22.000,65535.000,255,0.001720,0.000060,100,57,100,65535,1,1636,-1.01,-0.92,-0.20,-0.12,0.16,0.21,29.7,512,254,0,12,37.5,414,420,494
23/09/2019 09:52:02.410,93,21.2,-3276.8,-14,0.01,0.03,3.734,22,21.000,65535.000,255,0.001720,0.000060,100,57,100,65535,1,1637,-1.01,-0.92,-0.19,-0.12,0.16,0.20,29.7,512,254,0,12,37.5,401,419,489
23/09/2019 09:52:03.410,90,21.2,-3276.8,-14,0.01,0.03,3.720,20,18.000,65535.000,255,0.001700,0.000060,100,57,100,65535,1,1638,-1.01,-0.92,-0.20,-0.13,0.16,0.21,29.7,512,254,0,12,37.5,394,401,501
23/09/2019 09:52:04.410,87,21.6,-3276.8,-14,0.01,0.04,3.722,20,17.000,65535.000,255,0.001700,0.000060,100,57,100,65535,1,1639,-1.00,-0.91,-0.20,-0.12,0.16,0.21,29.7,512,254,0,12,37.5,415,420,495
23/09/2019 09:52:05.410,85,21.6,-3276.8,-14,0.01,0.04,3.732,22,17.000,65535.000,255,0.001680,0.000060,100,57,100,65535,1,1640,-1.01,-0.92,-0.21,-0.14,0.16,0.21,29.7,512,254,0,12,37.5,416,420,502
23/09/2019 09:52:06.410,84,20.0,-3276.8,-14,0.01,0.03,3.742,23,16.000,65535.000,255,0.001680,0.000060,100,57,100,65535,1,1641,-1.01,-0.92,-0.20,-0.13,0.16,0.21,29.7,512,254,0,12,37.5,418,424,496
23/09/2019 09:52:07.410,84,20.0,-3276.8,-14,0.01,0.03,3.752,25,18.000,65535.000,255,0.001680,0.000060,100,57,100,65535,1,1642,-1.01,-0.92,-0.19,-0.13,0.16,0.21,29.7,512,254,0,12,37.5,415,420,494
23/09/2019 09:52:08.410,86,18.6,-3276.8,-14,0.02,0.04,3.755,25,25.000,65535.000,255,0.001680,0.000080,100,57,100,65535,1,1643,-1.00,-0.91,-0.20,-0.13,0.16,0.22,29.7,512,254,0,12,37.5,415,420,496
23/09/2019 09:52:09.410,86,18.6,-3276.8,-14,0.01,0.04,3.757,26,24.000,65535.000,255,0.001740,0.000060,100,57,100,65535,1,1644,-1.01,-0.93,-0.20,-0.12,0.16,0.24,29.7,512,254,0,12,37.5,415,420,495
23/09/2019 09:52:10.410,82,17.7,-3276.8,-14,0.01,0.04,3.758,26,24.000,65535.000,255,0.001740,0.000080,100,57,100,65535,1,1645,-1.02,-0.92,-0.21,-0.13,0.16,0.21,29.7,512,254,0,12,37.5,415,419,495
23/09/2019 09:52:11.410,79,17.7,-3276.8,-14,0.01,0.04,3.759,26,22.000,65535.000,255,0.001780,0.000060,100,57,100,65535,1,1646,-1.02,-0.91,-0.19,-0.12,0.16,0.21,29.7,512,254,0,12,37.5,415,420,495
23/09/2019 09:52:12.410,76,17.1,-3276.8,-14,0.01,0.03,3.759,26,22.000,65535.000,255,0.001780,0.000060,100,57,100,65535,1,1647,-1.01,-0.92,-0.21,-0.12,0.15,0.20,29.7,512,254,0,12,37.5,414,420,495
23/09/2019 09:52:13.410,74,17.1,-3276.8,-14,0.01,0.04,3.759,26,21.000,65535.000,255,0.001760,0.000060,100,57,100,65535,1,1648,-1.01,-0.92,-0.18,-0.12,0.16,0.22,29.7,512,254,0,12,37.5,415,421,495
23/09/2019 09:52:14.410,75,16.9,-3276.8,-13,0.01,0.03,3.748,24,20.000,65535.000,255,0.001760,0.000060,100,57,100,65535,1,1649,-1.01,-0.92,-0.19,-0.12,0.16,0.20,29.7,512,254,0,12,37.5,415,420,495
23/09/2019 09:52:15.410,78,16.9,-3276.8,-14,0.02,0.04,3.730,21,23.000,65535.000,255,0.001800,0.000060,100,57,100,65535,1,1650,-1.01,-0.91,-0.20,-0.13,0.16,0.22,29.7,512,254,0,12,37.5,415,420,495
23/09/2019 09:52:16.410,84,16.7,-3276.8,-14,0.01,0.04,3.722,20,23.000,65535.000,255,0.001800,0.000060,100,57,100,65535,1,1651,-1.00,-0.91,-0.20,-0.12,0.16,0.22,29.7,512,254,0,12,37.5,414,420,494
23/09/2019 09:52:17.410,84,16.7,-3276.8,-14,0.02,0.04,3.727,21,23.000,65535.000,255,0.001800,0.000080,100,57,100,65535,1,1652,-1.01,-0.91,-0.21,-0.10,0.16,0.22,29.7,512,254,0,12,37.5,414,420,494
23/09/2019 09:52:18.410,84,16.8,-3276.8,-14,0.01,0.03,3.737,22,21.000,65535.000,255,0.001800,0.000080,100,57,100,65535,1,1653,-1.01,-0.93,-0.19,-0.12,0.16,0.21,29.7,512,254,0,12,37.5,415,420,494
23/09/2019 09:52:19.410,86,16.8,-3276.8,-14,0.02,0.07,3.747,24,19.000,65535.000,255,0.001840,0.000140,100,57,100,65535,1,1654,-1.01,-0.91,-0.20,-0.09,0.16,0.24,29.7,512,254,0,12,37.5,414,419,495
23/09/2019 09:52:20.410,88,17.5,-3276.8,-13,0.03,0.09,3.754,25,19.000,65535.000,255,0.001840,0.000160,100,57,100,65535,1,1655,-1.01,-0.92,-0.31,-0.09,0.16,0.22,29.7,512,254,0,12,37.5,426,429,491
23/09/2019 09:52:21.410,87,17.5,-3276.8,-13,0.02,0.06,3.757,26,24.000,65535.000,255,0.001900,0.000200,100,57,100,65535,1,1656,-1.02,-0.90,-0.18,-0.10,0.16,0.22,29.7,512,254,0,12,37.5,412,412,486
23/09/2019 09:52:22.410,88,18.5,-3276.8,-13,0.02,0.04,3.758,26,33.000,65535.000,255,0.001900,0.000220,100,57,100,65535,1,1657,-1.01,-0.91,-0.19,-0.09,0.16,0.22,29.7,512,254,0,12,37.5,394,408,481
23/09/2019 09:52:23.410,93,18.5,-3276.8,-13,0.02,0.04,3.759,26,30.000,65535.000,255,0.001760,0.000180,100,57,100,65535,1,1658,-1.01,-0.92,-0.20,-0.12,0.15,0.21,29.7,512,254,0,12,37.5,406,404,484
23/09/2019 09:52:24.410,95,19.3,-3276.8,-13,0.02,0.03,3.759,26,26.000,65535.000,255,0.001760,0.000140,100,57,100,65535,1,1659,-1.01,-0.91,-0.20,-0.12,0.16,0.20,29.7,512,254,0,12,37.5,415,421,496
23/09/2019 09:52:25.410,90,19.3,-3276.8,-13,0.01,0.04,3.760,26,23.000,65535.000,255,0.001580,0.000140,100,57,100,65535,1,1660,-1.01,-0.92,-0.19,-0.12,0.16,0.20,29.7,512,254,0,12,37.5,415,421,495
23/09/2019 09:52:26.410,87,20.1,-3276.8,-13,0.02,0.03,3.757,26,21.000,65535.000,255,0.001580,0.000120,100,57,100,65535,1,1661,-1.01,-0.92,-0.20,-0.12,0.16,0.20,29.7,512,254,0,12,37.5,421,426,499
23/09/2019 09:52:27.410,84,20.1,-3276.8,-13,0.01,0.03,3.742,23,19.000,65535.000,255,0.001540,0.000120,100,57,100,65535,1,1662,-1.00,-0.92,-0.19,-0.12,0.16,0.20,29.7,512,254,0,12,37.5,420,425,498
23/09/2019 09:52:28.410,83,20.7,-3276.8,-14,0.01,0.15,3.727,21,18.000,65535.000,255,0.001540,0.000120,100,57,100,65535,1,1663,-1.01,-0.91,-0.19,0.06,0.16,0.21,29.7,512,254,0,12,37.5,414,420,494
23/09/2019 09:52:29.410,82,20.7,-3276.8,-14,0.01,0.03,3.722,20,18.000,65535.000,255,0.001540,0.000100,100,57,100,65535,1,1664,-1.02,-0.92,-0.19,-0.12,0.16,0.21,29.7,512,254,0,12,37.5,415,421,493
23/09/2019 09:52:30.410,80,21.3,-3276.8,-14,0.01,0.03,3.730,21,16.000,65535.000,255,0.001540,0.000100,100,57,100,65535,1,1665,-1.00,-0.91,-0.18,-0.13,0.16,0.21,29.7,512,254,0,12,37.5,415,420,494
23/09/2019 09:52:31.410,80,21.3,-3276.8,-14,0.01,0.04,3.740,23,17.000,65535.000,255,0.001580,0.000100,100,57,100,65535,1,1666,-1.00,-0.92,-0.20,-0.12,0.16,0.21,29.7,512,254,0,12,37.5,415,420,495
23/09/2019 09:52:32.410,80,19.5,-3276.8,-13,0.01,0.03,3.750,25,17.000,65535.000,255,0.001580,0.000100,100,57,100,65535,1,1667,-1.01,-0.93,-0.20,-0.12,0.16,0.20,29.7,512,254,0,12,37.5,414,419,495
23/09/2019 09:52:33.410,77,19.5,-3276.8,-14,0.01,0.04,3.755,25,18.000,65535.000,255,0.001580,0.000080,100,57,100,65535,1,1668,-1.01,-0.91,-0.19,-0.13,0.16,0.21,29.7,512,254,0,12,37.5,414,420,495
23/09/2019 09:52:34.410,77,18.1,-3276.8,-13,0.01,0.03,3.757,26,17.000,65535.000,255,0.001580,0.000080,100,57,100,65535,1,1669,-1.01,-0.91,-0.20,-0.13,0.15,0.20,29.7,512,254,0,12,37.5,414,419,494
23/09/2019 09:52:35.410,74,18.1,-3276.8,-13,0.01,0.03,3.759,26,18.000,65535.000,255,0.001560,0.000100,100,57,100,65535,1,1670,-1.01,-0.91,-0.20,-0.13,0.16,0.20,29.7,512,254,0,12,37.5,415,420,494
23/09/2019 09:52:36.410,74,16.9,-3276.8,-13,0.01,0.04,3.757,26,18.000,65535.000,255,0.001560,0.000100,100,57,100,65535,1,1671,-1.01,-0.90,-0.19,-0.12,0.16,0.21,29.7,512,254,0,12,37.5,415,420,495
23/09/2019 09:52:37.410,72,16.9,-3276.8,-14,0.01,0.03,3.747,24,18.000,65535.000,255,0.001540,0.000100,100,57,100,65535,1,1672,-1.01,-0.92,-0.21,-0.13,0.16,0.20,29.7,512,254,0,12,37.5,415,420,494
23/09/2019 09:52:38.410,70,16.1,-3276.8,-13,0.01,0.03,3.737,22,18.000,65535.000,255,0.001540,0.000100,100,57,100,65535,1,1673,-1.01,-0.92,-0.20,-0.12,0.16,0.20,29.7,512,254,0,12,37.5,414,420,495
23/09/2019 09:52:39.410,71,16.1,-3276.8,-13,0.01,0.03,3.720,20,17.000,65535.000,255,0.001540,0.000100,100,57,100,65535,1,1674,-1.01,-0.92,-0.21,-0.13,0.16,0.20,29.7,512,254,0,12,37.5,414,420,494
23/09/2019 09:52:40.410,70,15.7,-3276.8,-13,0.01,0.04,3.697,16,17.000,65535.000,255,0.001540,0.000100,100,57,100,65535,1,1675,-1.01,-0.91,-0.21,-0.13,0.16,0.21,29.7,512,254,0,12,37.5,414,420,496
23/09/2019 09:52:41.410,72,15.7,-3276.8,-13,0.01,0.04,3.679,13,17.000,65535.000,255,0.001580,0.000080,100,57,100,65535,1,1676,-1.02,-0.91,-0.20,-0.13,0.15,0.21,29.7,512,254,0,12,37.5,414,420,495
23/09/2019 09:52:42.410,73,15.6,-3276.8,-14,0.01,0.04,3.685,14,17.000,65535.000,255,0.001580,0.000080,100,57,100,65535,1,1677,-1.02,-0.92,-0.21,-0.13,0.16,0.20,29.7,512,254,0,12,37.5,428,430,494
23/09/2019 09:52:43.410,74,15.6,-3276.8,-13,0.01,0.03,3.701,16,18.000,65535.000,255,0.001600,0.000100,100,57,100,65535,1,1678,-1.01,-0.93,-0.20,-0.12,0.16,0.21,29.7,512,254,0,12,37.5,411,415,471
23/09/2019 09:52:44.410,76,15.9,-3276.8,-13,0.01,0.03,3.714,19,17.000,65535.000,255,0.001600,0.000100,100,57,100,65535,1,1679,-1.01,-0.95,-0.20,-0.13,0.16,0.20,29.7,512,254,0,12,37.5,415,420,494
23/09/2019 09:52:45.410,74,15.9,-3276.8,-13,0.01,0.03,3.725,20,18.000,65535.000,255,0.001580,0.000100,100,57,100,65535,1,1680,-1.01,-0.95,-0.20,-0.13,0.16,0.20,29.7,512,254,0,12,37.5,414,420,495
23/09/2019 09:52:46.410,74,16.4,-3276.8,-13,0.01,0.04,3.735,22,18.000,65535.000,255,0.001580,0.000080,100,57,100,65535,1,1681,-1.01,-0.93,-0.21,-0.13,0.15,0.20,29.7,512,254,0,12,37.5,419,424,500
23/09/2019 09:52:47.410,72,16.4,-3276.8,-13,0.01,0.06,3.745,24,18.000,65535.000,255,0.001540,0.000080,100,57,100,65535,1,1682,-1.01,-0.91,-0.20,-0.12,0.15,0.20,29.7,512,254,0,12,37.5,415,420,494
23/09/2019 09:52:48.410,72,17.1,-3276.8,-14,0.02,0.04,3.755,25,19.000,65535.000,255,0.001540,0.000120,100,57,100,65535,1,1683,-1.02,-0.95,-0.22,-0.13,0.16,0.19,29.7,512,254,0,12,37.5,415,420,495
23/09/2019 09:52:49.410,73,17.1,-3276.8,-14,0.02,0.06,3.757,26,22.000,65535.000,255,0.001640,0.000140,100,57,100,65535,1,1684,-1.01,-0.92,-0.21,-0.12,0.15,0.22,29.7,512,254,0,12,37.5,415,420,495
23/09/2019 09:52:50.410,76,17.8,-3276.8,-13,0.02,0.07,3.758,26,21.000,65535.000,255,0.001640,0.000140,100,57,100,65535,1,1685,-1.00,-0.91,-0.24,-0.10,0.16,0.22,29.7,512,254,0,12,37.5,415,420,495
23/09/2019 09:52:51.410,78,17.8,-3276.8,-13,0.02,0.06,3.758,26,21.000,65535.000,255,0.001800,0.000120,100,57,100,65535,1,1686,-1.02,-0.92,-0.19,-0.12,0.16,0.21,29.7,512,254,0,12,37.5,415,420,495
23/09/2019 09:52:52.410,77,18.4,-3276.8,-13,0.01,0.13,3.749,24,20.000,65535.000,255,0.001800,0.000120,100,57,100,65535,1,1687,-1.01,-0.92,-0.19,0.03,0.16,0.21,29.7,512,254,0,12,37.5,416,420,495
23/09/2019 09:52:53.410,77,18.4,-3276.8,-13,0.01,0.03,3.732,22,19.000,65535.000,255,0.001740,0.000140,100,57,100,65535,1,1688,-1.02,-0.92,-0.20,-0.12,0.16,0.21,29.7,512,254,0,12,37.5,415,420,495
23/09/2019 09:52:54.410,77,19.0,-3276.8,-13,0.02,0.04,3.720,20,20.000,65535.000,255,0.001740,0.000180,100,57,100,65535,1,1689,-1.01,-0.93,-0.19,-0.10,0.14,0.20,29.7,512,254,0,12,37.5,416,421,495
23/09/2019 09:52:55.410,80,19.0,-3276.8,-12,0.03,0.08,3.724,20,20.000,65535.000,255,0.001740,0.000180,100,57,100,65535,1,1690,-1.03,-0.89,-0.20,-0.09,0.16,0.26,29.7,512,254,0,12,37.5,415,421,494
23/09/2019 09:52:56.410,80,19.8,-3276.8,-12,0.01,0.04,3.734,22,21.000,65535.000,255,0.001740,0.000160,100,57,100,65535,1,1691,-1.02,-0.92,-0.18,-0.09,0.16,0.20,29.7,512,254,0,12,37.5,416,421,495
23/09/2019 09:52:57.410,83,19.8,-3276.8,-12,0.01,0.06,3.744,24,28.000,65535.000,255,0.001780,0.000140,100,57,100,65535,1,1692,-1.01,-0.90,-0.15,-0.09,0.15,0.21,29.7,512,254,0,12,37.5,414,420,494
23/09/2019 09:52:58.410,80,20.4,-3276.8,-12,0.02,0.04,3.754,25,28.000,65535.000,255,0.001780,0.000120,100,57,100,65535,1,1693,-1.02,-0.92,-0.18,-0.09,0.16,0.20,29.7,512,254,0,12,37.5,415,420,495
23/09/2019 09:52:59.410,79,20.4,-3276.8,-13,0.01,0.03,3.756,26,27.000,65535.000,255,0.001660,0.000100,100,57,100,65535,1,1694,-1.01,-0.91,-0.18,-0.10,0.16,0.21,29.7,512,254,0,12,37.5,417,424,506
23/09/2019 09:53:00.410,77,20.7,-3276.8,-12,0.01,0.04,3.757,26,26.000,65535.000,255,0.001660,0.000100,100,57,100,65535,1,1695,-1.01,-0.93,-0.19,-0.10,0.16,0.20,29.7,512,254,0,12,37.5,398,409,472
23/09/2019 09:53:01.410,75,20.7,-3276.8,-13,0.01,0.02,3.759,26,23.000,65535.000,255,0.001600,0.000080,100,57,100,65535,1,1696,-1.01,-0.93,-0.16,-0.10,0.16,0.20,29.7,512,254,0,12,37.5,415,420,495
23/09/2019 09:53:02.410,75,21.0,-3276.8,-12,0.02,0.03,3.759,26,22.000,65535.000,255,0.001600,0.000160,100,57,100,65535,1,1697,-1.01,-0.92,-0.18,-0.10,0.16,0.20,29.7,512,254,0,12,37.5,415,420,495
23/09/2019 09:53:03.410,76,21.0,-3276.8,-12,0.03,0.06,3.759,26,21.000,65535.000,255,0.001660,0.000200,100,57,100,65535,1,1698,-1.03,-0.90,-0.19,-0.07,0.16,0.24,29.7,512,254,0,12,37.5,423,432,508
23/09/2019 09:53:04.410,81,21.3,-3276.8,-12,0.02,0.06,3.758,26,22.000,65535.000,255,0.001660,0.000180,100,57,100,65535,1,1699,-1.02,-0.90,-0.14,-0.06,0.15,0.25,29.7,512,254,0,12,37.5,417,422,496
23/09/2019 09:53:05.410,86,21.3,-3276.8,-11,0.02,0.04,3.746,24,21.000,65535.000,255,0.001700,0.000180,100,57,100,65535,1,1700,-1.02,-0.92,-0.13,-0.06,0.15,0.21,29.7,512,254,0,12,37.5,415,421,495
23/09/2019 09:53:06.410,87,21.8,-3276.8,-11,0.01,0.03,3.729,21,21.000,65535.000,255,0.001700,0.000160,100,57,100,65535,1,1701,-1.01,-0.92,-0.13,-0.04,0.16,0.20,29.7,512,254,0,12,37.5,414,421,495
23/09/2019 09:53:07.410,85,21.8,-3276.8,-11,0.01,0.04,3.721,20,20.000,65535.000,255,0.001680,0.000140,100,57,100,65535,1,1702,-1.02,-0.92,-0.14,-0.07,0.16,0.20,29.7,512,254,0,12,37.5,415,420,495
23/09/2019 09:53:08.410,81,22.0,-3276.8,-11,0.02,0.03,3.728,21,19.000,65535.000,255,0.001680,0.000160,100,57,100,65535,1,1703,-1.02,-0.93,-0.14,-0.07,0.16,0.20,29.7,512,95,0,12,37.5,414,420,494
23/09/2019 09:53:09.410,79,22.0,-3276.8,-11,0.02,0.04,3.738,23,19.000,65535.000,255,0.001680,0.000140,100,57,100,65535,1,1704,-1.01,-0.92,-0.14,-0.04,0.16,0.22,29.7,512,254,0,12,37.5,415,421,495
23/09/2019 09:53:10.410,81,20.1,-3276.8,-12,0.02,0.09,3.748,24,20.000,65535.000,255,0.001680,0.000180,100,57,100,65535,1,1705,-1.03,-0.92,-0.15,0.06,0.16,0.21,29.7,512,254,0,12,37.5,416,420,495
23/09/2019 09:53:11.410,82,20.1,-3276.8,-12,0.01,0.04,3.755,25,20.000,65535.000,255,0.001760,0.000140,100,57,100,65535,1,1706,-1.01,-0.92,-0.15,-0.07,0.16,0.21,29.7,512,254,0,12,37.5,415,420,495
23/09/2019 09:53:12.410,80,18.7,-3276.8,-12,0.01,0.03,3.756,26,20.000,65535.000,255,0.001760,0.000140,100,57,100,65535,1,1707,-1.03,-0.92,-0.14,-0.07,0.16,0.20,29.7,512,254,0,12,37.5,416,420,495
23/09/2019 09:53:13.410,80,18.7,-3276.8,-12,0.02,0.04,3.758,26,20.000,65535.000,255,0.001820,0.000140,100,57,100,65535,1,1708,-1.02,-0.91,-0.14,-0.07,0.16,0.21,29.7,512,254,0,12,37.5,415,421,495
23/09/2019 09:53:14.410,78,17.7,-3276.8,-11,0.01,0.04,3.758,26,20.000,65535.000,255,0.001820,0.000160,100,57,100,65535,1,1709,-1.02,-0.91,-0.15,-0.06,0.16,0.20,29.7,512,254,0,12,37.5,415,420,494
23/09/2019 09:53:15.410,78,17.7,-3276.8,-11,0.01,0.03,3.758,26,19.000,65535.000,255,0.001800,0.000140,100,57,100,65535,1,1710,-1.01,-0.92,-0.14,-0.07,0.16,0.20,29.7,512,254,0,12,37.5,415,421,494
23/09/2019 09:53:16.410,78,17.2,-3276.8,-12,0.01,0.04,3.759,26,20.000,65535.000,255,0.001800,0.000160,100,57,100,65535,1,1711,-1.02,-0.93,-0.13,-0.07,0.16,0.21,29.7,512,254,0,12,37.5,415,420,493
23/09/2019 09:53:17.410,79,17.2,-3276.8,-12,0.01,0.04,3.754,25,20.000,65535.000,255,0.001860,0.000160,100,57,100,65535,1,1712,-1.02,-0.92,-0.15,-0.07,0.16,0.20,29.7,512,254,0,12,37.5,415,427,497
23/09/2019 09:53:18.410,80,17.0,-3276.8,-12,0.02,0.06,3.739,23,21.000,65535.000,255,0.001860,0.000160,100,57,100,65535,1,1713,-1.01,-0.92,-0.14,-0.04,0.15,0.21,29.7,512,254,0,12,37.5,409,413,491
23/09/2019 09:53:19.410,83,17.0,-3276.8,-12,0.02,0.06,3.726,21,23.000,65535.000,255,0.001780,0.000160,100,57,100,65535,1,1714,-1.01,-0.92,-0.15,-0.08,0.16,0.25,29.7,512,254,0,12,37.5,411,402,494
23/09/2019 09:53:20.410,83,17.1,-3276.8,-13,0.02,0.07,3.722,20,24.000,65535.000,255,0.001780,0.000140,100,57,100,65535,1,1715,-1.01,-0.92,-0.19,-0.12,0.16,0.21,29.7,512,254,0,12,37.5,415,420,494
23/09/2019 09:53:21.410,84,17.1,-3276.8,-13,0.02,0.06,3.731,21,23.000,65535.000,255,0.001660,0.000140,100,57,100,65535,1,1716,-1.01,-0.90,-0.20,-0.10,0.16,0.22,29.7,512,254,0,12,37.5,423,428,505
23/09/2019 09:53:22.410,82,17.5,-3276.8,-13,0.01,0.03,3.741,23,23.000,65535.000,255,0.001660,0.000160,100,57,100,65535,1,1717,-1.01,-0.92,-0.16,-0.10,0.16,0.22,29.7,512,254,0,12,37.5,418,429,496
23/09/2019 09:53:23.410,82,17.5,-3276.8,-13,0.01,0.03,3.751,25,23.000,65535.000,255,0.001760,0.000140,100,57,100,65535,1,1718,-1.01,-0.92,-0.16,-0.10,0.16,0.22,29.7,512,254,0,12,37.5,415,420,494
23/09/2019 09:53:24.410,79,18.1,-3276.8,-13,0.01,0.06,3.755,25,22.000,65535.000,255,0.001760,0.000160,100,57,100,65535,1,1719,-1.02,-0.90,-0.16,-0.10,0.16,0.21,29.7,512,254,0,12,37.5,414,419,494
23/09/2019 09:53:25.410,81,18.1,-3276.8,-13,0.02,0.08,3.757,26,24.000,65535.000,255,0.001840,0.000180,100,57,100,65535,1,1720,-1.03,-0.90,-0.16,-0.07,0.16,0.25,29.7,512,254,0,12,37.5,416,419,495
23/09/2019 09:53:26.410,82,19.0,-3276.8,-13,0.02,0.10,3.758,26,26.000,65535.000,255,0.001840,0.000180,100,57,100,65535,1,1721,-1.01,-0.91,-0.31,-0.08,0.16,0.21,29.7,512,254,0,12,37.5,415,419,495
23/09/2019 09:53:27.410,85,19.0,-3276.8,-13,0.02,0.04,3.758,26,25.000,65535.000,255,0.001840,0.000180,100,57,100,65535,1,1722,-1.02,-0.92,-0.20,-0.12,0.16,0.24,29.7,512,254,0,12,37.5,415,420,494
23/09/2019 09:53:28.410,87,20.1,-3276.8,-13,0.02,0.07,3.759,26,23.000,65535.000,255,0.001840,0.000200,100,57,100,65535,1,1723,-1.02,-0.89,-0.20,-0.10,0.15,0.24,29.7,512,254,0,12,37.5,415,419,493
23/09/2019 09:53:29.410,93,20.1,-3276.8,-14,0.03,0.09,3.759,26,32.000,65535.000,255,0.001940,0.000360,100,57,100,65535,1,1724,-1.02,-0.86,-0.21,-0.12,0.16,0.25,29.7,512,254,0,12,37.5,415,420,495
23/09/2019 09:53:30.410,95,21.1,-3276.8,-15,0.04,0.09,3.752,25,47.000,65535.000,255,0.001940,0.000380,99,57,100,65535,1,1725,-1.04,-0.86,-0.26,-0.14,0.16,0.22,29.7,512,254,0,12,37.5,416,420,496
23/09/2019 09:53:31.410,95,21.1,-3276.8,-15,0.03,0.07,3.735,22,49.000,65535.000,255,0.001900,0.000320,99,57,100,65535,1,1726,-1.03,-0.89,-0.22,-0.14,0.16,0.25,29.7,512,254,0,12,37.5,414,420,495
23/09/2019 09:53:32.410,95,22.0,-3276.8,-15,0.03,0.07,3.723,20,48.000,65535.000,255,0.001900,0.000300,100,57,100,65535,1,1727,-1.02,-0.89,-0.25,-0.14,0.16,0.24,29.7,512,254,0,12,37.5,415,420,494
23/09/2019 09:53:33.410,94,22.0,-3276.8,-15,0.05,0.18,3.724,20,48.000,65535.000,255,0.001720,0.000280,100,57,100,65535,1,1728,-1.12,-0.84,-0.27,-0.08,0.14,0.34,29.7,512,254,-2,12,37.5,416,420,494
23/09/2019 09:53:34.410,91,22.8,-3276.8,-16,0.03,0.08,3.734,22,53.000,65535.000,255,0.001720,0.000220,100,57,100,65535,1,1729,-1.03,-0.89,-0.27,-0.12,0.14,0.27,29.7,512,254,0,12,37.5,415,421,495
23/09/2019 09:53:35.410,92,22.8,-3276.8,-17,0.04,0.07,3.744,24,93.000,65535.000,255,0.001860,0.000160,100,57,100,65535,1,1730,-1.03,-0.87,-0.25,-0.16,0.18,0.27,29.7,512,254,0,12,37.5,415,421,495
23/09/2019 09:53:36.410,93,23.5,-3276.8,-17,0.02,0.04,3.748,24,99.000,65535.000,255,0.001860,0.000160,100,57,100,65535,1,1731,-1.01,-0.93,-0.25,-0.16,0.16,0.21,29.7,512,254,0,12,37.5,414,405,493
23/09/2019 09:53:37.410,92,23.5,-3276.8,-16,0.02,0.04,3.738,23,103.000,65535.000,255,0.001860,0.000140,100,57,100,65535,1,1732,-1.02,-0.92,-0.24,-0.16,0.15,0.21,29.7,512,254,0,12,37.5,402,408,484
23/09/2019 09:53:38.410,92,24.1,-3276.8,-16,0.02,0.06,3.728,21,99.000,65535.000,255,0.001860,0.000120,100,57,100,65535,1,1733,-1.03,-0.93,-0.26,-0.16,0.15,0.20,29.7,512,254,0,12,37.5,415,420,495
23/09/2019 09:53:39.410,98,24.1,-3276.8,-15,0.02,0.04,3.718,19,88.000,65535.000,255,0.001680,0.000100,100,57,100,65535,1,1734,-1.00,-0.92,-0.26,-0.15,0.16,0.20,29.7,512,254,0,12,37.5,421,430,506
23/09/2019 09:53:40.410,100,24.6,-3276.8,-15,0.01,0.03,3.711,18,80.000,65535.000,255,0.001680,0.000100,100,57,100,65535,1,1735,-1.00,-0.92,-0.24,-0.16,0.15,0.20,29.7,512,254,0,12,37.5,416,424,496
23/09/2019 09:53:41.410,99,24.6,-3276.8,-15,0.01,0.03,3.710,18,73.000,65535.000,255,0.001640,0.000100,100,57,100,65535,1,1736,-1.01,-0.92,-0.26,-0.16,0.16,0.20,29.7,512,254,0,12,37.5,415,420,494
23/09/2019 09:53:42.410,98,25.1,-3276.8,-15,0.01,0.04,3.719,19,67.000,65535.000,255,0.001640,0.000080,100,57,100,65535,1,1737,-1.01,-0.93,-0.25,-0.15,0.16,0.21,29.7,512,254,0,12,37.5,414,421,495
23/09/2019 09:53:43.410,96,25.1,-3276.8,-15,0.01,0.04,3.729,21,66.000,65535.000,255,0.001660,0.000080,100,57,100,65535,1,1738,-1.01,-0.91,-0.24,-0.18,0.16,0.21,29.7,512,254,0,12,37.5,415,421,495
23/09/2019 09:53:44.410,94,25.4,-3276.8,-16,0.01,0.03,3.739,23,64.000,65535.000,255,0.001660,0.000060,100,57,100,65535,1,1739,-1.01,-0.93,-0.26,-0.18,0.16,0.20,29.7,512,254,0,12,37.5,414,420,494
23/09/2019 09:53:45.410,89,25.4,-3276.8,-16,0.01,0.03,3.749,24,59.000,65535.000,255,0.001720,0.000060,100,57,100,65535,1,1740,-1.01,-0.93,-0.25,-0.16,0.16,0.20,29.7,512,254,0,12,37.5,415,420,495
23/09/2019 09:53:46.410,86,25.7,-3276.8,-16,0.01,0.04,3.756,26,55.000,65535.000,255,0.001720,0.000060,100,57,100,65535,1,1741,-1.01,-0.92,-0.26,-0.16,0.16,0.22,29.7,512,254,0,12,37.5,415,420,494
23/09/2019 09:53:47.410,83,25.7,-3276.8,-16,0.01,0.03,3.757,26,55.000,65535.000,255,0.001740,0.000060,100,57,100,65535,1,1742,-1.02,-0.92,-0.25,-0.16,0.15,0.19,29.7,512,0,0,12,37.5,415,420,495
23/09/2019 09:53:48.410,82,23.4,-3276.8,-16,0.02,0.04,3.757,26,52.000,65535.000,255,0.001740,0.000060,100,57,100,65535,1,1743,-1.02,-0.91,-0.26,-0.16,0.16,0.21,29.7,512,254,0,12,37.5,415,421,495
23/09/2019 09:53:49.410,86,23.4,-3276.8,-16,0.02,0.04,3.758,26,53.000,65535.000,255,0.001740,0.000060,100,57,100,65535,1,1744,-1.00,-0.91,-0.25,-0.18,0.16,0.21,29.7,512,175,0,12,37.5,415,420,494
23/09/2019 09:53:50.410,89,21.7,-3276.8,-16,0.01,0.03,3.758,26,49.000,65535.000,255,0.001740,0.000060,100,57,100,65535,1,1745,-1.01,-0.92,-0.25,-0.18,0.16,0.21,29.7,512,254,0,12,37.5,415,420,495
23/09/2019 09:53:51.410,87,21.7,-3276.8,-16,0.01,0.04,3.759,26,46.000,65535.000,255,0.001660,0.000060,100,57,100,65535,1,1746,-1.02,-0.91,-0.26,-0.18,0.16,0.20,29.7,512,254,0,12,37.5,415,419,495
23/09/2019 09:53:52.410,86,20.1,-3276.8,-16,0.01,0.03,3.759,26,44.000,65535.000,255,0.001660,0.000040,100,57,100,65535,1,1747,-1.00,-0.92,-0.25,-0.19,0.16,0.20,29.7,512,254,0,12,37.5,415,421,495
23/09/2019 09:53:53.410,84,20.1,-3276.8,-16,0.01,0.04,3.759,26,42.000,65535.000,255,0.001660,0.000040,100,57,100,65535,1,1748,-1.01,-0.92,-0.26,-0.16,0.15,0.21,29.7,512,254,0,12,37.5,419,421,492
23/09/2019 09:53:54.410,82,19.0,-3276.8,-16,0.01,0.04,3.759,26,41.000,65535.000,255,0.001660,0.000040,100,57,100,65535,1,1749,-1.02,-0.91,-0.26,-0.18,0.16,0.20,29.7,512,254,0,12,37.5,398,404,479
23/09/2019 09:53:55.410,80,19.0,-3276.8,-16,0.01,0.04,3.759,26,39.000,65535.000,255,0.001660,0.000040,100,57,100,65535,1,1750,-1.00,-0.92,-0.26,-0.16,0.16,0.20,29.7,512,254,0,12,37.5,414,420,494
23/09/2019 09:53:56.410,82,18.0,-3276.8,-16,0.01,0.03,3.760,26,38.000,65535.000,255,0.001660,0.000040,100,57,100,65535,1,1751,-1.01,-0.92,-0.26,-0.19,0.16,0.22,29.7,512,254,0,12,37.5,424,428,502
23/09/2019 09:53:57.410,82,18.0,-3276.8,-16,0.01,0.04,3.760,26,37.000,65535.000,255,0.001700,0.000040,100,57,100,65535,1,1752,-1.01,-0.93,-0.27,-0.18,0.16,0.20,29.7,512,254,0,12,37.5,416,423,497
23/09/2019 09:53:58.410,81,17.4,-3276.8,-16,0.01,0.03,3.760,26,35.000,65535.000,255,0.001700,0.000040,100,57,100,65535,1,1753,-1.01,-0.92,-0.25,-0.18,0.16,0.21,29.7,512,254,0,12,37.5,414,421,494
23/09/2019 09:53:59.410,79,17.4,-3276.8,-16,0.01,0.03,3.761,26,33.000,65535.000,255,0.001740,0.000040,100,57,100,65535,1,1754,-1.01,-0.92,-0.25,-0.18,0.16,0.20,29.7,512,254,0,12,37.5,415,420,495
23/09/2019 09:54:00.410,78,17.2,-3276.8,-16,0.01,0.03,3.761,26,32.000,65535.000,255,0.001740,0.000040,100,57,100,65535,1,1755,-1.01,-0.93,-0.26,-0.19,0.16,0.20,29.7,512,254,0,12,37.5,415,420,493
23/09/2019 09:54:01.410,80,17.2,-3276.8,-16,0.01,0.03,3.761,26,29.000,65535.000,255,0.001660,0.000040,100,57,100,65535,1,1756,-1.01,-0.93,-0.26,-0.18,0.15,0.20,29.7,512,254,0,12,37.5,415,421,495
23/09/2019 09:54:02.410,80,17.2,-3276.8,-16,0.02,0.08,3.761,26,29.000,65535.000,255,0.001660,0.000100,100,57,100,65535,1,1757,-1.02,-0.92,-0.25,-0.13,0.15,0.22,29.7,512,254,0,12,37.5,415,420,495
23/09/2019 09:54:03.410,82,17.2,-3276.8,-13,0.09,0.19,3.761,26,28.000,65535.000,255,0.001660,0.000180,100,57,100,65535,1,1758,-1.19,-0.87,-0.14,-0.01,0.00,0.21,29.7,512,254,0,12,37.5,415,420,495
23/09/2019 09:54:04.410,87,17.3,-3276.8,-7,0.16,0.30,3.761,26,32.000,65535.000,255,0.001660,0.000200,100,57,100,65535,1,1759,-1.10,-0.90,-0.33,0.12,-0.20,0.14,29.7,512,254,0,12,37.5,414,420,494
23/09/2019 09:54:05.410,89,17.3,-3276.8,4,0.16,0.24,3.761,26,47.000,65535.000,255,0.001840,0.000180,100,57,100,65535,1,1760,-1.06,-0.90,-0.09,0.04,-0.21,-0.06,29.7,512,254,0,12,37.5,416,420,494
23/09/2019 09:54:06.410,87,17.4,-3276.8,4,0.10,0.18,3.761,26,48.000,65535.000,255,0.001840,0.000220,100,57,100,65535,1,1761,-1.06,-0.91,-0.13,0.04,-0.21,0.14,29.7,512,254,0,12,37.5,422,427,496
23/09/2019 09:54:07.410,86,17.4,-3276.8,3,0.05,0.14,3.761,26,46.000,65535.000,255,0.001840,0.000180,100,57,100,65535,1,1762,-1.04,-0.92,-0.13,0.01,-0.03,0.10,29.7,512,254,0,12,37.5,408,414,492
23/09/2019 09:54:08.410,85,17.4,-3276.8,4,0.05,0.16,3.761,26,45.000,65535.000,255,0.001840,0.000200,100,57,100,65535,1,1763,-1.06,-0.89,-0.13,0.00,-0.10,0.15,29.7,512,254,0,12,37.5,415,421,495
23/09/2019 09:54:09.410,83,17.4,-3276.8,6,0.15,0.37,3.762,27,49.000,65535.000,255,0.001720,0.002060,90,57,100,65535,1,1764,-1.08,-0.81,-0.19,0.04,-0.42,0.09,29.7,512,254,0,12,37.5,415,420,493
23/09/2019 09:54:10.410,82,17.4,-3276.8,6,0.10,0.19,3.762,27,51.000,65535.000,255,0.001720,0.001560,79,57,100,65535,1,1765,-1.07,-0.86,-0.13,0.00,-0.22,0.12,29.7,512,254,-2,12,37.5,416,429,503
23/09/2019 09:54:11.410,81,17.4,-3276.8,4,0.05,0.09,3.762,27,55.000,65535.000,255,0.001720,0.000940,69,57,100,65535,1,1766,-1.04,-0.92,-0.13,-0.01,-0.14,0.02,29.7,512,254,0,12,37.5,411,415,478
23/09/2019 09:54:12.410,81,17.4,-3276.8,5,0.04,0.10,3.762,27,50.000,65535.000,255,0.001720,0.000680,60,57,100,65535,1,1767,-1.03,-0.96,-0.19,-0.03,-0.15,0.00,29.7,512,254,0,12,37.5,415,421,468
23/09/2019 09:54:13.410,81,17.4,-3276.8,7,0.02,0.06,3.762,27,44.000,65535.000,255,0.001460,0.000520,53,57,100,65535,1,1768,-1.04,-0.96,-0.16,-0.03,-0.10,-0.03,29.7,512,115,0,12,37.5,414,420,495
23/09/2019 09:54:14.410,82,17.4,-3276.8,6,0.02,0.08,3.762,27,40.000,65535.000,255,0.001460,0.000440,53,57,100,65535,1,1769,-1.03,-0.96,-0.19,-0.04,-0.10,-0.01,29.7,512,254,-1,12,37.5,425,433,510
23/09/2019 09:54:15.410,88,17.4,-3276.8,6,0.03,0.10,3.762,27,35.000,65535.000,255,0.001440,0.000320,56,57,100,65535,1,1770,-1.04,-0.93,-0.16,0.01,-0.09,0.03,29.7,512,254,0,12,37.5,417,423,496
23/09/2019 09:54:16.410,95,17.4,-3276.8,5,0.03,0.08,3.762,27,34.000,65535.000,255,0.001440,0.000280,61,57,100,65535,1,1771,-1.03,-0.95,-0.13,-0.03,-0.03,0.07,29.7,512,254,0,12,37.5,415,421,495
23/09/2019 09:54:17.410,100,17.4,-3276.8,5,0.03,0.14,3.762,27,44.000,65535.000,255,0.001360,0.000220,66,57,100,65535,1,1772,-1.03,-0.96,-0.31,-0.04,-0.02,0.08,29.7,512,210,0,12,37.5,416,421,495
23/09/2019 09:54:18.410,100,17.3,-3276.8,-6,0.04,0.08,3.762,27,45.000,65535.000,255,0.001360,0.000460,70,57,100,65535,1,1773,-1.03,-0.95,-0.18,-0.07,-0.04,0.09,29.7,512,254,0,12,37.5,417,422,496
23/09/2019 09:54:19.410,99,17.3,-3276.8,-7,0.03,0.08,3.762,27,53.000,65535.000,255,0.001320,0.000540,66,57,100,65535,1,1774,-1.04,-0.92,-0.20,-0.06,-0.02,0.08,29.7,512,254,0,12,37.5,415,422,494
23/09/2019 09:54:20.410,99,17.2,-3276.8,-6,0.04,0.09,3.762,27,51.000,65535.000,255,0.001320,0.000480,63,57,100,65535,1,1775,-1.04,-0.95,-0.16,-0.03,-0.08,0.12,29.7,512,254,0,12,37.5,416,421,495
23/09/2019 09:54:21.410,99,17.2,-3276.8,-6,0.02,0.07,3.762,27,46.000,65535.000,255,0.001220,0.000380,61,57,100,65535,1,1776,-1.03,-0.97,-0.14,-0.02,-0.03,0.09,29.7,512,254,0,12,37.5,416,421,495
23/09/2019 09:54:22.410,98,17.2,-3276.8,-6,0.02,0.08,3.763,27,43.000,65535.000,255,0.001220,0.000280,63,57,100,65535,1,1777,-1.03,-0.95,-0.12,-0.04,-0.02,0.09,29.7,512,254,0,12,37.5,415,421,495
23/09/2019 09:54:23.410,97,17.2,-3276.8,-6,0.01,0.04,3.763,27,46.000,65535.000,255,0.001160,0.000200,67,57,100,65535,1,1778,-1.03,-0.96,-0.13,-0.06,-0.02,0.03,29.7,512,254,0,12,37.5,416,421,495
23/09/2019 09:54:24.410,96,17.0,-3276.8,-5,0.02,0.08,3.763,27,42.000,65535.000,255,0.001160,0.000180,71,57,100,65535,1,1779,-1.04,-0.93,-0.12,-0.02,-0.03,0.09,29.7,512,254,0,12,37.5,416,421,494
23/09/2019 09:54:25.410,86,17.0,-3276.8,5,0.02,0.04,3.763,27,38.000,65535.000,255,0.001160,0.000160,75,57,100,65535,1,1780,-1.04,-0.96,-0.12,-0.03,-0.03,0.04,29.7,512,0,0,12,37.5,415,420,494
23/09/2019 09:54:26.410,85,16.9,-3276.8,5,0.02,0.04,3.763,27,35.000,65535.000,255,0.001160,0.000180,78,57,100,65535,1,1781,-1.04,-0.96,-0.12,-0.03,-0.03,0.04,29.7,512,254,0,12,37.5,414,420,494
23/09/2019 09:54:27.410,85,16.9,-3276.8,4,0.02,0.06,3.763,27,32.000,65535.000,255,0.001720,0.000160,72,57,100,65535,1,1782,-1.04,-0.93,-0.12,-0.02,-0.04,0.06,29.7,512,254,0,12,37.5,415,421,495
23/09/2019 09:54:28.410,86,16.9,-3276.8,4,0.01,0.07,3.763,27,29.000,65535.000,255,0.001720,0.000140,68,57,100,65535,1,1783,-1.04,-0.92,-0.12,-0.02,-0.06,0.03,29.7,512,254,0,12,37.5,415,420,495
23/09/2019 09:54:29.410,87,16.9,-3276.8,4,0.02,0.03,3.763,27,26.000,65535.000,255,0.001680,0.000140,65,57,100,65535,1,1784,-1.04,-0.96,-0.09,-0.03,-0.03,0.02,29.7,512,254,0,12,37.5,415,421,496
23/09/2019 09:54:30.410,87,17.0,-3276.8,3,0.03,0.06,3.763,27,24.000,65535.000,255,0.001680,0.000180,62,57,100,65535,1,1785,-1.04,-0.93,-0.09,0.01,-0.07,0.03,29.7,512,254,0,12,37.5,418,422,504
23/09/2019 09:54:31.410,87,17.0,-3276.8,3,0.02,0.06,3.763,27,22.000,65535.000,255,0.001560,0.000160,67,57,100,65535,1,1786,-1.03,-0.95,-0.09,0.00,-0.04,0.03,29.7,512,254,0,12,37.5,410,410,498
23/09/2019 09:54:32.410,88,17.1,-3276.8,2,0.02,0.04,3.763,27,21.000,65535.000,255,0.001560,0.000140,71,57,100,65535,1,1787,-1.03,-0.95,-0.06,0.00,-0.04,0.00,29.7,512,254,0,12,37.5,398,411,466
23/09/2019 09:54:33.410,89,17.1,-3276.8,2,0.01,0.06,3.752,25,19.000,65535.000,255,0.001480,0.000120,75,57,100,65535,1,1788,-1.03,-0.93,-0.07,0.02,-0.06,0.01,29.7,512,254,0,12,37.5,415,420,494
23/09/2019 09:54:34.410,87,15.4,-3276.8,2,0.01,0.03,3.734,22,16.000,65535.000,255,0.001480,0.000100,78,57,100,65535,1,1789,-1.03,-0.96,-0.07,0.00,-0.07,-0.01,29.7,512,254,0,12,37.5,414,420,495
23/09/2019 09:54:35.410,83,15.4,-3276.8,2,0.01,0.04,3.724,20,14.000,65535.000,255,0.001500,0.000100,81,57,100,65535,1,1790,-1.03,-0.95,-0.06,0.01,-0.04,-0.01,29.7,512,254,0,12,37.5,423,426,498
23/09/2019 09:54:36.410,81,14.2,-3276.8,2,0.01,0.04,3.724,20,13.000,65535.000,255,0.001500,0.000100,83,57,100,65535,1,1791,-1.03,-0.96,-0.07,0.01,-0.06,0.01,29.7,512,254,0,12,37.5,417,425,499
23/09/2019 09:54:37.410,79,14.2,-3276.8,3,0.01,0.04,3.718,19,13.000,65535.000,255,0.001480,0.000120,85,57,100,65535,1,1792,-1.03,-0.95,-0.08,0.00,-0.04,0.00,29.7,512,254,0,12,37.5,415,419,494
23/09/2019 09:54:38.410,80,13.3,-3276.8,2,0.01,0.04,3.714,19,13.000,65535.000,255,0.001480,0.000120,87,57,100,65535,1,1793,-1.03,-0.95,-0.09,-0.01,-0.04,0.01,29.7,512,254,0,12,37.5,414,420,494
23/09/2019 09:54:39.410,80,13.3,-3276.8,2,0.01,0.03,3.711,18,11.000,65535.000,255,0.001480,0.000100,89,57,100,65535,1,1794,-1.04,-0.96,-0.09,0.00,-0.03,0.01,29.7,512,254,0,12,37.5,414,419,495
23/09/2019 09:54:40.410,81,12.6,-3276.8,2,0.01,0.04,3.711,18,10.000,65535.000,255,0.001480,0.000080,90,57,100,65535,1,1795,-1.03,-0.96,-0.06,0.02,-0.03,0.02,29.7,512,254,0,12,37.5,414,420,495
23/09/2019 09:54:41.410,81,12.6,-3276.8,2,0.01,0.03,3.713,18,10.000,65535.000,255,0.001500,0.000100,91,57,100,65535,1,1796,-1.04,-0.96,-0.07,0.00,-0.03,0.03,29.7,512,254,0,12,37.5,415,420,494
23/09/2019 09:54:42.410,81,12.0,-3276.8,2,0.01,0.03,3.723,20,11.000,65535.000,255,0.001500,0.000080,92,57,100,65535,1,1797,-1.03,-0.96,-0.07,0.00,-0.03,0.01,29.7,512,254,0,12,37.5,414,420,495
23/09/2019 09:54:43.410,81,12.0,-3276.8,2,0.02,0.04,3.733,22,11.000,65535.000,255,0.001560,0.000080,93,57,100,65535,1,1798,-1.03,-0.95,-0.06,0.02,-0.04,0.01,29.7,512,254,0,12,37.5,415,420,494
23/09/2019 09:54:44.410,84,11.7,-3276.8,2,0.01,0.04,3.743,23,10.000,65535.000,255,0.001560,0.000100,94,57,100,65535,1,1799,-1.04,-0.95,-0.07,0.02,-0.03,0.02,29.7,512,254,0,12,37.5,415,419,495
23/09/2019 09:54:45.410,89,11.7,-3276.8,2,0.01,0.04,3.753,25,13.000,65535.000,255,0.001720,0.000260,95,57,100,65535,1,1800,-1.04,-0.96,-0.07,0.02,-0.03,0.02,29.7,512,254,0,12,37.5,415,420,494
23/09/2019 09:54:46.410,91,11.7,-3276.8,2,0.04,0.09,3.757,26,20.000,65535.000,255,0.001720,0.000400,91,57,100,65535,1,1801,-1.04,-0.91,-0.13,0.07,-0.08,0.03,29.7,512,254,0,12,37.5,415,420,495
23/09/2019 09:54:47.410,91,11.7,-3276.8,3,0.02,0.12,3.759,26,19.000,65535.000,255,0.001580,0.000300,92,57,100,65535,1,1802,-1.04,-0.92,-0.09,0.01,-0.15,0.03,29.7,512,254,0,12,37.5,415,421,495
23/09/2019 09:54:48.410,91,11.7,-3276.8,2,0.01,0.07,3.759,26,24.000,65535.000,255,0.001580,0.000220,93,57,100,65535,1,1803,-1.03,-0.96,-0.12,0.00,-0.06,0.00,29.7,512,254,0,12,37.5,415,420,495
23/09/2019 09:54:49.410,90,11.7,-3276.8,3,0.01,0.03,3.759,26,22.000,65535.000,255,0.001500,0.000200,94,62,100,65535,1,1804,-1.03,-0.96,-0.06,0.00,-0.06,0.00,29.7,0,254,0,12,37.5,415,421,494
23/09/2019 09:54:50.410,88,11.8,-3276.8,3,0.02,0.04,3.759,26,21.000,65535.000,255,0.001500,0.000160,95,61,100,65535,1,1805,-1.02,-0.95,-0.08,0.00,-0.06,0.01,29.7,0,254,0,12,37.5,415,420,495
23/09/2019 09:54:51.410,86,11.8,-3276.8,3,0.01,0.03,3.759,26,20.000,65535.000,255,0.001400,0.000140,95,61,100,65535,1,1806,-1.03,-0.96,-0.08,-0.02,-0.04,0.01,29.7,0,254,0,12,37.5,416,421,495
23/09/2019 09:54:52.410,84,11.9,-3276.8,3,0.02,0.08,3.759,26,18.000,65535.000,255,0.001400,0.000200,96,61,100,65535,1,1807,-1.03,-0.96,-0.08,0.01,-0.06,0.07,29.7,0,254,0,12,37.5,416,420,495
23/09/2019 09:54:53.410,85,11.9,-3276.8,3,0.03,0.08,3.759,26,19.000,65535.000,255,0.001280,0.000220,96,61,100,65535,1,1808,-1.03,-0.95,-0.12,0.01,-0.03,0.07,29.7,0,254,0,12,37.5,419,421,504
23/09/2019 09:54:54.410,90,12.0,-3276.8,-2,0.07,0.12,3.760,26,17.000,65535.000,255,0.001280,0.000200,97,61,100,65535,1,1809,-1.04,-0.93,-0.08,0.02,-0.01,0.13,29.7,0,254,0,12,37.5,411,422,488
23/09/2019 09:54:55.410,95,12.0,-3276.8,-3,0.04,0.13,3.760,26,16.000,65535.000,255,0.001700,0.000180,97,62,100,65535,1,1810,-1.04,-0.93,-0.06,0.02,-0.01,0.15,29.7,0,254,0,12,37.5,399,404,475
23/09/2019 09:54:56.410,97,12.2,-3276.8,-2,0.04,0.10,3.760,26,15.000,65535.000,255,0.001700,0.000180,98,62,100,65535,1,1811,-1.04,-0.92,-0.08,0.04,-0.06,0.13,29.7,0,254,0,12,37.5,415,420,495
23/09/2019 09:54:57.410,96,12.2,-3276.8,-2,0.04,0.08,3.760,26,15.000,65535.000,255,0.001700,0.000160,98,62,100,65535,1,1812,-1.03,-0.95,-0.08,0.04,-0.04,0.06,29.7,0,254,0,12,37.5,421,429,508
23/09/2019 09:54:58.410,92,12.5,-3276.8,2,0.04,0.06,3.760,26,14.000,65535.000,255,0.001700,0.000160,98,62,100,65535,1,1813,-1.04,-0.96,-0.07,0.01,-0.07,-0.01,29.7,0,254,-2,12,37.5,422,427,499
23/09/2019 09:54:59.410,88,12.5,-3276.8,3,0.02,0.08,3.760,26,13.000,65535.000,255,0.001620,0.000120,98,62,100,65535,1,1814,-1.03,-0.92,-0.09,-0.01,-0.08,-0.01,29.7,0,254,0,12,37.5,416,421,496
23/09/2019 09:55:00.410,85,12.8,-3276.8,3,0.01,0.10,3.760,26,11.000,65535.000,255,0.001620,0.000120,99,62,100,65535,1,1815,-1.03,-0.96,-0.08,-0.01,-0.07,0.14,29.7,0,254,0,12,37.5,414,420,495
23/09/2019 09:55:01.410,84,12.8,-3276.8,3,0.01,0.04,3.760,26,11.000,65535.000,255,0.001480,0.000080,99,62,100,65535,1,1816,-1.03,-0.96,-0.09,0.01,-0.06,-0.01,29.7,0,210,-11,12,37.5,415,420,496
23/09/2019 09:55:02.410,83,13.1,-3276.8,3,0.03,0.12,3.760,26,10.000,65535.000,255,0.001480,0.000100,99,62,100,65535,1,1817,-1.04,-0.91,-0.09,0.00,-0.16,0.14,29.7,0,254,-2,12,37.5,414,420,494
23/09/2019 09:55:03.410,83,13.1,-3276.8,3,0.02,0.06,3.761,26,10.000,65535.000,255,0.001480,0.000100,99,61,100,65535,1,1818,-1.03,-0.93,-0.07,0.02,-0.07,0.01,29.7,0,254,-2,12,37.5,414,419,494
23/09/2019 09:55:04.410,89,13.4,-3276.8,3,0.01,0.06,3.761,26,13.000,65535.000,255,0.001480,0.000100,99,62,100,65535,1,1819,-1.03,-0.93,-0.07,-0.01,-0.04,0.01,29.7,0,254,0,12,37.5,415,420,495
23/09/2019 09:55:05.410,94,13.4,-3276.8,3,0.01,0.04,3.761,26,12.000,65535.000,255,0.001500,0.000100,99,62,100,65535,1,1820,-1.03,-0.96,-0.09,0.00,-0.06,0.00,29.7,0,254,-6,12,37.5,414,420,494
23/09/2019 09:55:06.410,98,13.7,-3276.8,3,0.01,0.03,3.761,26,14.000,65535.000,255,0.001500,0.000100,99,63,100,65535,1,1821,-1.03,-0.97,-0.07,-0.02,-0.04,0.01,29.7,0,254,-5,12,37.5,415,420,494
23/09/2019 09:55:07.410,101,13.7,-3276.8,2,0.02,0.06,3.761,26,12.000,65535.000,255,0.001640,0.000120,100,64,100,65535,1,1822,-1.04,-0.96,-0.08,0.00,-0.06,0.03,29.7,0,155,0,12,37.5,415,419,494
23/09/2019 09:55:08.410,101,13.9,-3276.8,-2,0.07,0.13,3.761,26,15.000,65535.000,255,0.001640,0.000640,95,64,100,65535,1,1823,-1.03,-0.92,-0.08,0.02,-0.06,0.14,29.7,0,254,0,12,37.5,413,420,494
23/09/2019 09:55:09.410,101,13.9,-3276.8,-3,0.04,0.13,3.762,27,21.000,65535.000,255,0.001480,0.000500,89,64,100,65535,1,1824,-1.04,-0.92,-0.08,0.02,0.01,0.15,29.7,0,254,0,12,37.5,415,419,495
23/09/2019 09:55:10.410,102,14.1,-3276.8,-3,0.02,0.06,3.762,27,20.000,65535.000,255,0.001480,0.000360,85,65,100,65535,1,1825,-1.04,-0.95,-0.09,-0.02,0.01,0.13,29.7,0,254,0,12,37.5,414,419,495
23/09/2019 09:55:11.410,103,14.1,-3276.8,-3,0.03,0.06,3.762,27,19.000,65535.000,255,0.001360,0.000320,84,67,100,65535,1,1826,-1.03,-0.95,-0.08,-0.01,0.02,0.12,29.7,0,254,0,12,37.5,414,420,496
23/09/2019 09:55:12.410,108,14.2,-3276.8,-4,0.04,0.08,3.762,27,18.000,65535.000,255,0.001360,0.000320,83,68,100,65535,1,1827,-1.04,-0.92,-0.07,0.00,-0.02,0.15,29.7,0,254,0,12,37.5,414,419,494
23/09/2019 09:55:13.410,108,14.2,-3276.8,-3,0.04,0.09,3.762,27,16.000,65535.000,255,0.001280,0.000320,83,69,100,65535,1,1828,-1.04,-0.92,-0.07,0.01,-0.02,0.15,29.7,0,254,0,12,37.5,414,419,495
23/09/2019 09:55:14.410,107,14.4,-3276.8,-3,0.03,0.07,3.762,27,16.000,65535.000,255,0.001280,0.000320,81,70,100,65535,1,1829,-1.03,-0.92,-0.07,0.01,-0.01,0.10,29.7,0,254,0,12,37.5,414,420,495
23/09/2019 09:55:15.410,108,14.4,-3276.8,-2,0.03,0.06,3.762,27,17.000,65535.000,255,0.001260,0.000440,81,70,100,65535,1,1830,-1.03,-0.95,-0.06,0.03,-0.01,0.08,29.7,0,254,0,12,37.5,414,420,493
23/09/2019 09:55:16.410,110,14.6,-3276.8,-2,0.06,0.14,3.762,27,21.000,65535.000,255,0.001260,0.000800,72,70,100,65535,1,1831,-1.04,-0.91,-0.12,0.06,-0.10,0.15,29.7,0,254,0,12,37.5,413,419,494
23/09/2019 09:55:17.410,110,14.6,-3276.8,-2,0.04,0.19,3.762,27,23.000,65535.000,255,0.001260,0.000560,66,70,100,65535,1,1832,-1.04,-0.91,-0.07,0.03,-0.19,0.13,29.7,0,254,0,12,37.5,414,419,494
23/09/2019 09:55:18.410,110,14.9,-3276.8,-1,0.05,0.12,3.762,27,25.000,65535.000,255,0.001260,0.000440,62,71,100,65535,1,1833,-1.04,-0.92,-0.06,0.06,-0.07,0.14,29.7,0,254,0,12,37.5,416,423,493
23/09/2019 09:55:19.410,109,14.9,-3276.8,-2,0.03,0.10,3.762,27,26.000,65535.000,255,0.001260,0.000340,62,71,100,65535,1,1834,-1.04,-0.91,-0.03,0.06,0.00,0.13,29.7,0,254,0,12,37.5,405,408,488
23/09/2019 09:55:20.410,104,15.1,-3276.8,-2,0.03,0.08,3.762,27,23.000,65535.000,255,0.001260,0.000280,64,72,100,65535,1,1835,-1.03,-0.92,-0.03,0.06,-0.01,0.13,29.7,0,254,0,12,37.5,392,411,481
23/09/2019 09:55:21.410,102,15.1,-3276.8,-2,0.02,0.07,3.763,27,20.000,65535.000,255,0.001240,0.000220,69,72,100,65535,1,1836,-1.02,-0.95,-0.03,0.07,0.00,0.12,29.7,0,254,0,12,37.5,414,421,494
23/09/2019 09:55:22.410,103,15.1,-3276.8,-2,0.04,0.10,3.763,27,19.000,65535.000,255,0.001240,0.000200,73,73,100,65535,1,1837,-1.03,-0.91,-0.06,0.08,-0.02,0.15,29.7,0,254,0,12,37.5,415,421,494
23/09/2019 09:55:23.410,105,15.1,-3276.8,-2,0.03,0.06,3.763,27,16.000,65535.000,255,0.001240,0.000220,76,73,100,65535,1,1838,-1.03,-0.93,-0.03,0.06,-0.01,0.12,29.7,0,254,0,12,37.5,425,433,501
23/09/2019 09:55:24.410,106,15.3,-3276.8,-1,0.06,0.18,3.763,27,15.000,65535.000,255,0.001240,0.000260,79,74,100,65535,1,1839,-1.06,-0.91,-0.04,0.04,-0.16,0.13,29.7,0,254,0,12,37.5,418,423,497
23/09/2019 09:55:25.410,109,15.3,-3276.8,1,0.07,0.20,3.763,27,22.000,65535.000,255,0.001200,0.000480,76,74,100,65535,1,1840,-1.04,-0.91,-0.09,0.07,-0.21,0.14,29.7,0,254,0,12,37.5,416,421,494
23/09/2019 09:55:26.410,110,15.4,-3276.8,1,0.03,0.08,3.763,27,25.000,65535.000,255,0.001200,0.000360,72,75,100,65535,1,1841,-1.04,-0.91,-0.08,0.00,-0.08,0.00,29.7,0,254,0,12,37.5,415,421,496
23/09/2019 09:55:27.410,111,15.4,-3276.8,2,0.03,0.10,3.763,27,24.000,65535.000,255,0.001160,0.000260,71,75,100,65535,1,1842,-1.04,-0.93,-0.08,0.03,-0.15,0.08,29.7,0,254,0,12,37.5,414,421,495
23/09/2019 09:55:28.410,110,15.7,-3276.8,2,0.03,0.07,3.763,27,22.000,65535.000,255,0.001160,0.000240,74,76,100,65535,1,1843,-1.06,-0.92,-0.06,0.03,-0.08,0.03,29.7,0,254,0,12,37.5,411,415,494
23/09/2019 09:55:29.410,108,15.7,-3276.8,1,0.05,0.16,3.763,27,19.000,65535.000,255,0.001200,0.000220,77,76,100,65535,1,1844,-1.06,-0.89,-0.06,0.04,-0.14,0.15,29.7,0,254,0,12,37.5,414,420,494
23/09/2019 09:55:30.410,103,15.9,-3276.8,2,0.03,0.09,3.763,27,17.000,65535.000,255,0.001200,0.000220,80,76,100,65535,1,1845,-1.04,-0.95,-0.09,0.00,-0.06,0.07,29.7,0,254,0,12,37.5,414,420,495
23/09/2019 09:55:31.410,99,15.9,-3276.8,2,0.02,0.07,3.763,27,16.000,65535.000,255,0.001180,0.000160,83,76,100,65535,1,1846,-1.04,-0.93,-0.08,0.02,-0.09,0.02,29.7,0,254,-3,12,37.5,414,420,494
23/09/2019 09:55:32.410,90,16.0,-3276.8,2,0.02,0.04,3.763,27,16.000,65535.000,255,0.001180,0.000160,85,76,100,65535,1,1847,-1.03,-0.95,-0.08,0.01,-0.04,0.01,29.7,0,254,0,12,37.5,414,420,494
23/09/2019 09:55:33.410,87,16.0,-3276.8,1,0.02,0.06,3.763,27,15.000,65535.000,255,0.001180,0.000120,87,76,100,65535,1,1848,-1.03,-0.95,-0.06,0.03,-0.03,0.03,29.7,0,254,-2,12,37.5,414,419,495
23/09/2019 09:55:34.410,86,16.1,-3276.8,2,0.02,0.04,3.763,27,13.000,65535.000,255,0.001180,0.000140,88,76,100,65535,1,1849,-1.03,-0.93,-0.06,0.03,-0.06,0.00,29.7,0,254,0,12,37.5,414,420,494
23/09/2019 09:55:35.410,87,16.1,-3276.8,1,0.04,0.10,3.761,26,15.000,65535.000,255,0.001800,0.000200,90,76,100,65535,1,1850,-1.04,-0.93,-0.06,0.06,-0.08,0.10,29.7,0,254,0,12,37.5,415,420,494
23/09/2019 09:55:36.410,90,16.2,-3276.8,1,0.03,0.08,3.741,23,13.000,65535.000,255,0.001800,0.000160,91,76,100,65535,1,1851,-1.04,-0.93,-0.03,0.06,-0.02,0.06,29.7,0,254,-5,12,37.5,415,419,494
23/09/2019 09:55:37.410,89,16.2,-3276.8,1,0.02,0.08,3.711,18,13.000,65535.000,255,0.001720,0.000140,92,76,100,65535,1,1852,-1.04,-0.92,-0.06,0.04,-0.03,0.08,29.7,0,254,0,12,37.5,415,420,495
23/09/2019 09:55:38.410,88,16.4,-3276.8,1,0.01,0.03,3.694,15,12.000,65535.000,255,0.001720,0.000120,93,75,100,65535,1,1853,-1.03,-0.95,-0.03,0.02,-0.04,0.01,29.7,0,215,0,12,37.5,414,420,494
23/09/2019 09:55:39.410,87,16.4,-3276.8,1,0.01,0.04,3.692,15,11.000,65535.000,255,0.001620,0.000100,94,75,100,65535,1,1854,-1.02,-0.95,-0.04,0.04,-0.03,0.02,29.7,0,254,0,12,37.5,415,420,495
23/09/2019 09:55:40.410,85,16.6,-3276.8,1,0.01,0.04,3.692,15,10.000,65535.000,255,0.001620,0.000080,95,75,100,65535,1,1855,-1.04,-0.96,-0.04,0.03,-0.02,0.03,29.7,0,254,0,12,37.5,420,422,502
23/09/2019 09:55:41.410,84,16.6,-3276.8,1,0.02,0.09,3.698,16,9.000,65535.000,255,0.001540,0.000160,96,75,100,65535,1,1856,-1.03,-0.95,-0.10,0.04,-0.09,0.04,29.7,0,254,0,12,37.5,407,414,483
23/09/2019 09:55:42.410,88,16.7,-3276.8,1,0.04,0.13,3.708,18,10.000,65535.000,255,0.001540,0.000180,96,75,100,65535,1,1857,-1.04,-0.91,-0.15,0.06,-0.13,0.09,29.7,0,254,-8,12,37.5,403,401,478
23/09/2019 09:55:43.410,92,16.7,-3276.8,2,0.03,0.06,3.720,20,10.000,65535.000,255,0.001460,0.000160,97,75,100,65535,1,1858,-1.04,-0.92,-0.08,0.01,-0.07,0.00,29.7,0,254,0,12,37.5,415,421,495
23/09/2019 09:55:44.410,95,16.7,-3276.8,2,0.01,0.03,3.730,21,11.000,65535.000,255,0.001460,0.000120,97,75,100,65535,1,1859,-1.03,-0.96,-0.07,0.01,-0.06,0.00,29.7,0,254,0,12,37.5,415,421,495
23/09/2019 09:55:45.410,97,16.7,-3276.8,2,0.01,0.04,3.740,23,10.000,65535.000,255,0.001480,0.000100,97,75,100,65535,1,1860,-1.03,-0.97,-0.04,0.02,-0.03,0.01,29.7,0,254,0,12,37.5,426,434,500
23/09/2019 09:55:46.410,95,16.9,-3276.8,2,0.01,0.03,3.750,25,9.000,65535.000,255,0.001480,0.000100,98,75,100,65535,1,1861,-1.03,-0.95,-0.07,0.01,-0.03,0.02,29.7,0,254,0,12,37.5,418,422,496
23/09/2019 09:55:47.410,93,16.9,-3276.8,2,0.02,0.06,3.758,26,9.000,65535.000,255,0.001520,0.000120,98,75,100,65535,1,1862,-1.03,-0.92,-0.07,0.03,-0.08,0.00,29.7,0,254,0,12,37.5,415,420,495
23/09/2019 09:55:48.410,93,17.0,-3276.8,2,0.03,0.08,3.759,26,9.000,65535.000,255,0.001520,0.000120,98,76,100,65535,1,1863,-1.03,-0.92,-0.09,0.06,-0.10,-0.01,29.7,0,254,0,12,37.5,415,420,495
23/09/2019 09:55:49.410,90,17.0,-3276.8,2,0.02,0.09,3.759,26,9.000,65535.000,255,0.001480,0.000160,99,76,100,65535,1,1864,-1.02,-0.93,-0.10,0.01,-0.14,0.02,29.7,0,215,-7,12,37.5,416,420,494
23/09/2019 09:55:50.410,88,16.9,-3276.8,2,0.03,0.06,3.759,26,9.000,65535.000,255,0.001480,0.000140,99,76,100,65535,1,1865,-1.02,-0.93,-0.08,0.02,-0.08,0.00,29.7,0,254,0,12,37.5,414,419,494
23/09/2019 09:55:51.410,90,16.9,-3276.8,2,0.03,0.08,3.759,26,9.000,65535.000,255,0.001580,0.000220,99,76,100,65535,1,1866,-1.04,-0.89,-0.10,0.06,-0.12,0.00,29.7,0,254,0,12,37.5,415,420,495
23/09/2019 09:55:52.410,92,16.9,-3276.8,3,0.04,0.09,3.759,26,9.000,65535.000,255,0.001580,0.000360,99,76,100,65535,1,1867,-1.04,-0.95,-0.14,0.04,-0.08,0.07,29.7,0,254,0,12,37.5,414,419,494
23/09/2019 09:55:53.410,93,16.9,-3276.8,2,0.05,0.16,3.759,26,9.000,65535.000,255,0.001760,0.000380,99,76,100,65535,1,1868,-1.06,-0.91,-0.13,0.06,-0.15,0.13,29.7,0,254,0,12,37.5,414,420,494
23/09/2019 09:55:54.410,92,17.0,-3276.8,2,0.05,0.13,3.759,26,12.000,65535.000,255,0.001760,0.000280,99,76,100,65535,1,1869,-1.04,-0.91,-0.09,0.01,-0.22,0.02,29.7,0,254,0,12,37.5,415,419,494
23/09/2019 09:55:55.410,92,17.0,-3276.8,3,0.02,0.03,3.759,26,12.000,65535.000,255,0.001680,0.000200,99,76,100,65535,1,1870,-1.03,-0.95,-0.08,0.00,-0.06,-0.01,29.7,0,254,0,12,37.5,414,420,494
23/09/2019 09:55:56.410,93,17.1,-3276.8,3,0.01,0.03,3.760,26,12.000,65535.000,255,0.001680,0.000160,99,76,100,65535,1,1871,-1.03,-0.96,-0.08,0.00,-0.04,0.00,29.7,0,254,0,12,37.5,414,420,494
23/09/2019 09:55:57.410,93,17.1,-3276.8,3,0.01,0.03,3.760,26,10.000,65535.000,255,0.001540,0.000120,100,75,100,65535,1,1872,-1.03,-0.95,-0.08,0.00,-0.06,0.00,29.7,0,254,0,12,37.5,414,420,495
23/09/2019 09:55:58.410,90,17.2,-3276.8,3,0.01,0.03,3.761,26,9.000,65535.000,255,0.001540,0.000100,100,75,100,65535,1,1873,-1.03,-0.97,-0.07,0.00,-0.04,0.00,29.7,0,254,0,12,37.5,415,420,494
23/09/2019 09:55:59.410,87,17.2,-3276.8,3,0.01,0.03,3.762,27,8.000,65535.000,255,0.001540,0.000080,100,75,100,65535,1,1874,-1.03,-0.97,-0.07,-0.01,-0.04,0.00,29.7,0,254,0,12,37.5,415,419,494
23/09/2019 09:56:00.410,86,17.3,-3276.8,3,0.01,0.04,3.762,27,7.000,65535.000,255,0.001540,0.000080,100,75,100,65535,1,1875,-1.03,-0.95,-0.08,0.00,-0.04,0.01,29.7,0,0,0,12,37.5,414,421,495
23/09/2019 09:56:01.410,87,17.3,-3276.8,3,0.01,0.03,3.762,27,7.000,65535.000,255,0.001600,0.000060,100,75,100,65535,1,1876,-1.03,-0.96,-0.07,0.00,-0.06,0.00,29.7,0,254,-3,12,37.5,415,419,495
23/09/2019 09:56:02.410,88,15.5,-3276.8,3,0.01,0.03,3.762,27,7.000,65535.000,255,0.001600,0.000080,100,75,100,65535,1,1877,-1.04,-0.96,-0.07,0.00,-0.07,0.00,29.7,0,254,0,12,37.5,414,419,494
23/09/2019 09:56:03.410,87,15.5,-3276.8,3,0.02,0.08,3.762,27,10.000,65535.000,255,0.001660,0.000080,100,75,100,65535,1,1878,-1.04,-0.91,-0.10,0.01,-0.06,0.00,29.7,0,254,0,12,37.5,420,424,500
23/09/2019 09:56:04.410,90,14.3,-3276.8,3,0.04,0.19,3.762,27,19.000,65535.000,255,0.001660,0.000620,98,75,100,65535,1,1879,-1.04,-0.89,-0.10,0.06,-0.22,0.10,29.7,0,254,0,12,37.5,417,411,482
23/09/2019 09:56:05.410,90,14.3,-3276.8,3,0.03,0.04,3.762,27,17.000,65535.000,255,0.001520,0.000420,92,76,100,65535,1,1880,-1.04,-0.96,-0.09,0.00,-0.07,0.01,29.7,0,254,0,12,37.5,403,403,475
23/09/2019 09:56:06.410,91,13.5,-3276.8,3,0.01,0.06,3.762,27,21.000,65535.000,255,0.001520,0.000280,92,76,100,65535,1,1881,-1.04,-0.96,-0.07,0.02,-0.04,0.01,29.7,0,254,0,12,37.5,414,420,495
23/09/2019 09:56:07.410,93,13.5,-3276.8,3,0.01,0.06,3.762,27,20.000,65535.000,255,0.001380,0.000200,93,75,100,65535,1,1882,-1.04,-0.96,-0.07,0.02,-0.04,0.01,29.7,0,254,0,12,37.5,415,421,494
23/09/2019 09:56:08.410,91,12.8,-3276.8,3,0.02,0.04,3.762,27,18.000,65535.000,255,0.001380,0.000140,94,75,100,65535,1,1883,-1.04,-0.95,-0.08,0.00,-0.04,0.01,29.7,0,254,0,12,37.5,427,423,496
23/09/2019 09:56:09.410,88,12.8,-3276.8,2,0.01,0.04,3.762,27,17.000,65535.000,255,0.001300,0.000120,95,74,100,65535,1,1884,-1.04,-0.96,-0.09,-0.01,-0.03,0.02,29.7,0,254,0,12,37.5,418,428,499
23/09/2019 09:56:10.410,90,12.4,-3276.8,2,0.01,0.04,3.762,27,15.000,65535.000,255,0.001300,0.000100,96,74,100,65535,1,1885,-1.03,-0.95,-0.07,-0.02,-0.03,0.01,29.7,0,254,0,12,37.5,415,423,494
23/09/2019 09:56:11.410,95,12.4,-3276.8,3,0.02,0.03,3.762,27,14.000,65535.000,255,0.001220,0.000160,96,74,100,65535,1,1886,-1.03,-0.96,-0.08,0.00,-0.04,0.00,29.7,0,254,0,12,37.5,414,419,496
23/09/2019 09:56:12.410,94,11.9,-3276.8,3,0.02,0.06,3.762,27,18.000,65535.000,255,0.001220,0.000140,97,74,100,65535,1,1887,-1.04,-0.95,-0.09,0.00,-0.09,0.00,29.7,0,254,0,12,37.5,414,420,495
23/09/2019 09:56:13.410,95,11.9,-3276.8,3,0.02,0.07,3.762,27,17.000,65535.000,255,0.001480,0.000120,97,74,100,65535,1,1888,-1.03,-0.95,-0.07,0.01,-0.06,0.04,29.7,0,254,0,12,37.5,414,419,495
23/09/2019 09:56:14.410,95,11.6,-3276.8,3,0.02,0.06,3.762,27,17.000,65535.000,255,0.001480,0.000120,97,75,100,65535,1,1889,-1.03,-0.95,-0.10,0.00,-0.06,0.01,29.7,0,254,0,12,37.5,415,419,494
23/09/2019 09:56:15.410,98,11.6,-3276.8,3,0.01,0.04,3.762,27,19.000,65535.000,255,0.001460,0.000100,98,75,100,65535,1,1890,-1.04,-0.95,-0.09,-0.01,-0.04,0.02,29.7,0,254,0,12,37.5,414,420,494
23/09/2019 09:56:16.410,97,11.3,-3276.8,3,0.01,0.03,3.762,27,18.000,65535.000,255,0.001460,0.000100,98,75,100,65535,1,1891,-1.03,-0.96,-0.08,-0.02,-0.04,0.01,29.7,0,254,0,12,37.5,414,419,494
23/09/2019 09:56:17.410,93,11.3,-3276.8,3,0.01,0.03,3.762,27,16.000,65535.000,255,0.001540,0.000100,98,75,100,65535,1,1892,-1.03,-0.96,-0.08,-0.01,-0.04,0.01,29.7,0,254,0,12,37.5,414,420,495
23/09/2019 09:56:18.410,90,10.8,-3276.8,3,0.01,0.03,3.762,27,15.000,65535.000,255,0.001540,0.000080,99,75,100,65535,1,1893,-1.03,-0.95,-0.08,0.00,-0.02,0.01,29.7,0,254,0,12,37.5,415,419,495
23/09/2019 09:56:19.410,87,10.8,-3276.8,3,0.02,0.04,3.762,27,14.000,65535.000,255,0.001520,0.000100,99,75,100,65535,1,1894,-1.03,-0.96,-0.09,0.00,-0.03,0.01,29.7,0,254,0,12,37.5,415,419,495
23/09/2019 09:56:20.410,85,10.9,-3276.8,3,0.02,0.04,3.762,27,16.000,65535.000,255,0.001520,0.000240,99,75,100,65535,1,1895,-1.04,-0.95,-0.09,0.00,-0.03,0.02,29.7,0,254,0,12,37.5,416,420,495
23/09/2019 09:56:21.410,84,10.9,-3276.8,3,0.02,0.07,3.762,27,15.000,65535.000,255,0.001640,0.000220,99,75,100,65535,1,1896,-1.04,-0.95,-0.12,0.00,-0.04,0.03,29.7,0,254,0,12,37.5,417,420,495
23/09/2019 09:56:22.410,84,11.0,-3276.8,-3,0.02,0.06,3.762,27,15.000,65535.000,255,0.001640,0.000160,99,75,100,65535,1,1897,-1.03,-0.95,-0.10,-0.01,-0.02,0.03,29.7,0,254,0,12,37.5,415,421,495
23/09/2019 09:56:23.410,85,11.0,-3276.8,-3,0.02,0.07,3.762,27,13.000,65535.000,255,0.001460,0.000160,99,75,100,65535,1,1898,-1.03,-0.93,-0.09,-0.01,-0.02,0.08,29.7,0,254,0,12,37.5,414,421,495
23/09/2019 09:56:24.410,85,11.4,-3276.8,3,0.02,0.04,3.763,27,13.000,65535.000,255,0.001460,0.000140,99,75,100,65535,1,1899,-1.04,-0.96,-0.10,-0.02,-0.03,0.04,29.7,0,254,0,12,37.5,415,422,495
23/09/2019 09:56:25.410,82,11.4,-3276.8,3,0.02,0.03,3.763,27,13.000,65535.000,255,0.001420,0.000120,99,75,100,65535,1,1900,-1.03,-0.95,-0.10,-0.01,-0.03,0.01,29.7,0,254,0,12,37.5,415,421,495
23/09/2019 09:56:26.410,80,11.8,-3276.8,3,0.02,0.04,3.763,27,12.000,65535.000,255,0.001420,0.000100,100,75,100,65535,1,1901,-1.03,-0.96,-0.08,0.00,-0.03,0.01,29.7,0,254,0,12,37.5,415,420,495
23/09/2019 09:56:27.410,81,11.8,-3276.8,3,0.01,0.04,3.763,27,13.000,65535.000,255,0.001600,0.000100,100,75,100,65535,1,1902,-1.04,-0.95,-0.08,-0.01,-0.03,0.00,29.7,0,254,0,12,37.5,415,421,495
23/09/2019 09:56:28.410,83,12.1,-3276.8,3,0.02,0.04,3.763,27,13.000,65535.000,255,0.001600,0.000100,100,75,100,65535,1,1903,-1.03,-0.95,-0.08,-0.01,-0.03,0.04,29.7,0,254,0,12,37.5,422,416,476
23/09/2019 09:56:29.410,87,12.1,-3276.8,3,0.02,0.06,3.763,27,12.000,65535.000,255,0.001560,0.000120,100,75,100,65535,1,1904,-1.03,-0.95,-0.08,-0.01,-0.04,0.04,29.7,0,254,0,12,37.5,403,410,468
23/09/2019 09:56:30.410,88,13.0,-3276.8,3,0.02,0.04,3.763,27,12.000,65535.000,255,0.001560,0.000120,100,74,100,65535,1,1905,-1.03,-0.96,-0.08,0.00,-0.06,0.01,29.7,0,254,0,12,37.5,415,399,488
23/09/2019 09:56:31.410,88,13.0,-3276.8,3,0.01,0.04,3.764,27,14.000,65535.000,255,0.001480,0.000100,100,74,100,65535,1,1906,-1.04,-0.96,-0.09,-0.01,-0.06,0.00,29.7,0,254,0,12,37.5,414,420,496
23/09/2019 09:56:32.410,87,13.8,-3276.8,3,0.01,0.03,3.764,27,12.000,65535.000,255,0.001480,0.000100,100,73,100,65535,1,1907,-1.03,-0.96,-0.08,-0.01,-0.04,0.01,29.7,0,254,0,12,37.5,414,420,495
23/09/2019 09:56:33.410,85,13.8,-3276.8,3,0.01,0.04,3.764,27,11.000,65535.000,255,0.001360,0.000080,100,72,100,65535,1,1908,-1.03,-0.97,-0.09,0.00,-0.04,0.01,29.7,0,254,0,12,37.5,420,428,500
23/09/2019 09:56:34.410,83,14.5,-3276.8,2,0.01,0.04,3.764,27,12.000,65535.000,255,0.001360,0.000080,100,71,100,65535,1,1909,-1.03,-0.96,-0.07,0.01,-0.03,0.01,29.7,0,254,0,12,37.5,417,422,495
23/09/2019 09:56:35.410,82,14.5,-3276.8,3,0.01,0.03,3.764,27,11.000,65535.000,255,0.001340,0.000080,100,71,100,65535,1,1910,-1.03,-0.96,-0.08,-0.01,-0.04,0.00,29.7,0,254,0,12,37.5,416,421,495
23/09/2019 09:56:36.410,80,15.4,-3276.8,2,0.01,0.04,3.758,26,11.000,65535.000,255,0.001340,0.000080,100,70,100,65535,1,1911,-1.04,-0.95,-0.08,0.00,-0.04,0.01,29.7,0,254,0,12,37.5,415,420,495
23/09/2019 09:56:37.410,82,15.4,-3276.8,2,0.03,0.08,3.748,24,15.000,65535.000,255,0.001440,0.000100,100,69,100,65535,1,1912,-1.06,-0.95,-0.09,0.01,-0.09,0.04,29.7,0,254,0,12,37.5,416,420,495
23/09/2019 09:56:38.410,85,16.0,-3276.8,3,0.04,0.12,3.731,21,15.000,65535.000,255,0.001440,0.000120,100,69,100,65535,1,1913,-1.04,-0.95,-0.12,0.02,-0.16,0.01,29.7,0,254,0,12,37.5,416,421,495
23/09/2019 09:56:39.410,89,16.0,-3276.8,2,0.03,0.09,3.703,17,17.000,65535.000,255,0.001500,0.000120,100,68,100,65535,1,1914,-1.04,-0.93,-0.09,0.02,-0.12,0.08,29.7,0,254,0,12,37.5,415,421,494
23/09/2019 09:56:40.410,94,16.5,-3276.8,2,0.02,0.07,3.683,13,16.000,65535.000,255,0.001500,0.000120,100,68,100,65535,1,1915,-1.04,-0.93,-0.06,0.03,-0.06,0.03,29.7,0,254,0,12,37.5,416,421,496
23/09/2019 09:56:41.410,96,16.5,-3276.8,2,0.02,0.04,3.682,13,15.000,65535.000,255,0.001440,0.000120,100,67,100,65535,1,1916,-1.04,-0.93,-0.04,0.02,-0.06,0.01,29.7,0,254,0,12,37.5,416,420,495
23/09/2019 09:56:42.410,93,17.1,-3276.8,2,0.03,0.10,3.697,16,13.000,65535.000,255,0.001440,0.000120,100,66,100,65535,1,1917,-1.04,-0.91,-0.08,0.02,-0.12,0.10,29.7,0,254,0,12,37.5,415,420,495
23/09/2019 09:56:43.410,89,17.1,-3276.8,2,0.02,0.06,3.714,19,12.000,65535.000,255,0.001400,0.000100,100,66,100,65535,1,1918,-1.04,-0.93,-0.08,0.01,-0.07,0.01,29.7,0,254,0,12,37.5,414,420,495
23/09/2019 09:56:44.410,89,17.6,-3276.8,2,0.02,0.13,3.725,20,12.000,65535.000,255,0.001400,0.000100,100,65,100,65535,1,1919,-1.03,-0.95,-0.07,0.01,-0.22,-0.01,29.7,0,254,0,12,37.5,415,421,495
23/09/2019 09:56:45.410,89,17.6,-3276.8,2,0.01,0.03,3.735,22,12.000,65535.000,255,0.001460,0.000100,100,65,100,65535,1,1920,-1.03,-0.95,-0.07,0.00,-0.04,0.00,29.7,0,254,0,12,37.5,415,419,494
23/09/2019 09:56:46.410,88,18.2,-3276.8,2,0.01,0.03,3.745,24,10.000,65535.000,255,0.001460,0.000100,100,65,100,65535,1,1921,-1.02,-0.96,-0.06,0.02,-0.06,0.00,29.7,0,254,0,12,37.5,414,420,495
23/09/2019 09:56:47.410,89,18.2,-3276.8,2,0.01,0.03,3.755,25,10.000,65535.000,255,0.001500,0.000100,100,64,100,65535,1,1922,-1.03,-0.95,-0.07,0.01,-0.04,0.00,29.7,0,254,0,12,37.5,414,420,495
23/09/2019 09:56:48.410,90,18.6,-3276.8,2,0.01,0.03,3.759,26,10.000,65535.000,255,0.001500,0.000100,100,64,100,65535,1,1923,-1.03,-0.95,-0.06,0.01,-0.04,0.00,29.7,0,254,0,12,37.5,414,420,494
23/09/2019 09:56:49.410,90,18.6,-3276.8,2,0.02,0.06,3.759,26,11.000,65535.000,255,0.001480,0.000120,100,64,100,65535,1,1924,-1.02,-0.93,-0.07,0.02,-0.04,0.01,29.7,0,254,0,12,37.5,413,420,493
23/09/2019 09:56:50.410,90,19.1,-3276.8,2,0.02,0.06,3.760,26,10.000,65535.000,255,0.001480,0.000100,100,64,100,65535,1,1925,-1.03,-0.96,-0.08,0.01,-0.03,0.04,29.7,0,254,0,12,37.5,414,419,494
23/09/2019 09:56:51.410,92,19.1,-3276.8,3,0.02,0.06,3.760,26,11.000,65535.000,255,0.001440,0.000100,100,64,100,65535,1,1926,-1.03,-0.96,-0.10,-0.01,-0.04,0.01,29.7,0,254,0,12,37.5,415,419,495
23/09/2019 09:56:52.410,91,19.6,-3276.8,2,0.01,0.04,3.761,26,10.000,65535.000,255,0.001440,0.000100,100,63,100,65535,1,1927,-1.03,-0.95,-0.08,0.00,-0.04,0.02,29.7,0,254,0,12,37.5,423,414,511
23/09/2019 09:56:53.410,91,19.6,-3276.8,2,0.03,0.08,3.762,27,18.000,65535.000,255,0.001480,0.000280,100,63,100,65535,1,1928,-1.06,-0.92,-0.10,0.01,-0.10,0.06,29.7,0,254,0,12,37.5,411,411,487
23/09/2019 09:56:54.410,90,17.9,-3276.8,2,0.03,0.07,3.762,27,21.000,65535.000,255,0.001480,0.000280,100,63,100,65535,1,1929,-1.04,-0.92,-0.09,0.00,-0.08,0.04,29.7,0,254,0,12,37.5,395,403,483
23/09/2019 09:56:55.410,90,17.9,-3276.8,2,0.03,0.09,3.762,27,32.000,65535.000,255,0.001480,0.000220,100,62,100,65535,1,1930,-1.04,-0.92,-0.09,0.02,-0.07,0.07,29.7,0,254,0,12,37.5,416,420,495
23/09/2019 09:56:56.410,91,16.5,-3276.8,2,0.02,0.09,3.762,27,32.000,65535.000,255,0.001480,0.000180,100,62,100,65535,1,1931,-1.04,-0.95,-0.08,0.02,-0.06,0.08,29.7,0,254,0,12,37.5,416,420,495
23/09/2019 09:56:57.410,92,16.5,-3276.8,2,0.03,0.08,3.762,27,29.000,65535.000,255,0.001420,0.000160,100,62,100,65535,1,1932,-1.04,-0.93,-0.08,0.03,-0.06,0.06,29.7,0,254,0,12,37.5,417,429,496
23/09/2019 09:56:58.410,93,15.1,-3276.8,2,0.02,0.06,3.762,27,26.000,65535.000,255,0.001420,0.000140,100,62,100,65535,1,1933,-1.04,-0.93,-0.09,0.01,-0.04,0.04,29.7,0,254,0,12,37.5,423,428,503
23/09/2019 09:56:59.410,92,15.1,-3276.8,1,0.02,0.06,3.762,27,23.000,65535.000,255,0.001460,0.000140,100,62,100,65535,1,1934,-1.03,-0.93,-0.06,0.03,-0.03,0.04,29.7,0,254,0,12,37.5,415,422,496
23/09/2019 09:57:00.410,93,14.0,-3276.8,1,0.02,0.06,3.762,27,22.000,65535.000,255,0.001460,0.000140,100,62,100,65535,1,1935,-1.03,-0.92,-0.04,0.03,-0.02,0.06,29.7,0,254,0,12,37.5,415,421,496
23/09/2019 09:57:01.410,91,14.0,-3276.8,1,0.03,0.13,3.763,27,21.000,65535.000,255,0.001540,0.000160,100,61,100,65535,1,1936,-1.04,-0.93,-0.10,0.04,-0.15,0.03,29.7,0,254,0,12,37.5,414,420,495
23/09/2019 09:57:02.410,90,13.1,-3276.8,2,0.02,0.06,3.763,27,20.000,65535.000,255,0.001540,0.000140,100,61,100,65535,1,1937,-1.06,-0.92,-0.06,0.01,-0.06,0.01,29.7,0,254,0,12,37.5,415,420,495
23/09/2019 09:57:03.410,90,13.1,-3276.8,2,0.04,0.12,3.763,27,21.000,65535.000,255,0.001420,0.000520,100,61,100,65535,1,1938,-1.06,-0.91,-0.09,0.07,-0.16,0.01,29.7,0,254,0,12,37.5,416,421,495
23/09/2019 09:57:04.410,90,12.4,-3276.8,3,0.05,0.13,3.763,27,24.000,65535.000,255,0.001420,0.000540,92,61,100,65535,1,1939,-1.04,-0.90,-0.14,0.04,-0.18,0.03,29.7,0,254,0,12,37.5,415,420,495
23/09/2019 09:57:05.410,89,12.4,-3276.8,3,0.02,0.10,3.763,27,22.000,65535.000,255,0.001340,0.000360,86,61,100,65535,1,1940,-1.04,-0.90,-0.14,0.01,-0.09,0.00,29.7,0,254,0,12,37.5,415,421,496
23/09/2019 09:57:06.410,89,11.9,-3276.8,3,0.01,0.03,3.763,27,24.000,65535.000,255,0.001340,0.000280,86,61,100,65535,1,1941,-1.02,-0.95,-0.08,0.00,-0.07,-0.01,29.7,0,254,0,12,37.5,415,421,494
23/09/2019 09:57:07.410,90,11.9,-3276.8,3,0.02,0.08,3.763,27,23.000,65535.000,255,0.001240,0.000220,88,60,100,65535,1,1942,-1.04,-0.95,-0.12,0.02,-0.06,0.03,29.7,0,254,0,12,37.5,416,421,495
23/09/2019 09:57:08.410,93,11.5,-3276.8,3,0.04,0.09,3.763,27,21.000,65535.000,255,0.001240,0.000200,90,60,100,65535,1,1943,-1.04,-0.89,-0.13,0.04,-0.10,0.04,29.7,0,254,0,12,37.5,415,420,495
23/09/2019 09:57:09.410,97,11.5,-3276.8,2,0.03,0.13,3.763,27,20.000,65535.000,255,0.001160,0.000180,91,60,100,65535,1,1944,-1.04,-0.92,-0.10,0.02,-0.07,0.12,29.7,0,254,0,12,37.5,415,420,495
23/09/2019 09:57:10.410,100,11.2,-3276.8,-2,0.07,0.13,3.763,27,19.000,65535.000,255,0.001160,0.000180,92,60,100,65535,1,1945,-1.03,-0.95,-0.08,0.00,-0.02,0.13,29.7,0,254,0,12,37.5,415,420,495
23/09/2019 09:57:11.410,104,11.2,-3276.8,-3,0.04,0.12,3.763,27,17.000,65535.000,255,0.001120,0.000160,93,60,100,65535,1,1946,-1.02,-0.95,-0.08,0.00,-0.02,0.14,29.7,0,254,0,12,37.5,415,421,495
23/09/2019 09:57:12.410,105,11.0,-3276.8,-3,0.06,0.12,3.763,27,16.000,65535.000,255,0.001120,0.000180,94,60,100,65535,1,1947,-1.04,-0.91,-0.09,0.07,-0.04,0.15,29.7,0,254,0,12,37.5,415,420,495
23/09/2019 09:57:13.410,105,11.0,-3276.8,-2,0.03,0.08,3.763,27,14.000,65535.000,255,0.001420,0.000180,95,60,100,65535,1,1948,-1.02,-0.96,-0.04,0.03,-0.02,0.08,29.7,0,254,0,12,37.5,414,420,494
23/09/2019 09:57:14.410,105,10.8,-3276.8,-1,0.04,0.09,3.763,27,13.000,65535.000,255,0.001420,0.000160,95,61,100,65535,1,1949,-1.07,-0.89,-0.04,0.08,-0.04,0.12,29.7,0,254,0,12,37.5,414,420,493
23/09/2019 09:57:15.410,104,10.8,-3276.8,-1,0.02,0.07,3.763,27,11.000,65535.000,255,0.001480,0.000140,96,61,100,65535,1,1950,-1.03,-0.95,-0.03,0.04,-0.02,0.08,29.7,0,254,0,12,37.5,414,419,494
23/09/2019 09:57:16.410,101,10.6,-3276.8,-1,0.02,0.04,3.763,27,10.000,65535.000,255,0.001480,0.000140,97,61,100,65535,1,1951,-1.02,-0.93,-0.02,0.07,-0.02,0.06,29.7,0,254,0,12,37.5,414,419,495
23/09/2019 09:57:17.410,98,10.6,-3276.8,-1,0.04,0.13,3.763,27,11.000,65535.000,255,0.001500,0.000140,97,60,100,65535,1,1952,-1.04,-0.90,-0.04,0.07,-0.02,0.15,29.7,0,254,0,12,37.5,414,419,495
23/09/2019 09:57:18.410,92,10.4,-3276.8,-2,0.05,0.09,3.763,27,11.000,65535.000,255,0.001500,0.000140,97,60,100,65535,1,1953,-1.04,-0.92,-0.03,0.07,-0.06,0.14,29.7,0,254,0,12,37.5,415,420,495
23/09/2019 09:57:19.410,87,10.4,-3276.8,-2,0.05,0.10,3.764,27,13.000,65535.000,255,0.001620,0.000280,98,60,100,65535,1,1954,-1.04,-0.89,-0.04,0.09,-0.03,0.15,29.7,0,254,0,12,37.5,421,415,495
23/09/2019 09:57:20.410,87,10.2,-3276.8,-1,0.03,0.06,3.764,27,17.000,65535.000,255,0.001620,0.000240,98,60,100,65535,1,1955,-1.03,-0.92,-0.02,0.07,-0.02,0.04,29.7,0,254,0,12,37.5,412,412,490
23/09/2019 09:57:21.410,90,10.2,-3276.8,-1,0.02,0.04,3.764,27,16.000,65535.000,255,0.001080,0.000180,98,60,100,65535,1,1956,-1.03,-0.95,-0.02,0.07,-0.02,0.06,29.7,0,254,0,12,37.5,407,405,483
23/09/2019 09:57:22.410,94,10.0,-3276.8,-1,0.02,0.04,3.764,27,16.000,65535.000,255,0.001080,0.000180,98,60,100,65535,1,1957,-1.03,-0.95,-0.02,0.07,-0.03,0.07,29.7,0,254,0,12,37.5,415,421,494
23/09/2019 09:57:23.410,99,10.0,-3276.8,-1,0.04,0.13,3.764,27,20.000,65535.000,255,0.001260,0.000160,99,60,100,65535,1,1958,-1.03,-0.92,-0.02,0.08,-0.07,0.14,29.7,0,254,0,12,37.5,415,421,495
23/09/2019 09:57:24.410,101,9.8,-3276.8,-1,0.02,0.07,3.764,27,19.000,65535.000,255,0.001260,0.000160,99,60,100,65535,1,1959,-1.02,-0.93,-0.02,0.07,-0.03,0.08,29.7,0,254,0,12,37.5,423,431,499
23/09/2019 09:57:25.410,97,9.8,-3276.8,-1,0.03,0.13,3.764,27,17.000,65535.000,255,0.001260,0.000180,99,60,100,65535,1,1960,-1.03,-0.92,-0.01,0.08,-0.02,0.15,29.7,0,254,0,12,37.5,418,424,498
23/09/2019 09:57:26.410,94,9.6,-3276.8,-2,0.04,0.09,3.764,27,15.000,65535.000,255,0.001260,0.000160,99,60,100,65535,1,1961,-1.03,-0.91,0.00,0.09,-0.04,0.13,29.7,0,254,0,12,37.5,414,419,495
23/09/2019 09:57:27.410,94,9.6,-3276.8,-2,0.04,0.12,3.764,27,13.000,65535.000,255,0.001260,0.000180,99,60,100,65535,1,1962,-1.04,-0.91,-0.01,0.08,-0.09,0.16,29.7,0,254,0,12,37.5,415,420,495
23/09/2019 09:57:28.410,98,9.5,-3276.8,-2,0.03,0.07,3.764,27,13.000,65535.000,255,0.001260,0.000220,99,60,100,65535,1,1963,-1.02,-0.91,0.00,0.08,-0.03,0.09,29.7,0,254,-1,12,37.5,414,420,495
23/09/2019 09:57:29.410,101,9.5,-3276.8,2,0.07,0.21,3.764,27,17.000,65535.000,255,0.001220,0.000540,92,60,100,65535,1,1964,-1.09,-0.87,-0.06,0.13,-0.22,0.13,29.7,0,254,-7,12,37.5,414,419,494
23/09/2019 09:57:30.410,104,9.4,-3276.8,-3,0.08,0.16,3.764,27,22.000,65535.000,255,0.001220,0.000540,81,60,100,65535,1,1965,-1.10,-0.86,0.00,0.15,-0.19,0.14,29.7,0,254,0,12,37.5,415,420,495
23/09/2019 09:57:31.410,104,9.4,-3276.8,-2,0.04,0.10,3.764,27,23.000,65535.000,255,0.001180,0.000440,73,60,100,65535,1,1966,-1.04,-0.91,-0.01,0.08,-0.10,0.13,29.7,0,254,0,12,37.5,414,419,494
23/09/2019 09:57:32.410,106,9.4,-3276.8,-2,0.03,0.06,3.764,27,27.000,65535.000,255,0.001180,0.000360,70,60,100,65535,1,1967,-1.03,-0.93,0.00,0.08,-0.03,0.02,29.7,0,254,0,12,37.5,415,420,495
23/09/2019 09:57:33.410,107,9.4,-3276.8,1,0.02,0.06,3.764,27,28.000,65535.000,255,0.001140,0.000260,70,61,100,65535,1,1968,-1.02,-0.93,0.00,0.07,-0.04,0.06,29.7,0,254,0,12,37.5,414,420,495
23/09/2019 09:57:34.410,104,9.3,-3276.8,1,0.03,0.09,3.764,27,28.000,65535.000,255,0.001140,0.000220,73,61,100,65535,1,1969,-1.04,-0.90,-0.04,0.06,-0.08,0.01,29.7,0,254,0,12,37.5,415,419,494
23/09/2019 09:57:35.410,100,9.3,-3276.8,2,0.05,0.16,3.764,27,26.000,65535.000,255,0.001120,0.000520,67,61,100,65535,1,1970,-1.04,-0.89,-0.06,0.12,-0.20,0.08,29.7,0,254,0,12,37.5,415,420,494
23/09/2019 09:57:36.410,100,9.3,-3276.8,2,0.06,0.14,3.757,26,30.000,65535.000,255,0.001120,0.000480,62,61,100,65535,1,1971,-1.06,-0.90,-0.07,0.06,-0.18,0.13,29.7,0,254,0,12,37.5,415,420,494
23/09/2019 09:57:37.410,100,9.3,-3276.8,2,0.06,0.14,3.747,24,29.000,65535.000,255,0.001040,0.000340,59,61,100,65535,1,1972,-1.06,-0.91,-0.12,0.08,-0.18,0.06,29.7,0,254,0,12,37.5,415,420,495
23/09/2019 09:57:38.410,99,9.4,-3276.8,2,0.04,0.16,3.737,22,25.000,65535.000,255,0.001040,0.000280,59,61,100,65535,1,1973,-1.04,-0.92,-0.08,0.02,-0.09,0.13,29.7,0,254,0,12,37.5,414,420,494
23/09/2019 09:57:39.410,96,9.4,-3276.8,2,0.03,0.06,3.727,21,22.000,65535.000,255,0.001020,0.000220,62,61,100,65535,1,1974,-1.04,-0.95,-0.07,0.01,-0.04,0.02,29.7,0,254,0,12,37.5,415,420,496
23/09/2019 09:57:40.410,93,9.5,-3276.8,2,0.02,0.04,3.717,19,20.000,65535.000,255,0.001020,0.000200,67,60,100,65535,1,1975,-1.04,-0.96,-0.08,-0.01,-0.03,0.02,29.7,0,254,0,12,37.5,415,420,494
23/09/2019 09:57:41.410,91,9.5,-3276.8,3,0.02,0.06,3.707,17,19.000,65535.000,255,0.001060,0.000140,71,60,100,65535,1,1976,-1.04,-0.95,-0.09,0.00,-0.07,0.01,29.7,0,254,0,12,37.5,425,425,495
23/09/2019 09:57:42.410,87,9.6,-3276.8,3,0.02,0.06,3.697,16,17.000,65535.000,255,0.001060,0.000160,74,61,100,65535,1,1977,-1.04,-0.95,-0.07,0.01,-0.07,0.03,29.7,0,254,0,12,37.5,412,414,479
23/09/2019 09:57:43.410,82,9.6,-3276.8,2,0.02,0.04,3.692,15,15.000,65535.000,255,0.001660,0.000160,78,61,100,65535,1,1978,-1.04,-0.96,-0.08,0.00,-0.06,0.02,29.7,0,254,0,12,37.5,414,420,495
23/09/2019 09:57:44.410,80,9.7,-3276.8,2,0.04,0.13,3.701,16,14.000,65535.000,255,0.001660,0.000160,80,61,100,65535,1,1979,-1.04,-0.93,-0.08,0.02,-0.12,0.12,29.7,0,254,-1,12,37.5,415,419,494
23/09/2019 09:57:45.410,79,9.7,-3276.8,2,0.01,0.04,3.714,19,12.000,65535.000,255,0.001640,0.000160,83,62,100,65535,1,1980,-1.03,-0.95,-0.08,0.01,-0.04,0.02,29.7,0,254,-2,12,37.5,427,433,505
23/09/2019 09:57:46.410,79,9.7,-3276.8,2,0.02,0.04,3.724,20,11.000,65535.000,255,0.001640,0.000160,85,62,100,65535,1,1981,-1.04,-0.95,-0.08,0.02,-0.04,0.03,29.7,0,254,0,12,37.5,415,420,495
23/09/2019 09:57:47.410,80,9.7,-3276.8,2,0.02,0.13,3.734,22,11.000,65535.000,255,0.001600,0.000160,87,62,100,65535,1,1982,-1.04,-0.91,-0.10,-0.01,-0.04,0.08,29.7,0,254,0,12,37.5,413,419,495
23/09/2019 09:57:48.410,86,9.7,-3276.8,3,0.04,0.13,3.744,24,10.000,65535.000,255,0.001600,0.000200,89,61,100,65535,1,1983,-1.04,-0.91,-0.10,-0.01,-0.04,0.08,29.7,0,254,0,12,37.5,414,420,494
23/09/2019 09:57:49.410,87,9.7,-3276.8,3,0.03,0.10,3.754,25,11.000,65535.000,255,0.001640,0.000180,90,61,100,65535,1,1984,-1.06,-0.90,-0.09,0.06,-0.08,0.08,29.7,0,254,-5,12,37.5,415,420,495
23/09/2019 09:57:50.410,86,9.8,-3276.8,3,0.02,0.09,3.758,26,10.000,65535.000,255,0.001640,0.000280,91,61,100,65535,1,1985,-1.04,-0.93,-0.08,0.01,-0.10,0.00,29.7,0,254,0,12,37.5,415,419,495
23/09/2019 09:57:51.410,85,9.8,-3276.8,3,0.04,0.09,3.759,26,12.000,65535.000,255,0.001560,0.000300,90,61,100,65535,1,1986,-1.06,-0.90,-0.09,0.00,-0.14,0.00,29.7,0,254,0,12,37.5,415,420,495
23/09/2019 09:57:52.410,84,9.9,-3276.8,3,0.03,0.14,3.760,26,14.000,65535.000,255,0.001560,0.000240,91,61,100,65535,1,1987,-1.10,-0.87,-0.10,0.04,-0.16,0.07,29.7,0,254,-1,12,37.5,415,420,495
23/09/2019 09:57:53.410,84,9.9,-3276.8,3,0.02,0.06,3.760,26,12.000,65535.000,255,0.001500,0.000160,93,61,100,65535,1,1988,-1.04,-0.92,-0.07,0.01,-0.08,0.02,29.7,0,254,0,12,37.5,416,421,494
23/09/2019 09:57:54.410,83,10.0,-3276.8,3,0.04,0.09,3.760,26,12.000,65535.000,255,0.001500,0.000220,93,60,100,65535,1,1989,-1.04,-0.95,-0.08,0.00,-0.13,0.01,29.7,0,254,-1,12,37.5,415,421,495
23/09/2019 09:57:55.410,85,10.0,-3276.8,2,0.03,0.08,3.762,27,14.000,65535.000,255,0.001400,0.000200,94,60,100,65535,1,1990,-1.04,-0.93,-0.08,0.03,-0.03,0.06,29.7,0,254,-8,12,37.5,415,420,495
23/09/2019 09:57:56.410,89,10.1,-3276.8,3,0.02,0.06,3.762,27,17.000,65535.000,255,0.001400,0.000160,95,60,100,65535,1,1991,-1.04,-0.95,-0.10,-0.02,-0.03,0.06,29.7,0,254,0,12,37.5,416,421,494
23/09/2019 09:57:57.410,90,10.1,-3276.8,2,0.01,0.04,3.762,27,19.000,65535.000,255,0.001380,0.000180,96,60,100,65535,1,1992,-1.04,-0.93,-0.08,-0.01,-0.04,0.01,29.7,0,254,0,12,37.5,415,421,495
23/09/2019 09:57:58.410,90,10.2,-3276.8,3,0.02,0.04,3.762,27,24.000,65535.000,255,0.001380,0.000160,96,59,100,65535,1,1993,-1.03,-0.95,-0.09,0.00,-0.06,0.00,29.7,0,254,0,12,37.5,415,421,495
23/09/2019 09:57:59.410,93,10.2,-3276.8,3,0.01,0.04,3.762,27,24.000,65535.000,255,0.001600,0.000140,97,60,100,65535,1,1994,-1.03,-0.96,-0.08,-0.01,-0.07,-0.01,29.7,0,254,0,12,37.5,416,420,494
23/09/2019 09:58:00.410,94,10.3,-3276.8,3,0.01,0.03,3.762,27,23.000,65535.000,255,0.001600,0.000120,97,60,100,65535,1,1995,-1.03,-0.96,-0.09,-0.01,-0.04,0.01,29.7,0,254,0,12,37.5,415,421,494
23/09/2019 09:58:01.410,93,10.3,-3276.8,3,0.01,0.04,3.763,27,20.000,65535.000,255,0.001400,0.000100,97,59,100,65535,1,1996,-1.03,-0.97,-0.10,-0.01,-0.06,0.01,29.7,0,254,0,12,37.5,415,420,495
23/09/2019 09:58:02.410,90,10.7,-3276.8,3,0.01,0.03,3.763,27,17.000,65535.000,255,0.001400,0.000080,98,59,100,65535,1,1997,-1.03,-0.96,-0.08,-0.02,-0.04,0.00,29.7,0,254,0,12,37.5,401,425,490
23/09/2019 09:58:03.410,88,10.7,-3276.8,3,0.01,0.03,3.763,27,15.000,65535.000,255,0.001540,0.000080,98,59,100,65535,1,1998,-1.03,-0.95,-0.09,-0.01,-0.04,-0.01,29.7,0,254,0,12,37.5,405,401,473
23/09/2019 09:58:04.410,88,11.1,-3276.8,3,0.01,0.03,3.763,27,14.000,65535.000,255,0.001540,0.000140,98,59,100,65535,1,1999,-1.03,-0.96,-0.09,-0.01,-0.04,0.01,29.7,0,254,0,12,37.5,416,420,494
23/09/2019 09:58:05.410,90,11.1,-3276.8,3,0.05,0.10,3.763,27,23.000,65535.000,255,0.001480,0.000580,94,59,100,65535,1,2000,-1.04,-0.89,-0.14,0.02,-0.13,0.07,29.7,0,254,0,12,37.5,418,427,496
23/09/2019 09:58:06.410,90,10.3,-3276.8,4,0.04,0.15,3.763,27,27.000,65535.000,255,0.001480,0.000540,88,59,100,65535,1,2001,-1.06,-0.90,-0.12,0.04,-0.20,0.08,29.7,0,254,0,12,37.5,415,420,495
23/09/2019 09:58:07.410,91,10.3,-3276.8,4,0.05,0.15,3.763,27,25.000,65535.000,255,0.001480,0.000500,80,59,100,65535,1,2002,-1.08,-0.87,-0.13,0.04,-0.18,0.10,29.7,0,254,0,12,37.5,415,422,495
23/09/2019 09:58:08.410,91,9.6,-3276.8,4,0.04,0.08,3.763,27,23.000,65535.000,255,0.001480,0.000500,75,59,100,65535,1,2003,-1.03,-0.92,-0.10,0.00,-0.14,-0.01,29.7,0,254,0,12,37.5,415,420,495
23/09/2019 09:58:09.410,91,9.6,-3276.8,4,0.04,0.10,3.763,27,25.000,65535.000,255,0.001440,0.000720,68,59,100,65535,1,2004,-1.06,-0.93,-0.15,0.01,-0.12,0.04,29.7,0,254,0,12,37.5,416,421,496
23/09/2019 09:58:10.410,90,9.4,-3276.8,4,0.04,0.09,3.763,27,25.000,65535.000,255,0.001440,0.000900,63,59,100,65535,1,2005,-1.04,-0.93,-0.13,0.00,-0.10,0.07,29.7,0,254,0,12,37.5,416,421,496
23/09/2019 09:58:11.410,91,9.4,-3276.8,4,0.05,0.18,3.763,27,24.000,65535.000,255,0.001580,0.001120,56,59,100,65535,1,2006,-1.04,-0.92,-0.13,0.00,-0.15,0.16,29.7,0,254,0,12,37.5,416,421,495
23/09/2019 09:58:12.410,92,9.3,-3276.8,5,0.07,0.16,3.763,27,25.000,65535.000,255,0.001580,0.001300,49,59,100,65535,1,2007,-1.06,-0.91,-0.18,0.04,-0.20,0.09,29.7,0,254,0,12,37.5,416,421,495
23/09/2019 09:58:13.410,94,9.3,-3276.8,6,0.04,0.12,3.763,27,28.000,65535.000,255,0.001620,0.001880,43,59,100,65535,1,2008,-1.04,-0.93,-0.12,-0.01,-0.25,0.01,29.7,0,254,0,12,37.5,416,420,495
23/09/2019 09:58:14.410,95,9.3,-3276.8,4,0.14,0.21,3.763,27,63.000,65535.000,255,0.001620,0.002020,38,59,100,65535,1,2009,-1.07,-0.87,-0.21,-0.03,-0.19,0.18,29.7,0,254,0,12,37.5,415,421,495
23/09/2019 09:58:15.410,95,9.3,-3276.8,-6,0.31,0.45,3.763,27,140.000,65535.000,255,0.001860,0.005820,33,59,100,65535,1,2010,-1.37,-0.67,-0.15,0.27,-0.16,0.43,29.7,0,254,0,12,37.5,438,427,505
23/09/2019 09:58:16.410,95,9.4,-3276.8,-22,0.50,0.98,3.763,27,139.000,65535.000,255,0.001860,0.008400,29,59,0,65535,0,0,-1.21,-0.06,-0.25,1.04,0.02,0.91,29.7,19,254,0,12,37.5,415,421,495
23/09/2019 09:58:17.410,95,9.4,-3276.8,-43,0.50,1.12,3.763,27,168.000,65535.000,255,0.001860,0.003820,26,59,0,65535,0,0,-0.77,0.57,-0.02,0.73,0.43,0.96,29.7,19,254,0,12,37.5,412,417,494
23/09/2019 09:58:18.410,96,9.4,-3276.8,-57,0.35,0.66,3.763,27,185.000,65535.000,255,0.001860,0.001860,23,59,0,65535,0,0,-0.44,-0.08,0.43,0.69,0.40,0.78,29.7,19,254,0,12,37.5,416,420,495
23/09/2019 09:58:19.410,96,9.4,-3276.8,-64,0.18,0.39,3.763,27,373.000,65535.000,255,0.000520,0.000880,20,65535,0,65535,0,0,-0.30,-0.19,0.51,0.62,0.55,0.86,29.7,531,254,0,12,37.5,416,424,503
23/09/2019 09:58:20.410,96,9.4,-3276.8,-68,0.10,0.18,3.763,27,459.000,65535.000,255,0.000520,0.000540,17,65535,0,65535,0,0,-0.27,-0.21,0.55,0.63,0.54,0.61,29.7,531,254,0,12,37.5,430,434,486
